match_id,home_team,away_team,stadium,home_passes_attempted,away_passes_attempted,home_passing_accuracy,away_passing_accuracy,home_fouls,away_fouls,home_yellow_cards,away_yellow_cards,home_red_cards,away_red_cards,home_shots,away_shots,home_shots_on_target,away_shots_on_target,home_possession,away_possession,home_xg,away_xg,home_goals,away_goals,home_passes_completed,away_passes_completed,home_second_yellow_red_cards,away_second_yellow_red_cards,home_fouls_suffered,away_fouls_suffered,home_shots_faced,away_shots_faced,home_ball_control_phases,away_ball_control_phases,xg_source,passing_accuracy_difference,shots_difference,shots_on_target_difference,possession_difference,xg_difference,passes_difference,fouls_difference,yellow_cards_difference,red_cards_difference,match_date,stadium_id,away_us_aqi_avg,home_us_aqi_avg,away_us_aqi_max,home_us_aqi_max,away_us_aqi_min,home_us_aqi_min,away_us_aqi_sd,home_us_aqi_sd,away_us_aqi_avg_dmax,home_us_aqi_avg_dmax,away_eu_aqi_avg,home_eu_aqi_avg,away_eu_aqi_max,home_eu_aqi_max,away_eu_aqi_min,home_eu_aqi_min,away_eu_aqi_sd,home_eu_aqi_sd,away_eu_aqi_avg_dmax,home_eu_aqi_avg_dmax,away_pm25_avg,home_pm25_avg,away_pm25_max,home_pm25_max,away_pm25_min,home_pm25_min,away_pm25_sd,home_pm25_sd,away_pm25_avg_dmax,home_pm25_avg_dmax,away_pm10_avg,home_pm10_avg,away_pm10_max,home_pm10_max,away_pm10_min,home_pm10_min,away_pm10_sd,home_pm10_sd,away_pm10_avg_dmax,home_pm10_avg_dmax,away_no2_avg,home_no2_avg,away_no2_max,home_no2_max,away_no2_min,home_no2_min,away_no2_sd,home_no2_sd,away_no2_avg_dmax,home_no2_avg_dmax,away_o3_avg,home_o3_avg,away_o3_max,home_o3_max,away_o3_min,home_o3_min,away_o3_sd,home_o3_sd,away_o3_avg_dmax,home_o3_avg_dmax,away_temperature_avg,home_temperature_avg,away_temperature_max,home_temperature_max,away_temperature_min,home_temperature_min,away_temperature_sd,home_temperature_sd,away_temperature_avg_dmax,home_temperature_avg_dmax,away_humidity_avg,home_humidity_avg,away_humidity_max,home_humidity_max,away_humidity_min,home_humidity_min,away_humidity_sd,home_humidity_sd,away_humidity_avg_dmax,home_humidity_avg_dmax,away_temp_humidity_product_avg,home_temp_humidity_product_avg,away_temp_humidity_product_max,home_temp_humidity_product_max,away_temp_humidity_product_min,home_temp_humidity_product_min,away_temp_humidity_product_sd,home_temp_humidity_product_sd,away_temp_humidity_product_avg_dmax,home_temp_humidity_product_avg_dmax,away_heat_index_avg,home_heat_index_avg,away_heat_index_max,home_heat_index_max,away_heat_index_min,home_heat_index_min,away_heat_index_sd,home_heat_index_sd,away_heat_index_avg_dmax,home_heat_index_avg_dmax,away_wet_bulb_avg,home_wet_bulb_avg,away_wet_bulb_max,home_wet_bulb_max,away_wet_bulb_min,home_wet_bulb_min,away_wet_bulb_sd,home_wet_bulb_sd,away_wet_bulb_avg_dmax,home_wet_bulb_avg_dmax,away_apparent_temp_avg,home_apparent_temp_avg,away_apparent_temp_max,home_apparent_temp_max,away_apparent_temp_min,home_apparent_temp_min,away_apparent_temp_sd,home_apparent_temp_sd,away_apparent_temp_avg_dmax,home_apparent_temp_avg_dmax,away_exposure_days_with_data,home_exposure_days_with_data,away_days_in_match_region,home_days_in_match_region,away_elevation_base,home_elevation_base,away_elevation_stadium,home_elevation_stadium,away_elevation_gain_to_match,home_elevation_gain_to_match,us_aqi_difference,eu_aqi_difference,pm25_difference,pm10_difference,no2_difference,o3_difference,temperature_difference,humidity_difference,temp_humidity_product_difference,heat_index_difference,wet_bulb_difference,apparent_temp_difference,elevation_difference,elevation_gain_difference,exposure_window_days,away_travel_days,exposure_stat,exposure_orientation
MLS-MAT-000687,Austin,Colorado Rapids 2,Parmer Field,448,398,80.35714285714286,79.89949748743719,8,26,1,5,0,0,8,18,6,6,,,,,4,2,360,318,0,0,26,8,6,6,591,526,,0.4576453697056735,-10,0,,,50,-18,-4,0,2025-03-07,MLS-STA-000018,47.766666666666666,44.70833333333333,57.04166666666666,62.375,38.41666666666666,38.41666666666666,8.041806993594305,10.054625110421131,56.4,61.0,42.291666666666664,38.233333333333334,49.375,50.91666666666666,36.29166666666666,29.125,6.300972698277981,7.889679880141592,57.8,53.8,7.440833333333333,5.363333333333334,12.904166666666669,6.6625000000000005,4.129166666666666,4.129166666666666,3.566629429322749,1.0868907936045011,13.719999999999999,8.34,8.969999999999999,6.6425,15.016666666666666,7.6375,4.820833333333334,4.820833333333334,4.109410144547646,1.134096709818974,16.28,11.24,14.444999999999999,4.274166666666667,32.0125,7.0375000000000005,4.7625,2.270833333333333,11.727280931893615,1.812057896272756,40.480000000000004,12.1,84.025,90.33333333333333,90.75,111.70833333333331,72.75,77.66666666666667,7.123026042350261,13.089668052407665,118.0,115.0,8.863333333333333,18.167499999999997,15.120833333333335,21.004166666666663,3.358333333333333,14.429166666666667,5.488257192760639,3.1512748191979543,16.259999999999998,23.76,48.875,54.84166666666666,58.54166666666666,81.70833333333333,33.083333333333336,33.083333333333336,9.937259780464853,18.469766962976724,75.4,79.0,305.22,989.8008333333333,579.0375,1689.9375,129.82916666666668,468.5416666666667,204.1990820228101,493.2020313320591,560.3,1376.66,7.081402777777778,17.47178240740741,13.552314814814816,21.29363425925926,1.2783101851851864,13.126574074074073,5.804127697915374,3.844408135006027,14.594333333333335,23.06366666666667,3.4751934716139674,12.484167974044155,7.989556164430749,18.63029011416912,-0.072782526469149,7.267391084723552,3.835933448590758,4.801807458499238,7.231194651920797,15.75696481396362,,,,,,,,,,,5.0,5.0,2.0,0.0,1597.0,164.0,157.0,157.0,-1440.0,-7.0,-3.058333333333337,-4.05833333333333,-2.077499999999999,-2.327499999999999,-10.17083333333333,6.308333333333323,9.304166666666664,5.9666666666666615,684.5808333333333,10.390379629629631,9.008974502430188,,-1433.0,1433.0,5,2,avg,home_minus_away
MLS-MAT-000688,Charlotte,NYCFC II,Mecklenburg County Sportsplex,403,527,85.60794044665012,88.61480075901328,10,15,1,2,0,0,6,10,3,5,,,0.9418,1.5023,2,2,345,467,0,0,14,10,5,3,533,670,ASA,-3.006860312363159,-4,-2,,-0.5605,-124,-5,-1,0,2025-03-07,MLS-STA-000039,40.175,45.733333333333334,53.79166666666666,59.41666666666666,31.70833333333333,34.666666666666664,9.009707342022208,9.723280696349354,45.8,52.4,37.2,36.083333333333336,48.75,43.375,27.416666666666668,27.416666666666668,8.099982853205443,6.01380067936335,54.0,52.2,6.6066666666666665,7.848333333333334,13.533333333333331,14.416666666666666,2.904166666666667,2.904166666666667,4.150074882189208,4.298067233588191,14.120000000000001,17.68,7.036666666666667,8.475,14.191666666666668,14.725,2.9458333333333333,2.9458333333333333,4.3429074922350255,4.284418434215365,14.64,18.56,17.180833333333332,10.293333333333333,41.22083333333333,23.05,3.4625,3.4625,16.14578887090652,7.969466797826983,38.5,29.82,68.14166666666667,77.66666666666667,94.375,94.375,40.41666666666666,61.75,20.46814513525292,12.06848944565972,91.0,105.0,4.389166666666666,8.514166666666666,15.0375,14.7875,-2.408333333333333,4.895833333333333,7.262359316862684,3.962693432012009,9.32,14.219999999999999,51.783333333333324,52.858333333333334,73.625,74.04166666666667,34.916666666666664,37.333333333333336,15.906339363425028,14.662422444618233,66.0,74.6,289.09499999999997,461.6925,1105.8458333333333,1095.4875,-102.27916666666664,169.12083333333334,493.04586846078524,382.4826695238767,573.48,753.12,2.2357592592592597,6.801328703703705,14.519236111111113,14.255115740740742,-5.681898148148147,2.415787037037037,8.320904192236451,4.72746591546217,7.31022222222222,12.648,0.7004214135377639,4.138161327147021,12.053644482026897,11.872347611718522,-6.054267805197042,-0.1964124023742645,7.350113077236889,4.851836965472224,4.5823647595430845,8.22419059589085,,,,,,,,,,,5.0,5.0,2.0,0.0,27.0,239.0,228.0,228.0,201.0,-11.0,5.558333333333337,-1.1166666666666671,1.2416666666666671,1.4383333333333326,-6.887499999999999,9.525000000000006,4.125,1.07500000000001,172.59750000000003,4.565569444444446,3.437739913609257,,212.0,-212.0,5,2,avg,home_minus_away
MLS-MAT-00068A,Inter Miami CF II,Chattanooga,Chase Stadium,549,281,89.25318761384335,85.05338078291815,16,10,2,1,0,0,10,8,4,6,,,0.7185,0.8344,1,2,490,239,0,0,10,16,6,5,674,424,ASA,4.199806830925198,2,-2,,-0.1159,268,6,1,0,2025-03-07,MLS-STA-000008,43.09166666666666,53.725,53.083333333333336,62.5,34.25,44.125,7.593251298210659,7.177535363123532,51.6,64.8,36.46666666666666,44.86666666666667,48.125,53.25,28.20833333333333,35.458333333333336,8.172000808995449,6.706482663976864,46.6,55.4,7.323333333333333,8.349166666666665,11.729166666666666,11.5875,4.1625000000000005,6.070833333333333,2.819093505800126,2.146988766595878,12.080000000000002,10.98,8.7425,11.455,12.55,15.1125,4.195833333333334,8.220833333333333,3.4502407826604413,2.474544711210081,14.080000000000002,15.319999999999999,5.1674999999999995,5.4575000000000005,7.25,12.591666666666669,3.4625,2.8541666666666665,1.565797631311985,4.0397304210801,13.280000000000001,12.98,87.15,101.33333333333333,107.875,113.20833333333331,72.125,90.41666666666669,13.635463617184259,9.428780924500371,106.2,116.6,13.174166666666665,21.791666666666664,24.075,24.075,4.270833333333333,20.52083333333333,8.766818855618167,1.3458688075820113,18.96,25.02,56.5,66.51666666666667,78.75,78.75,41.91666666666666,48.54166666666666,15.354237335884408,11.89488831622877,70.4,79.6,789.6175,1445.4675,1888.1291666666664,1888.1291666666664,149.57083333333333,974.9291666666668,704.4281800293372,342.95523182546464,1120.84,1696.0,12.051589662776445,21.79238595907274,24.740170536104447,24.740170536104447,1.8479629629629628,19.89594907407407,9.96050592968131,1.7983562409271512,18.273110711911112,25.184555156355565,8.631112060524389,17.419005989056703,21.24665933247735,21.24665933247735,-0.4862136058411408,13.74912293892705,9.011282651130122,2.7557878696278792,12.926461923746748,19.38914176842478,,,,,,,,,,,5.0,5.0,2.0,0.0,206.0,6.0,4.0,4.0,-202.0,-2.0,10.63333333333334,8.400000000000006,1.025833333333332,2.7125000000000004,0.2900000000000009,14.183333333333323,8.6175,10.016666666666666,655.85,9.740796296296294,8.787893928532315,,-200.0,200.0,5,2,avg,home_minus_away
MLS-MAT-000689,Atlanta,RBNY II,Fifth Third Stadium,517,309,82.7852998065764,71.5210355987055,12,16,3,3,0,0,13,5,5,2,,,1.446,0.3139,0,1,428,221,0,0,16,12,2,5,661,431,ASA,11.264264207870909,8,3,,1.1320999999999999,208,-4,0,0,2025-03-07,MLS-STA-000011,40.666666666666664,44.08333333333333,53.79166666666666,50.91666666666666,31.70833333333333,36.79166666666666,8.677677300599125,6.688895233477978,46.4,49.4,37.325,35.375,48.75,42.0,31.70833333333333,31.20833333333333,6.92007947931236,4.06276708523746,52.6,47.2,6.639166666666666,7.472500000000001,13.533333333333331,9.395833333333334,3.675,4.275,4.043000853670176,2.4410739468293228,13.820000000000002,12.64,6.967499999999999,7.8533333333333335,14.191666666666668,10.070833333333333,3.7416666666666663,4.329166666666667,4.2289946598847035,2.5447119734417445,14.540000000000001,13.040000000000001,16.730833333333333,9.853333333333333,41.22083333333333,20.741666666666667,2.6166666666666667,3.6375,16.616329349217494,6.987661124161011,37.7,22.380000000000003,68.66666666666666,78.88333333333333,88.91666666666667,87.58333333333333,40.41666666666666,68.08333333333333,19.899290711815166,9.091137702302287,90.0,104.8,3.5716666666666663,8.661666666666665,11.875,12.620833333333332,-2.1333333333333333,6.029166666666666,5.763494430946867,3.158869787334282,9.0,14.580000000000002,51.875,55.1,74.33333333333333,72.79166666666667,33.833333333333336,41.833333333333336,15.706178013055176,12.48994734665532,66.6,71.6,244.07333333333332,493.5166666666667,904.6041666666666,940.4541666666668,-82.25,237.46666666666667,402.4860391880934,322.51506922696217,498.28000000000003,779.5600000000001,1.3389027777777787,7.022111111111111,11.058981481481483,11.83914351851852,-5.407685185185184,3.949537037037036,6.722949937047934,3.788957878432732,7.041777777777779,13.305111111111112,-0.004580155937006403,4.460549930106852,9.241299097840924,9.779427324182029,-5.858084646809335,1.1173893297592148,6.1000389518313325,4.001176698302618,4.014776416195103,8.888488322985655,,,,,,,,,,,5.0,5.0,2.0,0.0,4.0,316.0,336.0,336.0,332.0,20.0,3.4166666666666643,-1.9500000000000028,0.8333333333333348,0.8858333333333341,-6.8774999999999995,10.216666666666669,5.089999999999999,3.2250000000000014,249.44333333333338,5.683208333333333,4.4651300860438585,,312.0,-312.0,5,2,avg,home_minus_away
MLS-MAT-000686,Ventura County,Tacoma Defiance,William Rolland Stadium,502,486,86.25498007968127,86.83127572016461,11,8,0,1,0,0,15,15,6,3,,,2.4254,1.2873,3,2,433,422,0,0,6,10,3,7,636,632,ASA,-0.5762956404833375,0,3,,1.1380999999999997,16,3,-1,0,2025-03-07,MLS-STA-00004W,50.58333333333333,43.05,58.958333333333336,51.375,45.41666666666666,34.875,5.444081266231554,7.204020868006052,55.8,49.0,35.266666666666666,32.91666666666667,38.91666666666666,38.333333333333336,30.0,28.916666666666668,3.4562744875564086,3.761210096350494,48.2,40.6,8.808333333333334,5.9833333333333325,12.6875,10.204166666666667,3.775,2.920833333333333,3.46071454166461,3.154459750804319,16.919999999999998,11.66,10.680833333333334,8.7425,14.983333333333333,13.195833333333333,5.3500000000000005,4.45,3.7407961125348104,3.6891267598172877,18.94,17.48,16.491666666666667,10.331666666666667,25.8375,25.016666666666666,3.045833333333333,4.016666666666667,9.251349376052003,9.056527054653271,36.22,21.02,62.80833333333332,70.45,91.83333333333331,83.58333333333333,46.625,45.29166666666666,17.291556224546888,15.492308799673614,83.8,91.2,8.2875,10.828333333333333,10.754166666666668,11.758333333333333,6.595833333333334,8.387500000000001,1.5404133418952493,1.3823207890677494,10.36,14.280000000000001,88.23333333333332,77.425,92.08333333333331,88.58333333333333,84.25,63.208333333333336,3.45162501986785,9.708842976608716,97.2,91.6,727.8708333333333,812.0091666666666,988.9958333333332,987.3333333333334,591.3208333333333,698.7624999999999,158.80472747060733,119.44610016859538,893.24,971.2,7.475675925925927,9.988375000000001,10.28953703703704,10.675,5.657708333333335,7.476226851851853,1.74181317002328,1.4058010310006284,9.516222222222225,13.312333333333333,7.065769724039313,8.405636003686208,9.877917610338248,9.918333939854042,5.554215177916795,6.754472190307137,1.7149139369593622,1.1936196087972317,8.83053522059718,10.536461029419048,,,,,,,,,,,5.0,5.0,2.0,0.0,42.0,25.0,272.0,272.0,230.0,247.0,-7.533333333333331,-2.3499999999999943,-2.825000000000001,-1.9383333333333344,-6.16,7.64166666666668,2.5408333333333335,-10.808333333333323,84.13833333333332,2.5126990740740744,1.3398662796468948,,-17.0,17.0,5,2,avg,home_minus_away
MLS-MAT-00068B,Houston Dynamo 2,Sporting KC II,SaberCats Stadium,293,358,80.54607508532423,82.9608938547486,11,12,4,1,0,0,17,15,7,6,,,,,2,0,236,297,0,0,12,11,8,8,452,535,,-2.4148187694243717,2,1,,,-65,-1,3,0,2025-03-08,MLS-STA-00000Y,43.266666666666666,44.68333333333332,50.458333333333336,50.29166666666666,40.04166666666666,39.04166666666666,4.348491117617699,4.9125689138508095,50.6,51.6,35.833333333333336,38.75,40.583333333333336,40.583333333333336,30.625,35.25,4.392623235481152,2.2179429283309653,47.6,56.2,8.754166666666666,8.943333333333333,15.2375,15.2375,3.375,6.104166666666667,4.239907338151521,3.7810985966015513,18.0,17.380000000000003,9.960833333333333,11.155833333333334,19.35,19.35,3.583333333333333,6.429166666666667,5.744926505670509,5.127140982338771,19.8,19.96,10.391666666666667,12.818333333333333,19.791666666666668,19.791666666666668,3.025,6.604166666666667,6.883071650594829,5.314509913905514,25.96,35.9,79.73333333333333,84.86666666666667,87.91666666666667,98.16666666666669,70.41666666666667,70.41666666666667,7.401705415345544,11.227191384709217,103.8,110.8,10.484166666666665,17.368333333333332,19.066666666666663,20.875,-0.2875,12.2,6.945718605331232,3.829656978039214,15.2,22.080000000000002,72.975,67.29166666666666,90.83333333333331,85.16666666666667,59.583333333333336,44.04166666666666,13.412706454867498,17.239227715365395,89.6,85.6,774.5258333333333,1179.5225,1550.2958333333331,1710.4291666666668,-29.604166666666668,620.0708333333333,573.9726949609744,502.78027151909953,1057.7,1496.56,9.493597222222224,16.917782407407408,19.20699074074074,20.695694444444445,-2.52974537037037,11.031342592592594,7.787600067407488,4.5246828084641555,14.284777777777773,21.528999999999996,7.7504925927550286,13.468194617984821,16.936461247642654,18.372677246304523,-2.819818069353813,7.763001169123861,7.109490433494986,5.086047765576985,11.180352739450864,16.64129376718345,,,,,,,,,,,5.0,5.0,2.0,0.0,276.0,20.0,14.0,14.0,-262.0,-6.0,1.4166666666666572,2.9166666666666643,0.18916666666666693,1.1950000000000003,2.426666666666666,5.13333333333334,6.884166666666667,-5.683333333333337,404.9966666666668,7.424185185185184,5.7177020252297925,,-256.0,256.0,5,2,avg,home_minus_away
MLS-MAT-00068D,New England Revolution II,Philadelphia Union II,Gillette Stadium,409,499,74.32762836185819,78.15631262525051,8,8,3,3,0,0,5,17,2,5,,,0.9368,1.3113,0,0,304,390,0,0,6,8,5,2,583,655,ASA,-3.8286842633923186,-12,-3,,-0.37449999999999994,-90,0,0,0,2025-03-09,MLS-STA-00000N,43.50833333333333,45.766666666666666,54.583333333333336,58.833333333333336,34.333333333333336,39.5,7.333593745376288,7.763742296369995,49.0,51.4,33.45833333333333,36.525,37.375,38.75,24.95833333333333,31.83333333333333,4.988093462324952,2.762377448262037,41.4,44.8,5.1274999999999995,5.859166666666667,11.158333333333331,12.5875,1.9666666666666668,1.9666666666666668,3.7635203027809534,4.340840252442172,8.64,11.2,5.467499999999999,6.834999999999999,11.329166666666666,14.1,2.083333333333333,2.083333333333333,3.8939939953871407,5.021691316733393,9.440000000000001,12.540000000000001,8.416666666666666,7.186666666666667,18.10833333333333,16.129166666666666,3.5416666666666665,3.5416666666666665,5.720641384252487,5.160438450364465,17.36,16.580000000000002,80.39166666666667,85.45833333333333,93.875,95.08333333333331,64.29166666666667,65.875,14.461322937792067,12.446657014368686,94.8,102.0,5.2625,4.0275,11.8,9.2625,0.7999999999999999,0.8416666666666668,4.6834482488867115,4.170600850996572,10.18,8.8,58.80833333333332,63.733333333333334,83.29166666666667,91.41666666666669,42.04166666666666,42.04166666666666,17.40850586319484,22.851509645000615,77.0,78.6,370.78583333333336,323.48249999999996,989.0,855.4666666666667,18.479166666666668,18.17083333333333,408.3500073615192,398.03830042585446,696.74,532.4,3.3798564814814824,2.149953703703704,11.21039351851852,8.631296296296297,-1.9634259259259248,-1.9208564814814808,5.605367923306246,5.163936961255969,8.705333333333332,7.06088888888889,1.9703609447591652,1.272114913237278,10.02043851882048,8.373345771753469,-3.228267374650984,-3.2303381856671005,5.612110453924639,5.555285066117529,6.352985624693552,4.506184442451486,,,,,,,,,,,5.0,5.0,2.0,0.0,10.0,79.0,91.0,91.0,81.0,12.0,2.258333333333333,3.06666666666667,0.7316666666666674,1.3674999999999997,-1.2299999999999986,5.066666666666663,-1.2350000000000003,4.925000000000011,-47.3033333333334,-1.2299027777777782,-0.6982460315218872,,69.0,-69.0,5,2,avg,home_minus_away
MLS-MAT-00068E,Chicago Fire FC II,Huntsville,SeatGeek Stadium,481,448,88.98128898128898,86.16071428571429,11,13,1,3,0,0,11,8,4,5,,,0.9496,1.5616,1,3,428,386,1,0,12,11,5,4,629,578,ASA,2.8205746955746918,3,-1,,-0.6120000000000001,33,-2,-2,0,2025-03-09,MLS-STA-00001B,46.71666666666666,53.925,64.5,66.41666666666667,37.958333333333336,40.5,10.545099902060882,9.388989562247902,54.0,60.0,37.61666666666667,38.583333333333336,43.083333333333336,48.625,31.20833333333333,31.375,5.483672101997186,6.383164706214828,51.0,53.0,9.275,11.863333333333333,17.716666666666665,19.183333333333334,2.9125,6.379166666666666,5.818950274032822,5.272688573362424,15.74,21.759999999999998,9.976666666666667,12.5275,19.0875,19.9,3.0083333333333333,6.7375,6.190434629553709,5.547516179686984,16.94,22.4,11.208333333333334,21.648333333333333,32.987500000000004,40.66666666666666,2.0416666666666665,13.333333333333334,13.487744887592507,11.038308687500793,29.98,47.1,74.28333333333333,65.46666666666667,96.41666666666669,80.29166666666667,40.41666666666666,38.625,20.831237394568987,16.177680955906848,93.4,83.2,6.274166666666666,2.0075,13.266666666666666,5.15,0.9833333333333334,-0.3333333333333333,4.946456714434866,2.4297247786529237,11.440000000000001,4.8,65.275,76.175,78.95833333333333,88.375,54.0,58.333333333333336,9.33559310441019,11.708570578853765,91.4,89.4,380.33166666666665,163.23666666666665,819.1625,411.95416666666665,78.83749999999999,-31.17083333333333,326.08664840933517,212.79087960007172,777.0,353.02,4.6615416666666665,0.2528194444444452,12.214467592592593,3.798564814814816,-0.8010879629629631,-2.787962962962963,5.302833027995797,2.860377460212547,10.253222222222224,3.163333333333334,3.0644304412494945,0.05649714929097689,9.043279232197284,3.271527025848838,-0.7340868726750834,-3.380556085148005,4.201385790935518,2.904528375963367,7.62690053069324,2.447400931093376,,,,,,,,,,,5.0,5.0,2.0,0.0,190.0,265.0,189.0,189.0,-1.0,-76.0,7.208333333333336,0.9666666666666686,2.588333333333333,2.5508333333333333,10.44,-8.816666666666663,-4.266666666666666,10.899999999999991,-217.095,-4.408722222222221,-3.0079332919585178,,75.0,-75.0,5,2,avg,home_minus_away
MLS-MAT-00068F,FC Cincinnati 2,TFC II,NKU Soccer Stadium,463,331,88.55291576673866,82.77945619335347,16,8,0,2,0,0,10,10,3,5,,,0.3646,1.9343,0,1,410,274,0,0,7,16,6,3,615,470,ASA,5.773459573385196,0,-2,,-1.5696999999999999,132,8,-2,0,2025-03-09,MLS-STA-000016,54.96666666666666,44.52499999999999,68.20833333333333,62.54166666666666,38.91666666666666,35.875,13.1050244817271,10.467235586979653,63.2,51.8,37.975,33.61666666666666,45.958333333333336,38.958333333333336,28.791666666666668,30.95833333333333,7.054389394003014,3.1836714480123276,54.0,45.2,12.136666666666667,8.7175,20.029166666666665,14.620833333333332,2.720833333333333,3.9416666666666655,6.286126423853299,4.359009866229817,29.68,19.32,12.704999999999998,9.132499999999999,21.004166666666663,15.4375,2.8166666666666664,4.1125,6.619269927643077,4.562486111089971,32.04,20.7,20.993333333333332,9.400833333333335,34.166666666666664,14.566666666666668,10.695833333333333,4.654166666666667,11.042640130044385,4.528612163235001,46.58,23.48,59.133333333333326,73.93333333333332,67.70833333333333,82.375,46.75,61.41666666666666,8.45891828847584,9.93243669051614,81.4,97.4,2.2558333333333334,5.960833333333333,3.5666666666666664,10.208333333333334,-0.2916666666666666,2.275,1.7665944364165134,3.5098888079887156,7.159999999999999,11.379999999999999,74.91666666666666,61.833333333333336,91.875,73.20833333333333,61.833333333333336,45.458333333333336,11.297546132285147,10.484611739751418,88.4,84.8,153.68583333333333,341.635,331.6541666666667,695.275,-3.841666666666665,118.99166666666667,127.97338406003719,231.58654577131992,449.7,674.1,0.4931296296296298,4.227009259259259,2.3640972222222225,8.471689814814814,-2.267777777777777,0.1312500000000001,1.9391755048030257,3.797838407300333,5.628777777777778,9.713555555555555,0.11699180826556359,2.480383269343966,2.7514499762629945,6.593555366698452,-2.109248096950124,-0.9330705675796788,1.8307859737231937,3.1020586649661275,3.92035698787869,6.337398407761336,,,,,,,,,,,5.0,5.0,2.0,0.0,87.0,160.0,266.0,266.0,179.0,106.0,-10.44166666666667,-4.358333333333341,-3.4191666666666674,-3.5725,-11.592499999999998,14.799999999999997,3.705,-13.083333333333321,187.94916666666666,3.7338796296296293,2.3633914610784026,,73.0,-73.0,5,2,avg,home_minus_away
MLS-MAT-00068G,Orlando City B,Columbus Crew 2,Osceola Heritage Park,294,508,82.99319727891157,89.37007874015748,8,14,3,2,0,0,14,12,6,5,,,1.2958,0.6488,2,1,244,454,0,0,14,8,6,6,443,663,ASA,-6.376881461245915,2,1,,0.647,-214,-6,1,0,2025-03-09,MLS-STA-000017,45.708333333333336,45.525,58.208333333333336,52.583333333333336,36.125,40.75,8.035241388201522,4.354675010198174,60.0,57.8,37.94166666666666,40.28333333333333,49.16666666666666,48.04166666666666,31.33333333333333,35.208333333333336,7.65984751081174,4.863804809223145,54.4,55.4,7.7375,6.784166666666667,16.716666666666665,14.479166666666666,3.3791666666666664,2.8666666666666667,5.268967060903767,4.467828090607585,13.88,11.98,8.215833333333332,7.935,17.854166666666668,15.304166666666667,3.516666666666667,3.3166666666666664,5.625187033927554,4.525192406897683,14.419999999999998,13.7,9.2075,8.08,19.125,18.17083333333333,3.5083333333333333,3.154166666666667,6.555278036734132,6.598996661951303,23.02,19.240000000000002,84.19166666666668,89.96666666666667,90.375,96.375,81.54166666666667,80.5,3.665553808392698,6.1028084381973935,118.2,118.2,10.489999999999998,17.641666666666666,17.849999999999998,20.933333333333334,1.1,14.970833333333331,6.574798396782469,2.5068915429936998,16.66,23.240000000000002,61.375,65.425,76.16666666666667,74.95833333333333,45.41666666666666,52.41666666666666,11.060283048417489,9.502393704278475,81.8,86.6,607.1416666666667,1116.8466666666668,1039.1125,1555.3041666666668,62.06666666666666,800.6374999999999,391.83395043505567,344.7345597395473,887.86,1429.1799999999998,9.197125,17.169708333333336,17.377986111111113,21.039467592592597,-1.1264351851851846,14.118425925925926,7.274703499206807,2.981748084091162,15.462555555555554,22.758,6.457223196684266,13.362091524746678,13.175894928701092,17.72643232620308,-1.8697805988934064,10.006830820998518,5.972010983939704,3.441142189666459,10.045903341309067,16.336617844345362,,,,,,,,,,,5.0,5.0,2.0,0.0,231.0,39.0,23.0,23.0,-208.0,-16.0,-0.18333333333333712,2.3416666666666686,-0.9533333333333331,-0.2808333333333328,-1.1274999999999995,5.7749999999999915,7.151666666666667,4.049999999999997,509.70500000000015,7.972583333333336,6.9048683280624115,,-192.0,192.0,5,2,avg,home_minus_away
MLS-MAT-00068H,North Texas SC,St Louis CITY2,Choctaw Stadium,362,457,76.79558011049724,81.61925601750546,11,16,2,4,0,0,17,26,6,6,,,1.7404,3.1323,0,2,278,373,0,0,14,10,7,7,509,598,ASA,-4.823675907008223,-9,0,,-1.3919,-95,-5,-2,0,2025-03-09,MLS-STA-000010,43.85833333333333,43.40833333333333,56.91666666666666,55.958333333333336,35.958333333333336,38.625,7.933348651945989,7.160813986164178,48.4,49.4,35.358333333333334,36.24166666666667,39.375,42.458333333333336,28.25,32.75,4.215196548732269,4.053183762317115,44.0,50.4,7.715833333333333,8.085833333333333,13.579166666666666,11.9875,2.4916666666666667,3.8875,4.310584719617514,3.5309846262134252,15.959999999999999,16.5,8.884166666666667,9.1425,14.9625,13.620833333333332,2.645833333333333,4.179166666666666,5.332322006978865,4.067376773725842,18.8,19.12,8.56,11.325,13.904166666666669,26.3625,3.8625,3.9583333333333335,3.9813732974104976,9.061189560427485,21.9,33.58,80.99166666666667,74.04166666666666,92.375,84.45833333333333,66.375,53.625,10.740241048401936,12.788612556141935,95.2,99.6,9.567499999999999,12.913333333333332,18.47083333333333,17.675,2.783333333333333,9.533333333333331,6.505532768130694,3.745726036653865,15.48,17.96,65.33333333333334,60.325,78.20833333333333,76.91666666666667,49.5,43.083333333333336,11.094253705309688,12.645143446310833,85.4,83.4,620.2316666666667,763.4241666666667,1122.8708333333334,1082.0791666666669,109.60416666666669,388.50416666666666,410.4496688254102,304.9311227214544,1034.5,1125.78,8.28573148148148,11.835374999999999,18.04567129629629,17.184398148148148,0.4097222222222227,7.667175925925926,7.21602476409829,4.226404071653128,14.613666666666665,17.213,6.135185171790577,8.596073396858221,13.869247456810598,13.215436855442926,-1.2391204622569478,3.9696255693683793,6.033419137896851,3.891100060373612,11.009494855027338,12.811063840059575,,,,,,,,,,,5.0,5.0,2.0,0.0,152.0,219.0,187.0,187.0,35.0,-32.0,-0.44999999999999574,0.8833333333333329,0.3700000000000001,0.25833333333333286,2.764999999999999,-6.950000000000017,3.345833333333333,-5.00833333333334,143.1925,3.5496435185185184,2.4608882250676443,,67.0,-67.0,5,2,avg,home_minus_away
MLS-MAT-00068C,LAFC 2,Whitecaps FC 2,Titan Stadium,423,385,86.99763593380615,84.41558441558442,15,4,2,1,0,0,24,14,7,6,,,2.2731,2.8687,3,3,368,325,0,0,4,15,6,7,573,523,ASA,2.582051518221732,10,1,,-0.5956000000000001,38,11,1,0,2025-03-09,MLS-STA-00001F,58.725,63.99166666666666,73.79166666666667,79.0,44.083333333333336,52.54166666666666,12.249135457020817,12.225080947243939,65.8,76.2,47.34166666666666,53.34166666666666,58.79166666666666,64.70833333333333,36.208333333333336,37.708333333333336,9.109785642068884,10.190349805902967,64.2,68.6,14.971666666666668,18.686666666666667,23.48333333333333,26.991666666666664,7.416666666666667,6.5875,6.559874739446037,8.012136193855474,26.619999999999997,31.259999999999998,16.427500000000002,21.023333333333333,26.308333333333334,28.6375,8.4125,7.783333333333334,7.413411387666126,8.330001208816771,27.72,33.82,39.93083333333333,48.0,59.0625,69.72500000000001,23.77916666666667,19.775,14.461445570416226,18.922528689736186,69.44,76.82000000000001,45.025,39.55833333333334,56.708333333333336,71.04166666666667,38.41666666666666,18.166666666666668,7.947178045626568,19.337387326397305,82.6,84.4,8.15,10.619166666666667,11.675,12.125,5.845833333333334,8.904166666666667,2.5914908166493236,1.4007828912195255,12.6,16.759999999999998,83.4,75.99166666666667,94.08333333333331,88.0,75.25,66.04166666666667,8.623721724921829,9.814397374945305,97.6,95.2,626.4533333333333,734.825,814.775,969.4125,414.175,542.025,160.09058534350171,156.8991596878833,824.0,1004.0600000000001,7.198222222222223,9.720865740740742,10.91840277777778,11.191458333333332,4.780833333333334,8.06414351851852,2.74725609624061,1.4441350430403976,11.576222222222224,15.70311111111111,6.355712899009399,7.919035982000063,9.034987565249663,9.796372076432776,3.7214500005231135,6.234430079422633,2.1299798936050114,1.3437096045948458,8.648904177478839,11.156770814876202,,,,,,,,,,,5.0,5.0,2.0,0.0,37.0,87.0,52.0,52.0,15.0,-35.0,5.266666666666659,6.0,3.715,4.595833333333331,8.069166666666668,-5.4666666666666615,2.4691666666666663,-7.408333333333331,108.37166666666678,2.5226435185185183,1.5633230829906637,,50.0,-50.0,5,2,avg,home_minus_away
MLS-MAT-00068I,New England Revolution II,FC Cincinnati 2,Gillette Stadium,507,518,79.68441814595661,79.34362934362935,13,13,1,2,0,0,10,7,5,4,,,1.306,0.3722,2,0,404,411,0,0,11,13,5,5,640,659,ASA,0.3407888023272676,3,1,,0.9338000000000001,-11,0,-1,0,2025-03-13,MLS-STA-00000N,52.36666666666666,43.016666666666666,62.54166666666666,52.25,38.41666666666666,38.41666666666666,8.801307904699923,5.45201606441752,56.6,47.8,37.625,36.55,41.04166666666666,41.04166666666666,32.333333333333336,32.333333333333336,3.234605634557492,3.2056807216079486,51.0,47.8,10.290000000000001,6.029166666666667,14.620833333333332,8.725,6.7125,2.0708333333333333,3.016640193254004,2.8697309809070566,21.740000000000002,15.88,11.105833333333333,6.573333333333333,15.4375,10.016666666666667,7.479166666666667,2.129166666666667,2.9651221986248357,3.2719034873534327,23.22,16.919999999999998,14.444999999999999,11.046666666666667,17.358333333333334,18.454166666666666,10.991666666666667,4.904166666666667,2.7584393861787535,5.138797822015919,38.760000000000005,29.160000000000004,70.875,81.51666666666667,81.45833333333333,92.20833333333331,63.75,71.25,8.34067385034193,7.710168700416921,103.6,101.2,6.085833333333333,4.196666666666666,8.579166666666667,7.337499999999999,4.166666666666667,0.85,1.8588951878587574,2.8353920216905926,12.74,10.08,61.83333333333333,54.36666666666666,69.75,69.125,56.25,42.16666666666666,6.536024637006472,9.764252403538125,85.0,72.8,299.4633333333333,203.90083333333334,409.2916666666667,409.4875,233.97916666666663,25.729166666666668,81.73227038672941,159.47519027809975,515.48,431.46000000000004,4.364509259259259,2.0914629629629635,6.985324074074074,5.931736111111111,2.405555555555556,-1.9084259259259249,2.0317567512735364,3.3463497665701003,10.983444444444444,8.041777777777781,2.4317135488449138,0.37183289147457677,4.073858672529772,4.14140276304035,0.7349079213730495,-3.188721215309331,1.5475615323520973,3.002373569183565,6.124468054645062,3.990502663328248,,,,,,,,,,,5.0,5.0,2.0,0.0,160.0,79.0,91.0,91.0,-69.0,12.0,-9.349999999999994,-1.0750000000000028,-4.260833333333334,-4.5325,-3.3983333333333317,10.641666666666666,-1.889166666666667,-7.466666666666669,-95.56249999999997,-2.273046296296296,-2.059880657370337,,-81.0,81.0,5,2,avg,home_minus_away
MLS-MAT-00068O,Inter Miami CF II,Carolina Core FC,Chase Stadium,440,459,86.81818181818181,91.06753812636164,12,11,1,3,0,0,6,13,1,5,,,0.2438,1.3354,1,1,382,418,0,0,9,12,5,1,543,595,ASA,-4.249356308179827,-7,-4,,-1.0916,-19,1,-2,0,2025-03-13,MLS-STA-000008,62.20833333333333,60.166666666666664,64.5,64.5,59.91666666666666,57.833333333333336,3.2409060804383496,2.5610598934382187,102.0,83.0,50.8125,46.74999999999999,52.29166666666666,52.29166666666666,49.333333333333336,36.91666666666666,2.0918575610101975,5.869308709057844,73.0,63.4,8.266666666666666,10.505833333333333,8.737499999999999,14.4625,7.795833333333333,7.795833333333333,0.6658588856173312,2.5858197040139266,11.0,13.74,10.204166666666667,13.343333333333334,10.641666666666667,18.216666666666665,9.766666666666667,9.766666666666667,0.6187184335382291,3.3752065266028115,13.05,16.68,8.920833333333334,8.876666666666667,11.4,11.4,6.441666666666666,6.441666666666666,3.5060711233832995,2.016758348466943,21.85,19.06,110.875,102.575,111.91666666666669,111.91666666666669,109.83333333333331,85.20833333333333,1.473139127472001,11.107719100297379,146.0,130.2,19.822916666666664,21.865833333333335,19.83333333333333,23.945833333333336,19.8125,19.8125,0.01473139127471639,2.0121363543093547,25.45,27.32,53.770833333333336,67.65,58.833333333333336,78.54166666666667,48.708333333333336,48.708333333333336,7.159456159513794,13.289302297545778,79.5,88.6,996.8666666666666,1443.3966666666668,1091.3166666666666,1847.1458333333333,902.4166666666666,902.4166666666666,133.57247096613878,427.1958251180177,1236.6,1693.4,19.264780092592595,22.003321779622695,19.385509259259265,24.62931340336436,19.144050925925928,19.144050925925928,0.17073682487400352,2.6768870839960073,24.86,27.676425975259598,13.653519681184399,17.490443391492235,14.363556090223256,20.980499122700877,12.943483272145544,12.943483272145544,1.0041431194414396,3.67428318058784,15.515483041554553,19.56437043351626,,,,,,,,,,,2.0,5.0,2.0,0.0,,6.0,4.0,4.0,,-2.0,-2.0416666666666643,-4.062500000000007,2.2391666666666676,3.139166666666666,-0.044166666666667354,-8.299999999999997,2.0429166666666703,13.87916666666667,446.5300000000002,2.7385416870301,3.836923710307836,,,,5,2,avg,home_minus_away
MLS-MAT-00068J,Chicago Fire FC II,TFC II,SeatGeek Stadium,449,409,82.62806236080178,82.3960880195599,8,12,0,1,0,0,7,13,4,3,,,0.7385,1.8585,1,0,371,337,0,0,12,8,3,4,595,550,ASA,0.2319743412418802,-6,1,,-1.12,40,-4,-1,0,2025-03-13,MLS-STA-00001B,41.56666666666666,53.841666666666676,58.41666666666666,71.79166666666667,35.083333333333336,33.958333333333336,9.516916590413558,17.722626584554437,50.4,62.4,36.175,36.55833333333333,44.41666666666666,45.66666666666666,30.125,29.70833333333333,5.161573430435504,5.843191075469329,49.0,48.4,9.325,11.429166666666667,15.983333333333334,23.745833333333334,4.529166666666667,3.9166666666666665,4.793055052480737,7.758531929968023,19.78,20.619999999999997,9.648333333333332,12.309999999999999,16.537499999999998,26.391666666666666,4.683333333333334,4.070833333333334,4.955181596347178,8.804344433447488,20.4,22.259999999999998,19.78666666666667,18.46333333333333,32.97083333333333,22.3125,11.295833333333334,11.433333333333332,9.251624951115945,4.233522387510849,41.36,37.260000000000005,70.21666666666667,68.38333333333333,81.70833333333333,75.70833333333333,58.083333333333336,61.583333333333336,9.379323077327534,6.137557987958693,89.6,85.8,2.3266666666666667,3.8116666666666665,5.979166666666667,6.991666666666667,-2.316666666666667,1.2625,3.237878838838786,2.1455549981298545,6.1,8.26,67.70833333333334,67.65833333333333,80.625,71.5,58.958333333333336,63.958333333333336,8.929119030826428,2.7551088907700154,79.4,82.0,138.1266666666667,233.70583333333335,338.3541666666667,432.2583333333334,-161.04583333333332,57.866666666666674,198.98051546501287,136.6059584931541,352.6,458.78000000000003,0.3828287037037038,2.0150231481481495,4.198217592592592,5.48277777777778,-4.7335416666666665,-0.6887499999999984,3.479457296484712,2.314067430503413,4.337444444444447,6.619444444444447,-0.3803115904645823,0.965032681647976,2.346327388936143,3.773206253881181,-4.65015331712481,-1.1270777993303738,2.779690051144821,1.8364014309879197,2.56904023383407,4.140150853073832,,,,,,,,,,,5.0,5.0,2.0,0.0,87.0,265.0,189.0,189.0,102.0,-76.0,12.275000000000013,0.38333333333333286,2.104166666666668,2.661666666666667,-1.3233333333333377,-1.8333333333333428,1.4849999999999999,-0.05000000000001137,95.57916666666665,1.6321944444444458,1.3453442721125581,,178.0,-178.0,5,2,avg,home_minus_away
MLS-MAT-00068M,Austin,MNUFC2,Parmer Field,431,325,87.23897911832947,82.15384615384616,9,20,1,5,0,0,4,11,1,6,,,0.6112,1.7199,0,1,376,267,0,0,16,9,6,1,541,438,ASA,5.085132964483307,-7,-5,,-1.1087,106,-11,-4,0,2025-03-14,MLS-STA-000018,58.425,44.983333333333334,78.95833333333333,51.0,44.375,41.333333333333336,17.02781629504435,3.779352715008809,75.0,72.2,39.34166666666666,39.35,46.458333333333336,43.583333333333336,32.375,33.75,5.207783304290265,4.12632554459776,56.8,61.6,11.490833333333333,5.2041666666666675,23.804166666666664,6.191666666666666,4.4875,3.0708333333333333,8.466869358630206,1.3012080391355996,18.78,10.4,15.045833333333334,7.070833333333333,28.258333333333336,14.070833333333333,5.025,3.1833333333333336,9.674985644548638,4.152201976060412,22.48,12.02,12.123333333333333,6.659166666666667,20.204166666666666,12.208333333333334,4.6000000000000005,3.029166666666667,6.54866173245428,3.5262167915644542,34.32000000000001,15.940000000000001,78.1,88.89999999999999,90.83333333333331,99.08333333333331,64.20833333333333,80.91666666666667,11.029734118383004,6.740064704602035,107.8,124.8,11.840833333333332,17.4575,22.2875,22.2875,1.8666666666666665,11.104166666666666,9.493444101208883,4.720316057273661,20.86,26.939999999999998,51.258333333333326,46.68333333333332,64.125,56.79166666666666,25.45833333333333,25.45833333333333,15.411018109348477,13.218404414973001,74.8,74.2,452.09250000000003,666.1108333333333,1031.975,1031.975,69.43333333333334,491.125,363.6841806191725,214.8515475978898,816.0200000000001,977.04,10.236536297393421,16.289688719664756,20.831528844455462,20.831528844455462,-0.5996990740740732,9.753032407407408,9.989824216994453,4.787335093710872,18.87313054578779,25.350147862344237,5.940869319405715,10.146532085139288,14.712929773624182,14.712929773624182,-1.9611410300487329,6.524825668526791,6.80620144653557,3.0957771470300983,10.671029236656583,14.016444923167318,,,,,,,,,,,5.0,5.0,2.0,0.0,257.0,164.0,157.0,157.0,-100.0,-7.0,-13.441666666666663,0.008333333333339965,-6.286666666666665,-7.975000000000001,-5.464166666666666,10.799999999999997,5.616666666666667,-4.575000000000003,214.01833333333326,6.053152422271335,4.205662765733573,,-93.0,93.0,5,2,avg,home_minus_away
MLS-MAT-00068N,Sporting KC II,St Louis CITY2,Children's Mercy Victory Field,332,496,78.01204819277109,87.5,16,12,2,1,0,0,10,12,1,4,,,,,0,1,259,434,0,0,11,16,4,1,482,684,,-9.48795180722891,-2,-3,,,-164,4,1,0,2025-03-14,MLS-STA-000026,48.599999999999994,45.141666666666666,71.375,68.41666666666667,29.20833333333333,29.20833333333333,16.30486464559308,14.88309770250207,58.4,55.6,37.575,35.233333333333334,46.375,41.66666666666666,32.291666666666664,30.375,5.3384090430680855,4.708849529225676,54.6,49.8,9.815833333333334,7.660833333333334,19.8875,14.441666666666668,5.75,3.3875,5.778716336696238,4.48928856340908,16.18,12.66,10.598333333333333,8.164166666666667,22.354166666666668,15.529166666666669,5.820833333333333,3.5125,6.741524771889518,4.833747827054651,17.2,13.48,16.044166666666666,13.245833333333334,28.066666666666663,20.6625,8.170833333333333,8.170833333333333,7.3060932285243165,4.862408061113113,35.9,27.18,66.49166666666666,66.1,78.79166666666667,78.70833333333333,54.25,54.54166666666666,12.17891079101722,9.593002368624983,111.0,106.6,12.2125,12.188333333333333,15.225,15.225,6.9875,6.466666666666666,3.4830430002609307,3.434671058162307,21.22,20.619999999999997,60.63333333333334,62.59166666666666,68.45833333333333,68.45833333333333,53.25,56.333333333333336,7.480495471558013,5.92292802496272,83.6,86.4,655.6875,684.0808333333333,955.6041666666666,955.6041666666666,289.025,286.7875,281.9878114670423,266.7477310151599,965.3199999999999,973.6200000000001,11.07250925925926,11.097060185185187,14.588402777777778,14.588402777777778,5.28888888888889,4.812800925925926,3.899689242092994,3.812597456920463,20.348000000000003,19.834222222222223,7.764433599864786,7.9865107765705785,11.37372469973135,11.37372469973135,2.832137295679758,2.719437051318264,3.5563856725453205,3.37625956891552,13.070288343860579,13.206597719993288,,,,,,,,,,,5.0,5.0,2.0,0.0,152.0,276.0,280.0,280.0,128.0,4.0,-3.4583333333333286,-2.3416666666666686,-2.1550000000000002,-2.434166666666666,-2.798333333333332,-0.3916666666666657,-0.02416666666666778,1.9583333333333215,28.393333333333317,0.024550925925927558,0.22207717670579274,,124.0,-124.0,5,2,avg,home_minus_away
MLS-MAT-00068P,NYCFC II,Columbus Crew 2,Belson Stadium,473,334,88.37209302325581,83.23353293413173,9,11,1,1,0,0,15,6,9,2,,,2.5949,0.493,2,0,418,278,0,0,11,8,2,9,624,467,ASA,5.138560089124084,9,7,,2.1019,139,-2,0,0,2025-03-14,MLS-STA-00000Z,49.483333333333334,53.18333333333334,57.75,70.25,37.833333333333336,33.416666666666664,8.343982778692146,13.734890688397277,58.0,61.8,35.15,44.28333333333333,40.958333333333336,57.125,30.125,37.958333333333336,4.977170101797026,7.665896700466438,53.6,67.2,9.256666666666666,12.733333333333333,12.570833333333333,22.816666666666663,6.291666666666667,6.4625,2.5064510517861702,6.105931911992539,17.46,24.939999999999998,10.109166666666667,13.444999999999999,15.033333333333331,23.14583333333333,6.4375,6.595833333333334,3.286606606533722,6.227120204530071,18.64,25.54,17.156666666666666,34.465833333333336,31.4125,55.575,9.029166666666669,24.245833333333334,10.460116298880768,12.705073830626358,39.64,74.8,67.925,54.58333333333333,76.79166666666667,68.54166666666667,51.375,36.04166666666666,9.844070761969702,12.678996192303417,98.0,89.4,7.034999999999999,6.536666666666666,10.908333333333331,9.004166666666666,4.916666666666667,3.7,2.4790136507400584,2.246825306590019,13.74,12.86,61.4,60.55833333333332,72.5,72.5,55.708333333333336,50.125,6.57915215324555,8.280174196369435,80.6,81.6,382.8,356.6691666666667,581.5916666666667,498.5416666666667,235.16666666666663,146.95000000000002,127.27107290450526,134.52308492772613,654.14,572.6800000000001,5.397277777777778,4.827134259259259,9.509328703703703,7.627986111111112,3.008796296296296,1.4343750000000004,2.6286349446202335,2.522856222886761,12.313222222222219,11.282555555555556,3.3275986024434987,2.850223317369907,6.328551097366482,5.233219666548439,1.2119287303323822,-0.4397617603316527,1.9372317787245208,2.166633053187779,7.646268520469368,6.6327324785642165,,,,,,,,,,,5.0,5.0,2.0,0.0,231.0,27.0,51.0,51.0,-180.0,24.0,3.700000000000003,9.133333333333333,3.4766666666666666,3.3358333333333317,17.30916666666667,-13.341666666666669,-0.4983333333333331,-0.8416666666666757,-26.130833333333328,-0.5701435185185186,-0.4773752850735917,,-204.0,204.0,5,2,avg,home_minus_away
MLS-MAT-00068Q,North Texas SC,Whitecaps FC 2,Choctaw Stadium,456,441,83.99122807017544,82.08616780045351,18,8,5,1,0,0,18,13,8,6,,,2.2901,1.0808,3,2,383,362,0,0,8,18,6,8,592,574,ASA,1.905060269721929,5,2,,1.2092999999999998,15,10,4,0,2025-03-14,MLS-STA-000010,40.24166666666666,45.016666666666666,45.583333333333336,57.91666666666666,34.375,34.5,4.988128267307395,8.76811616660677,50.0,55.8,38.0,37.94166666666666,43.083333333333336,40.79166666666666,29.5,34.333333333333336,5.3803268178305546,2.4756803217611774,54.8,55.8,5.930833333333333,6.8308333333333335,9.075,11.441666666666668,3.6291666666666655,4.791666666666667,2.194565177761746,2.6402329179659723,11.16,10.76,7.036666666666667,7.322500000000001,10.0,12.108333333333334,4.954166666666667,5.7625,2.2291616043556224,2.693869390239005,12.8,11.559999999999999,19.982499999999998,14.521666666666665,31.85833333333333,18.191666666666663,8.720833333333333,9.929166666666667,10.669694150437907,3.0494327227462397,40.6,38.160000000000004,66.35,76.4,92.75,88.5,46.083333333333336,64.79166666666667,21.044030395287347,11.064230090702198,91.8,114.4,11.291666666666668,14.873333333333335,20.695833333333333,18.9375,4.291666666666667,9.075,8.321142124131757,4.427848071204191,15.780000000000001,22.28,73.84166666666667,59.44166666666666,96.95833333333331,76.375,32.375,45.125,28.812393046318718,12.727874320648446,87.4,78.6,634.7816666666668,802.9116666666666,1043.8541666666667,1160.8458333333333,395.425,613.4541666666667,259.47865443211856,216.79483946041395,866.28,1049.6399999999999,10.366840766821948,13.966293418163483,19.51209660337732,18.52201388888889,3.2145138888888893,8.032291666666667,8.386751859129404,4.620555301356204,14.719311294076016,21.580486480368016,7.885995061860756,10.040015911856333,14.043416889038925,14.28009277450044,3.586707690044167,6.6350237168581865,4.698410777955832,3.170525694641574,10.836994674626766,14.47727522866197,,,,,,,,,,,5.0,5.0,2.0,0.0,37.0,219.0,187.0,187.0,150.0,-32.0,4.775000000000006,-0.05833333333333712,0.9000000000000004,0.2858333333333336,-5.460833333333333,10.050000000000011,3.581666666666667,-14.400000000000006,168.12999999999988,3.599452651341535,2.154020849995577,,182.0,-182.0,5,2,avg,home_minus_away
MLS-MAT-00068K,LAFC 2,Ventura County,Titan Stadium,303,620,81.18811881188118,91.93548387096774,10,5,1,0,0,0,8,13,4,4,,,0.7738,0.9151,2,1,246,570,0,0,4,9,5,4,429,772,ASA,-10.747365059086562,-5,0,,-0.14129999999999998,-317,5,1,0,2025-03-14,MLS-STA-00001F,47.00833333333334,69.775,52.708333333333336,90.58333333333331,39.0,43.5,5.542872675788251,19.261261136165395,54.8,76.6,41.33333333333333,52.78333333333334,46.79166666666666,65.625,35.541666666666664,34.666666666666664,4.372419874114969,13.137837637061049,55.6,68.8,8.073333333333334,17.880833333333335,10.3375,29.2125,5.6000000000000005,4.75,1.6835411381635108,10.783269979849958,13.52,33.839999999999996,9.615833333333333,19.323333333333334,11.945833333333333,30.85,6.808333333333334,5.941666666666666,1.852905469945932,10.837139395512903,14.680000000000001,35.44,20.676666666666666,46.5925,30.7125,70.84583333333333,14.704166666666666,11.308333333333332,6.295734474185235,24.914839223676857,43.14,77.56,73.78333333333333,52.325,83.625,84.125,54.625,32.583333333333336,11.718130539183,19.699685382428488,109.2,99.0,12.228333333333335,12.388333333333334,13.270833333333334,13.5875,10.779166666666669,10.279166666666669,0.9034194300913972,1.3349482407777282,15.780000000000001,17.54,73.69166666666666,70.55833333333332,84.54166666666667,85.04166666666667,65.58333333333333,57.91666666666666,8.261229730897615,12.0859767223561,92.0,92.2,873.945,801.0058333333334,1112.775,1066.7208333333333,792.4291666666667,621.6541666666667,136.39244581099632,174.74395834314427,1083.4,1016.7,11.43089351851852,11.525078703703704,12.860949074074076,12.514074074074074,10.010231481481483,9.460231481481484,1.0131975593648967,1.2806108454210348,14.99666666666667,16.70211111111111,9.347144406735271,8.969559519758525,11.533263756446775,10.981474367228556,8.641825442903846,8.227628320033771,1.2285203072524902,1.1473579213143592,11.724266741389672,11.78049265389321,,,,,,,,,,,5.0,5.0,2.0,0.0,25.0,87.0,52.0,52.0,27.0,-35.0,22.766666666666666,11.45000000000001,9.807500000000001,9.707500000000001,25.915833333333335,-21.45833333333333,0.15999999999999837,-3.13333333333334,-72.93916666666667,0.09418518518518404,-0.37758488697674686,,62.0,-62.0,5,2,avg,home_minus_away
MLS-MAT-00068L,Tacoma Defiance,Town FC,Starfire Sports Complex,296,627,71.62162162162163,85.8054226475279,11,6,1,1,0,0,11,23,8,12,,,,,3,1,212,538,0,0,6,10,12,9,462,787,,-14.183801025906277,-12,-4,,,-331,5,0,0,2025-03-14,MLS-STA-00001D,56.258333333333326,37.108333333333334,77.125,41.0,32.75,32.166666666666664,18.673580378884672,3.7910484844052186,63.0,44.8,41.041666666666664,32.40833333333333,46.66666666666666,34.375,35.25,28.45833333333333,5.304119206386248,2.409363966324356,56.8,45.4,12.624166666666666,4.8875,21.816666666666663,9.65,3.8083333333333336,2.6166666666666667,7.765593854732982,2.7476505114976564,21.86,11.48,14.458333333333334,6.119166666666667,24.541666666666668,13.183333333333332,4.395833333333333,3.2125,8.88166660802527,4.0186183450009,23.32,13.6,26.310833333333335,12.881666666666666,35.25,20.433333333333334,16.870833333333334,6.366666666666667,7.181001047323878,5.892934063350785,54.32000000000001,35.3,53.24166666666666,68.35833333333332,66.20833333333333,81.875,36.875,53.25,12.136213314337839,10.678078205682267,95.8,85.4,9.299166666666666,6.1,12.158333333333331,7.05,5.1875,4.958333333333333,3.0151331277039453,0.9255206867848319,13.9,9.8,81.16666666666667,86.21666666666667,90.66666666666669,91.41666666666669,71.41666666666667,82.25,8.002441033834625,4.3935519356337585,95.6,98.2,704.2408333333333,503.1491666666667,826.2416666666667,625.1583333333333,445.44166666666666,414.5958333333333,165.35905478684862,86.67354587081023,861.6,667.02,8.403990740740742,5.01676851851852,11.29449074074074,6.0875462962962965,4.044351851851851,3.871689814814816,3.1305521847715507,1.0274333181791466,12.953999999999999,8.569333333333333,7.247574228394214,4.705504893680478,8.963408475542037,6.030945232890414,3.9449220947629793,3.672155118558464,2.1855996311267964,0.9926858770195033,9.615068783985981,6.479504883857368,,,,,,,,,,,5.0,5.0,2.0,0.0,17.0,42.0,45.0,45.0,28.0,3.0,-19.14999999999999,-8.633333333333333,-7.7366666666666655,-8.339166666666667,-13.429166666666669,15.11666666666666,-3.1991666666666667,5.049999999999997,-201.09166666666658,-3.3872222222222224,-2.5420693347137355,,25.0,-25.0,5,2,avg,home_minus_away
MLS-MAT-00068S,Chattanooga,Huntsville,Finley Stadium,249,631,65.86345381526104,87.95562599049128,13,7,2,2,0,0,6,26,2,5,,,0.596,2.075,1,0,164,555,0,0,6,12,5,2,383,800,ASA,-22.092172175230246,-20,-3,,-1.479,-382,6,0,0,2025-03-15,MLS-STA-00002S,54.21666666666666,54.55833333333332,62.25,62.25,47.833333333333336,47.208333333333336,6.242731885071541,5.73068919163403,63.0,64.4,41.141666666666666,41.85833333333333,46.66666666666666,46.66666666666666,38.583333333333336,39.29166666666666,3.270979296106221,3.226759855747971,59.4,60.6,11.0475,11.705,15.7,15.7,7.579166666666667,7.216666666666666,3.431812972435674,3.0796309415433387,19.44,21.26,11.863333333333333,12.484166666666667,17.283333333333335,17.283333333333335,7.920833333333333,7.3625,4.052536285737887,3.598366479313141,20.580000000000002,22.14,6.571666666666667,8.771666666666667,7.654166666666668,10.941666666666668,4.3875,6.9875,1.4587630319326483,1.9058216731898083,15.12,18.28,84.05833333333332,79.86666666666666,95.45833333333331,90.33333333333331,76.33333333333333,68.75,7.1116834622096725,9.018229993863658,121.0,123.2,13.92083333333333,13.714166666666666,15.925,15.925,11.845833333333331,11.983333333333334,1.6337664179231173,1.638961391993248,21.22,21.64,68.70833333333333,68.23333333333333,82.41666666666667,82.41666666666667,59.16666666666666,58.875,11.031127045270086,11.341854945779863,91.6,93.0,890.9016666666666,851.3641666666666,1234.5416666666667,1234.5416666666667,650.35,585.0124999999999,267.4245431866924,301.4033357110995,1151.22,1112.92,13.162523148148148,12.922787037037036,15.725046296296291,15.725046296296291,10.750555555555556,10.77451388888889,1.9907639101526364,2.0536363496677104,20.520333333333333,20.930111111111103,10.244969803827086,9.92556760605129,13.683434895003032,13.683434895003032,7.67343568531349,7.207646229495367,2.56030565645856,2.8007086108830457,13.834147187019266,13.798737411443057,,,,,,,,,,,5.0,5.0,2.0,0.0,190.0,206.0,209.0,209.0,19.0,3.0,0.34166666666666146,0.7166666666666615,0.6575000000000006,0.6208333333333336,2.1999999999999993,-4.191666666666663,-0.20666666666666522,-0.4749999999999943,-39.53750000000002,-0.23973611111111204,-0.3194021977757959,,16.0,-16.0,5,2,avg,home_minus_away
MLS-MAT-00068R,Timbers2,Real Monarchs,Providence Park,399,356,82.95739348370927,80.89887640449439,10,19,2,2,0,0,13,13,5,6,,,1.7892,1.3455,2,3,331,288,0,0,18,9,6,5,534,506,ASA,2.05851707921488,0,-1,,0.4437,43,-9,0,0,2025-03-15,MLS-STA-00000P,59.86666666666666,39.74166666666667,93.75,62.29166666666666,26.416666666666668,26.416666666666668,29.263016453271604,13.79026302021345,68.8,50.2,45.3,31.975,59.16666666666666,43.625,25.791666666666668,25.791666666666668,16.36740175708343,7.007225933119166,60.4,46.4,11.989166666666666,6.801666666666667,27.691666666666663,17.183333333333334,2.5875,2.5875,10.472361773311267,6.104725941387086,22.32,14.120000000000001,16.9,8.1625,33.5875,20.558333333333334,3.341666666666667,3.341666666666667,13.002550831471492,7.322637796966033,33.760000000000005,16.639999999999997,23.344166666666666,16.693333333333335,44.17083333333333,34.32083333333333,7.1875,7.1875,17.754703651036,10.671476617340472,59.52,36.980000000000004,83.58333333333334,58.083333333333336,112.79166666666669,74.83333333333333,58.833333333333336,32.166666666666664,19.803527147960292,15.720734494786035,115.2,78.0,5.325833333333334,6.114166666666667,6.983333333333333,7.675,4.120833333333333,4.245833333333334,1.236754124265971,1.4649332796714283,11.28,9.08,68.275,89.175,91.5,94.25,52.958333333333336,84.875,19.91556831002095,3.751434910656039,84.6,98.4,301.23583333333335,536.0550000000001,461.45416666666665,694.2166666666667,135.02916666666667,373.92083333333335,131.49765743715108,130.1207692702672,571.3399999999999,725.0,3.6967083333333335,5.109597222222223,5.120023148148149,6.714236111111112,2.0289351851851856,3.0389814814814806,1.189480147800784,1.6078586104282488,9.816111111111109,8.059333333333335,2.3284857672287536,5.00696729692097,4.234629370545902,6.7583243601309,0.0705333602226723,3.1301279789420806,1.5795864172373821,1.455977726357938,6.280486407191316,7.063820545043211,,,,,,,,,,,5.0,5.0,2.0,0.0,1302.0,31.0,13.0,13.0,-1289.0,-18.0,-20.124999999999993,-13.324999999999996,-5.187499999999999,-8.737499999999999,-6.650833333333331,-25.500000000000007,0.7883333333333331,20.89999999999999,234.81916666666672,1.4128888888888893,2.6784815296922164,,-1271.0,1271.0,5,2,avg,home_minus_away
MLS-MAT-00068T,Orlando City B,Atlanta,Osceola Heritage Park,263,339,76.04562737642586,86.13569321533923,17,14,6,2,0,0,9,20,5,6,,,0.7296,3.0563,2,2,200,292,0,0,14,17,6,5,410,484,ASA,-10.090065838913375,-11,-1,,-2.3266999999999998,-76,3,4,0,2025-03-16,MLS-STA-000017,56.24166666666666,58.233333333333334,61.41666666666666,63.583333333333336,52.04166666666666,53.5,3.8514517464919065,4.040227406966096,73.6,81.2,42.09166666666667,43.71666666666666,46.708333333333336,46.91666666666666,38.583333333333336,39.833333333333336,3.768749424175376,2.663637602561156,67.0,69.8,9.848333333333333,10.254999999999999,12.041666666666666,13.108333333333334,8.008333333333333,8.270833333333334,1.9032469514840507,1.885784724664451,20.66,14.34,10.764166666666666,11.501666666666667,13.1375,14.429166666666667,8.362499999999999,9.558333333333334,1.8374211056381293,1.8794105532793461,22.06,15.580000000000002,11.440000000000001,9.451666666666666,15.945833333333333,12.3,6.070833333333333,5.270833333333333,3.5805095462952075,2.9238729428809167,25.44,20.98,89.05833333333334,93.56666666666666,102.16666666666669,101.375,80.45833333333333,83.75,8.137522401402865,6.973449150567853,133.0,138.8,16.479166666666664,18.560833333333335,22.75,22.429166666666664,12.195833333333333,16.783333333333335,4.395821484976134,2.347484247373487,23.7,25.34,68.79166666666666,69.60833333333332,76.70833333333333,76.54166666666667,55.0,58.79166666666666,9.150980897635446,6.935566547394193,89.0,92.6,1081.9833333333331,1210.0866666666666,1533.3333333333333,1526.3375,609.7708333333334,920.0416666666666,390.38142776088233,248.74769669159753,1397.72,1463.06,15.973366999117818,18.28672371345619,22.905862773366863,22.58570190061427,10.907083333333333,16.052337962962962,4.967440907319583,2.6680520384370525,23.188355066104897,24.921285681987577,12.66336803106131,14.576234196771981,18.626555513559435,18.43478334318281,7.234946611577665,11.67355407304307,4.699824841673943,2.699551538888242,16.170076903092628,16.94058092604685,,,,,,,,,,,5.0,5.0,2.0,0.0,316.0,39.0,23.0,23.0,-293.0,-16.0,1.9916666666666742,1.624999999999993,0.4066666666666663,0.7375000000000007,-1.988333333333335,4.508333333333326,2.0816666666666706,0.8166666666666629,128.10333333333347,2.313356714338372,1.9128661657106711,,-277.0,277.0,5,2,avg,home_minus_away
MLS-MAT-00068U,Philadelphia Union II,RBNY II,Subaru Park,398,431,74.12060301507537,75.63805104408353,13,17,3,1,1,0,9,11,3,2,,,0.7898,1.5079,1,1,295,326,0,0,17,12,2,3,559,602,ASA,-1.5174480290081505,-2,1,,-0.7181000000000001,-33,-4,2,1,2025-03-17,MLS-STA-000002,57.425,54.583333333333336,59.75,59.75,55.0,46.958333333333336,1.690044378115557,5.1196618540681,63.8,62.4,39.90833333333333,35.28333333333333,49.208333333333336,41.25,30.5,30.5,6.657376339236216,4.701359141543833,56.8,43.6,11.833333333333332,10.97,14.5375,15.066666666666668,8.174999999999999,7.154166666666666,2.6625733557969813,3.4431990636131786,21.46,17.3,13.675833333333333,12.728333333333333,17.145833333333332,17.429166666666667,9.766666666666667,7.383333333333333,3.4132406603630443,4.2152309396995085,23.580000000000002,19.78,25.52,16.607499999999998,42.2375,26.320833333333336,10.333333333333334,10.333333333333334,12.210852769042063,6.3403144090459405,55.17999999999999,30.48,61.0,67.93333333333334,72.25,79.45833333333333,46.125,55.083333333333336,11.510110290040178,8.961075161807065,86.4,89.6,8.535833333333333,9.705833333333334,15.545833333333334,15.545833333333334,5.308333333333334,7.479166666666667,4.110505468714686,3.339453496124445,13.319999999999999,15.0,76.88333333333334,74.84166666666667,89.75,89.75,54.375,48.5,14.487824150337797,16.818692065014382,94.0,89.4,654.7083333333333,714.2608333333334,1363.5166666666669,1363.5166666666669,352.6166666666666,426.1041666666667,428.7015283582119,383.5340393004034,880.9200000000001,945.2800000000001,7.452481481481482,8.686171296296298,15.47550925925926,15.47550925925926,3.785601851851853,6.128912037037039,4.732684461519619,3.860672415445064,12.300333333333333,14.111777777777778,6.270694867823283,7.148823839991299,14.211571751969336,14.211571751969336,2.725918095370194,4.199158577996436,4.836704649586763,4.151084733647445,9.240004775934574,10.501697722815901,,,,,,,,,,,5.0,5.0,2.0,0.0,4.0,10.0,8.0,8.0,4.0,-2.0,-2.8416666666666615,-4.625,-0.8633333333333315,-0.9474999999999998,-8.912500000000001,6.933333333333337,1.1700000000000017,-2.0416666666666714,59.55250000000012,1.2336898148148157,0.8781289721680157,,6.0,-6.0,5,2,avg,home_minus_away
MLS-MAT-00068X,St Louis CITY2,Sporting KC II,Energizer Park,488,256,87.09016393442623,75.0,19,16,2,1,0,0,10,6,4,2,,,,,2,0,425,192,0,0,15,19,2,4,623,386,,12.09016393442623,4,2,,,232,3,1,0,2025-03-23,MLS-STA-00000U,43.9,43.36666666666667,49.208333333333336,51.583333333333336,40.333333333333336,39.208333333333336,4.41269475490884,5.110531745544903,51.6,52.2,37.94166666666667,38.05,45.5,43.333333333333336,33.291666666666664,33.291666666666664,5.055645222037549,4.85639255117532,50.0,49.6,5.761666666666667,4.984166666666667,6.808333333333334,6.566666666666666,4.616666666666666,2.529166666666667,0.9137567449211467,1.504747694798035,10.92,10.66,6.490833333333333,5.3950000000000005,7.658333333333334,6.620833333333334,5.020833333333333,2.7375000000000003,0.9641913350344714,1.5528658541906033,12.120000000000001,11.4,6.255833333333333,6.456666666666666,12.670833333333334,12.670833333333334,3.695833333333333,3.695833333333333,3.6451744642746533,3.544797145896442,16.68,19.34,90.06666666666666,88.95833333333333,104.58333333333331,99.08333333333331,77.0,77.0,10.400178617590072,9.804247237237986,109.8,109.0,10.800833333333333,11.49,18.39583333333333,16.579166666666666,5.145833333333333,5.3625,4.872261873492523,4.921508562196938,16.880000000000003,17.580000000000002,49.35,50.266666666666666,63.25,53.79166666666666,43.54166666666666,46.16666666666666,7.995256840430111,3.3477034001768335,71.8,71.4,480.2366666666667,537.3625,795.0749999999999,877.6916666666666,203.95833333333331,254.04166666666663,239.1135723477502,281.42068990189955,761.2,753.86,9.225055555555556,10.007074074074072,17.42789351851852,15.572083333333332,2.8931481481481485,3.35886574074074,5.350060564099628,5.410521819437946,15.657555555555557,16.302222222222223,5.5174470702599905,6.246255173500187,11.43638343348262,10.994855564900211,0.4667861190255361,1.3099837251749096,4.1418480704299,4.332172283387741,9.813697879786085,9.974850917156232,,,,,,,,,,,5.0,5.0,2.0,0.0,276.0,152.0,142.0,142.0,-134.0,-10.0,-0.5333333333333314,0.10833333333332718,-0.7774999999999999,-1.0958333333333323,0.20083333333333275,-1.1083333333333343,0.6891666666666669,0.9166666666666643,57.125833333333276,0.782018518518516,0.7288081032401967,,-124.0,124.0,5,2,avg,home_minus_away
MLS-MAT-00068V,Houston Dynamo 2,North Texas SC,SaberCats Stadium,289,347,72.66435986159169,78.6743515850144,22,20,2,2,0,0,11,9,9,5,,,,,5,1,210,273,0,1,17,22,5,9,436,496,,-6.009991723422715,2,4,,,-58,2,0,0,2025-03-23,MLS-STA-00000Y,49.825,52.925,53.875,58.625,43.958333333333336,47.91666666666666,3.6048770976121873,4.7745527713773015,68.6,75.6,43.49166666666666,46.05833333333333,46.0,50.708333333333336,40.41666666666666,42.54166666666666,2.0557338511263277,4.162351932635099,63.0,64.8,6.090833333333333,6.3875,9.641666666666667,8.466666666666667,3.0541666666666667,4.9375,2.899731189648831,1.5203880626705513,8.459999999999999,8.98,7.5,8.348333333333333,11.795833333333334,11.795833333333334,3.6041666666666665,6.808333333333334,3.7412455683605934,2.003509507644579,9.860000000000001,11.42,7.9300000000000015,8.334166666666667,10.9,10.9,2.591666666666667,4.929166666666666,3.586773300382021,2.5592923691043112,25.520000000000003,20.5,97.39166666666667,102.45,104.20833333333331,111.45833333333331,85.41666666666667,94.125,7.808059849355084,8.350523935658163,124.0,129.2,16.133333333333333,17.450833333333332,20.504166666666663,21.016666666666666,11.2,14.125,3.6401706023054574,3.0620243394779787,22.119999999999997,23.380000000000003,49.59166666666666,56.825,72.875,72.875,36.208333333333336,34.375,15.067942193426566,15.251804310383157,70.4,80.2,791.9649999999999,965.0866666666667,1280.8125,1285.9916666666666,391.6041666666667,465.4583333333333,347.7116453007834,365.42902320660863,1125.34,1291.3200000000002,15.097115740740742,16.735236111111114,19.883055555555558,20.58824074074074,9.329699074074076,12.490625,4.223580588031046,3.6266452179909123,21.484222222222222,22.703111111111113,10.237547468638379,12.119139844498196,15.111745254955196,15.2104061163106,4.714645797371445,6.754903212267647,4.249815905332567,3.97564819522081,14.474134566901677,15.554018871360901,,,,,,,,,,,5.0,5.0,2.0,0.0,219.0,20.0,14.0,14.0,-205.0,-6.0,3.0999999999999943,2.56666666666667,0.29666666666666686,0.8483333333333327,0.404166666666665,5.058333333333337,1.317499999999999,7.233333333333341,173.12166666666678,1.6381203703703715,1.8815923758598174,,-199.0,199.0,5,2,avg,home_minus_away
MLS-MAT-0006D5,Inter Miami CF II,Columbus Crew 2,Chase Stadium,583,438,88.33619210977702,84.93150684931507,16,9,1,0,0,0,12,13,5,5,,,2.2962,2.2749,3,2,515,372,0,0,9,14,5,5,694,557,ASA,3.404685260461946,-1,0,,0.021299999999999653,145,7,1,0,2025-03-23,MLS-STA-000008,46.80833333333333,56.70833333333333,57.25,58.79166666666666,35.25,54.583333333333336,9.362473112259275,1.872683754520352,61.8,79.4,41.65,48.54166666666667,50.333333333333336,50.333333333333336,33.208333333333336,47.208333333333336,7.589432071417906,1.3310527370802756,55.0,65.6,5.569166666666666,7.350833333333334,7.733333333333333,9.141666666666667,3.0625,5.070833333333334,1.8505878382887482,1.491458318782884,9.1,9.559999999999999,6.671666666666667,9.844166666666666,10.475,11.104166666666666,3.358333333333333,7.433333333333334,3.006808535548021,1.5679698702108047,10.459999999999999,12.58,4.7875,7.300833333333334,6.879166666666666,12.708333333333334,3.0541666666666667,4.291666666666667,1.6314322482271693,3.4168424751515833,9.62,14.66,96.53333333333333,106.94166666666665,109.79166666666669,109.79166666666669,81.375,102.0,13.336601162048582,3.2027277870243305,116.6,131.0,14.326666666666668,20.111666666666668,19.3875,22.25,8.704166666666667,18.854166666666668,5.052079123709587,1.3911969017520291,20.360000000000003,24.94,57.375,59.21666666666666,66.20833333333333,68.33333333333333,49.79166666666666,52.125,6.222508983967445,6.454797419146646,76.8,84.0,787.7575,1152.6466666666668,1117.6416666666669,1363.8791666666668,474.6833333333333,998.6416666666668,272.48614851390977,163.0810434975932,1207.06,1480.2400000000002,13.31301388888889,19.70830045670939,18.951736111111117,22.054881913176583,7.358912037037037,18.20513888888889,5.4885035973082,1.6107996390025563,19.699333333333332,24.518111757213784,9.478226084051721,14.81062971968566,14.275899616230683,16.784554857718742,5.02325997006087,13.091305159729748,4.247429316492323,1.7604716360648147,14.519572579682926,17.537794434236076,,,,,,,,,,,5.0,5.0,2.0,0.0,231.0,6.0,4.0,4.0,-227.0,-2.0,9.899999999999999,6.891666666666673,1.781666666666668,3.1724999999999994,2.5133333333333345,10.408333333333317,5.785,1.8416666666666615,364.8891666666667,6.395286567820502,5.3324036356339395,,-225.0,225.0,5,2,avg,home_minus_away
MLS-MAT-00068Y,Real Monarchs,Colorado Rapids 2,America First Field,488,324,89.34426229508196,80.8641975308642,13,12,2,4,1,0,9,6,3,4,,,,,2,2,436,262,1,0,12,13,4,3,641,467,,8.480064764217758,3,-1,,,164,1,-2,1,2025-03-23,MLS-STA-00000R,55.9,60.541666666666664,68.375,75.75,48.083333333333336,48.54166666666666,7.5423342245988785,12.327454961723989,70.2,69.6,46.25833333333333,46.95833333333333,52.25,53.333333333333336,41.66666666666666,40.375,3.9495956192445294,5.487596493709953,61.6,61.8,9.454166666666666,14.511666666666667,15.075,21.85,4.679166666666666,5.5375000000000005,4.007795138851286,6.545885980055632,18.68,26.72,13.6875,20.735833333333332,22.825,28.291666666666668,6.2625,10.291666666666666,6.656773257993194,7.639258980933804,24.4,41.3,14.235,20.480833333333333,27.183333333333334,31.05,6.0625,7.220833333333334,8.34968271186929,9.908507059732953,42.3,57.7,94.55833333333334,86.85833333333332,101.66666666666669,97.625,82.375,76.79166666666667,7.553202503280024,9.071743370365903,125.2,117.8,3.9816666666666665,2.4025000000000003,6.879166666666666,6.325,0.6166666666666667,0.0208333333333333,2.4918175121563153,2.5915470899531123,10.72,7.2,49.59166666666666,69.39166666666667,67.54166666666667,79.5,31.70833333333333,61.66666666666666,13.950725538679185,6.84270191111994,77.4,89.8,143.09416666666667,125.74333333333334,351.1708333333333,378.69166666666666,-21.241666666666664,-20.48333333333333,151.0771206550372,157.10819941891248,335.06,389.1,1.7302824074074075,0.5101990740740746,4.837893518518517,4.81363425925926,-2.136805555555556,-2.045879629629629,2.9157652612728606,2.7838704302852526,8.573444444444444,5.4430000000000005,-0.24508131210927503,-0.22814852595869972,2.885695926890238,3.3361489126442643,-3.3460162026008544,-2.2188365273517827,2.6427496098070145,2.209907301529805,3.5618786011264305,3.2031447466202714,,,,,,,,,,,5.0,5.0,2.0,0.0,1597.0,1302.0,1362.0,1362.0,-235.0,60.0,4.641666666666666,0.6999999999999957,5.057500000000001,7.048333333333332,6.245833333333334,-7.700000000000017,-1.5791666666666662,19.800000000000004,-17.350833333333327,-1.2200833333333327,0.016932786150575307,,-295.0,295.0,5,2,avg,home_minus_away
MLS-MAT-00068Z,NYCFC II,Carolina Core FC,Belson Stadium,580,408,87.41379310344827,83.82352941176471,7,15,3,2,0,0,5,13,1,5,,,0.6957,0.8937,1,1,507,342,0,0,15,7,5,1,691,522,ASA,3.5902636916835604,-8,-4,,-0.19800000000000006,172,-8,1,0,2025-03-24,MLS-STA-00000Z,41.3125,54.24166666666666,44.75,83.95833333333333,37.875,37.875,4.861359120657514,17.986139532367076,51.5,66.2,40.16666666666666,43.425,43.29166666666666,54.66666666666666,37.04166666666666,37.04166666666666,4.419417382415922,6.709329636160876,62.5,66.0,8.1125,11.563333333333333,9.520833333333334,26.2,6.704166666666667,6.095833333333334,1.991684100342109,8.322415973675486,21.15,28.3,8.20625,12.1575,9.641666666666667,27.05,6.770833333333333,6.3875,2.0299857176563805,8.542737432885447,21.25,28.96,26.3125,31.06583333333333,30.475,51.3125,22.15,19.95,5.88666395337801,12.38418023685415,64.85,72.12,58.64583333333333,52.20833333333333,63.5,69.66666666666667,53.79166666666666,31.58333333333333,6.864828334019406,15.447042147644678,92.5,85.8,5.94375,6.998333333333333,7.754166666666666,8.291666666666666,4.133333333333334,4.133333333333334,2.5603158035462905,1.7188815606214536,12.15,12.22,53.60416666666667,64.26666666666667,60.958333333333336,90.0,46.25,46.25,10.400362239952136,16.50212002373567,76.0,88.6,288.925,431.58000000000004,399.3875,718.5166666666668,178.4625,178.4625,156.217565633638,198.9607510193419,480.0,660.52,3.9933449074074083,5.431796296296296,6.176828703703705,7.343055555555556,1.8098611111111116,1.8098611111111116,3.0879123979441148,2.2357699541460487,10.29527777777778,10.615111111111114,1.8149018562710018,3.6974945237193153,3.8538524237579743,7.048610978385923,-0.2240487112159708,-0.2240487112159708,2.8835115455483953,2.7144066393877586,5.384040709260292,7.228147291689747,,,,,,,,,,,2.0,5.0,2.0,0.0,,27.0,51.0,51.0,,24.0,12.92916666666666,3.25833333333334,3.450833333333332,3.95125,4.75333333333333,-6.4375,1.0545833333333334,10.662499999999994,142.65500000000003,1.438451388888888,1.8825926674483136,,,,5,2,avg,home_minus_away
MLS-MAT-000692,Charlotte,Orlando City B,Mecklenburg County Sportsplex,576,313,90.10416666666669,83.38658146964856,13,6,4,1,0,0,16,10,3,1,,,1.4087,1.5883,0,1,519,261,1,0,5,13,1,3,694,430,ASA,6.717585197018124,6,2,,-0.17959999999999998,263,7,3,0,2025-03-26,MLS-STA-000039,56.225,48.93333333333334,64.29166666666667,56.833333333333336,47.458333333333336,42.75,7.193662816828588,5.415111956368032,83.0,67.6,45.58333333333333,42.033333333333324,49.083333333333336,45.583333333333336,42.29166666666666,37.79166666666666,2.6598219447507754,3.2116325028454527,67.4,61.6,8.867500000000001,5.96,11.145833333333334,9.991666666666667,5.804166666666667,2.6666666666666665,2.009347513636095,2.8591146284004307,17.8,13.36,9.569166666666666,6.180000000000001,12.083333333333334,10.458333333333334,6.2375,2.708333333333333,2.1898967029164744,3.0183889535644672,18.54,13.74,8.895833333333334,6.240833333333333,13.5875,7.320833333333333,5.4750000000000005,5.066666666666666,3.3984435264952952,0.9508055794956191,23.4,14.38,97.25,96.35000000000001,101.0,102.25,93.45833333333331,92.16666666666669,2.7831025353411336,4.226096997624789,135.4,124.2,15.856666666666666,13.548333333333336,18.23333333333333,15.054166666666667,14.258333333333333,10.266666666666667,1.4898662318775087,1.9518011624593776,22.259999999999998,20.68,56.48333333333333,45.04166666666667,66.08333333333333,63.458333333333336,44.79166666666666,37.5,9.906884180541669,10.653434175054644,82.2,66.8,837.2258333333333,567.1441666666667,1077.4625,964.2416666666668,606.85,360.525,211.37418685778945,235.92069071100053,1123.1799999999998,720.28,14.97273148148148,12.134810185185184,17.807268518518523,14.27210648148148,12.974560185185185,8.359606481481482,1.8035873863759706,2.3137725969393905,21.523333333333333,19.618222222222222,10.590517508316578,7.3383358698561185,13.629082288477417,10.978832746889552,8.295809227046886,4.0666536181356525,2.1773813894185268,2.545053369102296,14.068313852482408,11.388624889239226,,,,,,,,,,,5.0,5.0,2.0,0.0,39.0,239.0,228.0,228.0,189.0,-11.0,-7.291666666666664,-3.5500000000000043,-2.9075000000000015,-3.3891666666666653,-2.655000000000001,-0.8999999999999915,-2.30833333333333,-11.441666666666656,-270.0816666666666,-2.8379212962962956,-3.25218163846046,,200.0,-200.0,5,2,avg,home_minus_away
MLS-MAT-000690,Ventura County,Houston Dynamo 2,William Rolland Stadium,583,380,88.16466552315609,85.78947368421052,8,16,2,4,0,0,17,17,8,6,,,,,1,0,514,326,0,0,15,8,8,8,740,535,,2.375191838945568,0,2,,,203,-8,-2,0,2025-03-26,MLS-STA-00004W,54.608333333333334,48.541666666666664,61.083333333333336,52.458333333333336,50.29166666666666,42.875,5.283014580289892,4.118787409204586,67.0,52.2,42.0,35.666666666666664,47.458333333333336,39.29166666666666,36.91666666666666,33.416666666666664,4.105276922585263,2.212849156379364,57.4,51.8,10.894166666666667,9.72,14.754166666666668,12.641666666666666,5.641666666666667,7.395833333333333,3.8327791719006665,1.9686814361958667,14.76,14.36,14.200833333333332,15.670000000000002,19.70833333333333,17.375,6.808333333333334,12.4,5.017162731564523,2.2321619284899565,17.72,22.94,12.140833333333335,13.696666666666667,16.45416666666667,15.670833333333334,8.208333333333334,9.55,3.4131084113719243,2.4745920679533784,30.4,27.839999999999996,88.20833333333333,69.84166666666667,99.625,80.08333333333333,69.45833333333333,64.625,11.45246061624605,6.1199242006925365,114.0,111.8,17.924166666666665,15.375,22.616666666666664,17.287499999999998,14.358333333333334,14.3,3.1354940466642027,1.1958079265593702,25.06,21.1,71.41666666666666,74.35,79.54166666666667,77.5,53.583333333333336,69.79166666666667,10.616990445089,3.1626344942854883,91.4,90.0,1225.655,1093.6791666666666,1761.3375,1213.9958333333334,706.2208333333333,940.0666666666666,375.1253183705932,113.76813603132315,1474.3600000000001,1340.56,17.665169235132186,14.909416666666667,23.172393959760644,17.006203703703704,13.248842592592592,13.607893518518518,3.6950340981554,1.3466143837073383,24.924841482483533,20.785222222222224,14.309886815005498,12.30953407466842,19.852536973740435,14.025379192734096,8.959543039470956,10.76197582643764,3.9000993283378236,1.2876899243042383,17.57887770152391,15.779339657330985,,,,,,,,,,,5.0,5.0,2.0,0.0,20.0,25.0,272.0,272.0,252.0,247.0,-6.06666666666667,-6.333333333333336,-1.1741666666666664,1.4691666666666698,1.5558333333333323,-18.36666666666666,-2.5491666666666646,2.933333333333337,-131.9758333333334,-2.7557525684655193,-2.000352740337078,,5.0,-5.0,5,2,avg,home_minus_away
MLS-MAT-000691,Timbers2,Town FC,Providence Park,356,481,80.0561797752809,83.78378378378379,7,9,1,2,0,0,16,12,9,3,,,,,1,1,285,403,0,0,8,7,4,9,489,609,,-3.727604008502894,4,6,,,-125,-2,-1,0,2025-03-26,MLS-STA-00000P,48.4,49.475,63.583333333333336,63.583333333333336,42.333333333333336,32.833333333333336,8.622513731827604,12.379334257813166,53.8,56.8,32.59166666666666,33.141666666666666,39.66666666666666,39.66666666666666,27.20833333333333,25.0,4.784360371739014,6.761153336853442,43.8,47.4,10.419166666666666,10.684999999999999,13.8625,15.454166666666666,6.695833333333333,2.4916666666666667,2.8742112444595604,5.13639958477185,18.72,22.3,12.706666666666667,13.764166666666668,15.891666666666666,22.070833333333336,8.908333333333333,3.154166666666667,2.865516666133507,6.888686250939935,21.919999999999998,28.320000000000004,15.1375,15.5275,21.1625,21.1625,9.233333333333333,7.6375,4.8664053511464385,5.203539960930446,34.160000000000004,38.84,44.625,47.18333333333333,61.04166666666666,68.66666666666667,29.20833333333333,29.20833333333333,14.962685068009831,17.575743820200987,76.0,74.2,13.122499999999999,10.8375,15.741666666666667,15.741666666666667,11.166666666666666,7.404166666666666,1.7564652398749276,3.7217803945901418,18.8,15.040000000000001,83.175,87.26666666666668,89.41666666666667,96.54166666666669,77.41666666666667,78.66666666666667,4.693597885536335,7.575579827460224,95.8,98.4,1049.2325,906.5875,1192.3375,1192.3375,825.9833333333332,527.3125,155.9169821003847,290.3309416909003,1282.16,1108.44,12.662097222222224,10.255435185185187,15.468981481481483,15.468981481481483,10.360324074074072,6.254212962962964,1.9630636276381108,4.0398120943029845,18.417111111111108,14.474333333333334,11.160533842247787,9.38185240015552,13.25472388739616,13.25472388739616,8.693634805447896,5.220490219552196,1.8246323061395089,3.412028642386411,14.615714899617029,12.016278018408697,,,,,,,,,,,5.0,5.0,2.0,0.0,17.0,31.0,13.0,13.0,-4.0,-18.0,1.0750000000000028,0.5500000000000043,0.26583333333333314,1.057500000000001,0.39000000000000057,2.55833333333333,-2.2849999999999984,4.091666666666683,-142.6450000000001,-2.4066620370370373,-1.7786814420922674,,14.0,-14.0,5,2,avg,home_minus_away
MLS-MAT-000693,New England Revolution II,TFC II,Gillette Stadium,391,570,85.67774936061382,87.19298245614036,14,8,3,1,0,0,15,8,9,2,,,2.2374,0.7484,4,0,335,497,0,0,8,13,2,9,544,717,ASA,-1.5152330955265398,7,7,,1.489,-179,6,2,0,2025-03-28,MLS-STA-00000N,42.79166666666667,50.041666666666664,57.833333333333336,57.833333333333336,34.25,38.91666666666666,9.816060040679371,7.2486828305408615,48.0,55.6,31.441666666666663,38.291666666666664,40.16666666666666,42.625,27.83333333333333,31.416666666666668,5.060193233025347,4.373313166874235,40.2,56.2,6.575833333333333,9.565000000000001,14.416666666666666,14.416666666666666,3.3375,4.7375,4.602572687880358,4.454104887317116,13.14,22.880000000000003,6.8166666666666655,10.090833333333332,14.8625,14.8625,3.4416666666666664,5.016666666666667,4.724433203805747,4.749273884559149,13.74,23.380000000000003,12.385833333333334,17.306666666666665,25.20833333333333,25.20833333333333,6.854166666666667,7.966666666666668,7.420051661994452,7.24053656793933,24.48,53.6,71.05,68.11666666666666,80.66666666666667,80.66666666666667,56.0,56.0,9.651136950869805,10.275011827514149,87.2,97.6,2.435,4.0408333333333335,5.045833333333333,6.645833333333333,-1.9708333333333328,2.3000000000000003,2.631133047018168,1.7850590365276124,5.5600000000000005,8.48,63.69166666666666,61.24166666666666,77.75,86.58333333333333,49.04166666666666,41.5,10.509816839507723,17.66635711206787,78.6,81.6,141.5358333333333,224.2666666666667,276.27916666666664,367.9458333333334,-115.30416666666667,85.21666666666667,156.30395947724384,116.96217942108706,268.84000000000003,403.84000000000003,0.3971157407407411,2.0995601851851857,3.244444444444445,5.162199074074074,-4.526111111111111,-0.3308333333333331,2.9373869496567675,2.141079566659313,3.5763333333333334,6.553333333333336,-0.5221847786892954,0.7994835873382194,1.6902151738873343,3.56260120022831,-4.648919687156432,-2.004676943225369,2.5389907986028706,2.2347113555517657,1.5963988473757726,3.4063332085851905,,,,,,,,,,,5.0,5.0,2.0,0.0,87.0,79.0,91.0,91.0,4.0,12.0,7.249999999999993,6.850000000000001,2.9891666666666685,3.274166666666667,4.920833333333331,-2.933333333333337,1.6058333333333334,-2.450000000000003,82.73083333333341,1.7024444444444446,1.3216683660275148,,-8.0,8.0,5,2,avg,home_minus_away
MLS-MAT-000694,Huntsville,Philadelphia Union II,Wicks Family Field,419,266,90.45346062052506,78.94736842105263,10,16,2,3,0,0,14,24,6,10,,,2.1552,3.315,2,2,379,210,0,0,14,10,11,6,647,444,ASA,11.506092199472434,-10,-4,,-1.1598000000000002,153,-6,-1,0,2025-03-28,MLS-STA-000013,43.55,42.975,54.958333333333336,47.41666666666666,36.458333333333336,36.458333333333336,7.551926722514078,4.017820546570542,49.8,53.6,35.71666666666666,35.95833333333333,39.958333333333336,40.66666666666666,30.95833333333333,30.95833333333333,3.209199017408136,3.4584588330642294,58.2,54.8,7.806666666666667,6.694166666666666,9.358333333333333,7.470833333333334,5.520833333333333,5.520833333333333,1.6334412166751928,0.7256857389164176,21.18,12.86,8.325,7.383333333333333,9.716666666666669,8.345833333333333,5.854166666666667,5.854166666666667,1.6075532434590016,0.949451596098154,21.860000000000003,14.4,14.270833333333332,5.5675,20.375,7.800000000000001,5.458333333333333,4.420833333333333,7.09522408815332,1.319355113935087,47.120000000000005,17.34,69.99166666666667,81.65833333333333,76.33333333333333,89.33333333333333,65.375,73.16666666666667,4.674324074725196,6.731481799887904,102.6,116.0,10.396666666666667,14.540833333333333,14.504166666666668,15.141666666666666,5.449999999999999,13.7,3.77067149744799,0.539252633538101,16.080000000000002,21.6,63.008333333333326,63.5,90.83333333333331,68.625,42.54166666666666,55.16666666666666,17.794286497200282,5.204915545264243,83.4,90.0,616.6858333333333,849.7175,817.5208333333334,968.05,224.1833333333333,753.7291666666666,255.58920330722546,90.41886159970227,880.04,1252.46,9.137106481481482,13.708527777777778,13.698657407407408,14.45212962962963,3.161365740740741,12.75423611111111,4.258492521598382,0.609949480052493,14.902888888888892,20.79211111111111,6.564902683410518,10.210168405250826,10.157891685043314,11.202823195995087,0.6299529536957814,9.362341967944458,3.809627619715307,0.7775042479087578,10.009967703406739,14.6966228020563,,,,,,,,,,,5.0,5.0,2.0,0.0,10.0,190.0,197.0,197.0,187.0,7.0,-0.5749999999999957,0.24166666666666714,-1.1125000000000007,-0.9416666666666664,-8.703333333333333,11.666666666666657,4.144166666666667,0.49166666666667425,233.03166666666664,4.571421296296297,3.6452657218403077,,180.0,-180.0,5,2,avg,home_minus_away
MLS-MAT-000695,North Texas SC,Sporting KC II,Choctaw Stadium,421,431,80.04750593824228,83.75870069605568,10,17,2,2,0,0,14,11,5,4,,,,,3,3,337,361,0,0,15,10,4,5,572,604,,-3.711194757813402,3,1,,,-10,-7,0,0,2025-03-28,MLS-STA-000010,45.16666666666667,51.11666666666666,51.458333333333336,56.625,35.416666666666664,43.833333333333336,6.178268927818249,4.914406260057145,54.0,77.6,35.975,42.30833333333333,42.41666666666666,51.458333333333336,30.45833333333333,34.041666666666664,4.476656273256734,6.3891183533671825,48.4,63.2,7.8,7.651666666666666,10.85,9.5125,4.4375,5.729166666666667,2.6154007686309866,1.5817689640258956,11.32,12.1,8.5075,8.230833333333333,11.8375,10.070833333333333,4.820833333333334,5.995833333333334,2.9173561685006657,1.7771373086762001,12.28,12.98,9.089166666666667,10.436666666666667,10.716666666666669,16.9875,5.120833333333333,4.533333333333333,2.293875072278833,4.448947870314709,19.24,23.88,81.75,91.88333333333333,97.54166666666669,101.95833333333331,69.08333333333333,77.375,12.306805648817969,9.416408551034724,109.2,129.2,14.781666666666666,19.6175,21.941666666666663,20.429166666666667,9.429166666666667,17.270833333333332,5.682810643119787,1.33835772082388,20.580000000000002,25.96,60.10833333333333,55.83333333333333,69.70833333333333,67.45833333333333,54.583333333333336,38.625,5.703510736574639,11.24243572857373,84.4,81.0,855.8058333333335,1058.4991666666665,1340.0291666666667,1289.6458333333333,476.2,617.6791666666667,398.52529787129293,270.6592230638259,1070.3,1288.3799999999999,13.885546208985,19.073030245829983,21.71458289677685,20.03157407407408,7.852870370370371,16.062013888888888,6.33598253716184,1.6950093102147836,19.72850323439245,25.517408590711106,10.199236673286405,13.898661245986599,16.28596398497224,15.61699041766841,4.874635407993771,9.59534082095327,5.465127117089453,2.4901621103655107,13.300129822073206,17.600206249066233,,,,,,,,,,,5.0,5.0,2.0,0.0,276.0,219.0,187.0,187.0,-89.0,-32.0,5.949999999999989,6.333333333333329,-0.14833333333333343,-0.2766666666666673,1.3475000000000001,10.133333333333326,4.835833333333333,-4.274999999999999,202.69333333333304,5.1874840368449835,3.6994245727001935,,-57.0,57.0,5,2,avg,home_minus_away
MLS-MAT-000696,Whitecaps FC 2,Timbers2,Swangard Stadium,405,565,80.98765432098766,85.48672566371681,3,10,1,1,0,0,29,15,8,7,,,3.3563,1.9656,1,1,328,483,0,0,10,3,7,8,574,707,ASA,-4.499071342729152,14,1,,1.3907,-160,-7,0,0,2025-03-29,MLS-STA-00001E,57.35,46.4,70.41666666666667,60.375,46.458333333333336,32.5,10.163105592178892,12.740042407918253,80.4,52.8,40.141666666666666,39.891666666666666,50.208333333333336,47.458333333333336,31.416666666666668,32.208333333333336,7.81328329406616,5.773698145710228,60.0,51.2,9.849166666666665,9.301666666666666,13.8625,15.604166666666666,6.0125,4.395833333333333,3.4401598295395783,4.272582568605967,18.0,17.64,11.6525,10.031666666666666,15.891666666666666,16.254166666666666,7.595833333333334,5.0125,3.8552888006102877,4.193826688320187,20.660000000000004,18.68,13.490833333333333,27.100833333333334,21.1625,38.25833333333333,3.6666666666666665,18.129166666666663,6.99642480624529,8.36750877651168,29.54,44.739999999999995,63.31666666666666,42.125,108.5,71.75,29.20833333333333,16.791666666666668,39.57527988249454,25.495131615881313,101.2,66.6,14.922222222222222,10.190833333333334,15.741666666666667,12.104166666666666,13.558333333333332,8.200000000000001,1.1891387328339489,1.5928262573523548,22.566666666666666,13.719999999999999,83.27777777777777,89.18333333333334,89.41666666666667,96.45833333333331,80.08333333333333,77.58333333333333,5.317903025873326,7.414302057510205,97.33333333333333,97.0,1174.1652777777779,885.6883333333333,1192.3375,970.1625,1147.2958333333331,777.0958333333333,23.746982751811352,70.36979704962609,1454.1333333333332,1078.74,14.644475308641978,9.594148148148147,15.468981481481483,11.395925925925924,13.30449074074074,7.550671296296296,1.1707021497886068,1.5805570228586234,22.402037037037033,13.209222222222223,12.829084559517355,8.980060967653865,13.25472388739616,9.990955290875704,12.317956591557689,7.6139629863816225,0.47419876879351663,0.9241724194839447,17.23251437928677,11.370651855135508,,,,,,,,,,,5.0,5.0,2.0,0.0,31.0,37.0,0.0,0.0,-31.0,-37.0,-10.950000000000003,-0.25,-0.5474999999999994,-1.6208333333333336,13.610000000000001,-21.191666666666663,-4.731388888888889,5.905555555555566,-288.4769444444446,-5.050327160493831,-3.8490235918634905,,6.0,-6.0,5,2,avg,home_minus_away
MLS-MAT-000697,RBNY II,NYCFC II,Sports Illustrated Stadium,431,611,78.88631090487239,84.94271685761048,11,16,2,4,0,0,18,11,8,5,,,3.0455,2.2109,3,2,340,519,0,1,16,11,5,8,562,737,ASA,-6.056405952738089,7,3,,0.8346,-180,-5,-2,0,2025-03-30,MLS-STA-00000B,53.48333333333333,53.48333333333333,66.79166666666667,66.79166666666667,44.29166666666666,44.29166666666666,9.53017867385264,9.53017867385264,60.4,60.4,43.7,43.7,48.125,48.125,38.083333333333336,38.083333333333336,4.439641502043457,4.439641502043457,66.6,66.6,12.043333333333333,12.043333333333333,17.966666666666665,17.966666666666665,5.729166666666667,5.729166666666667,4.42791864668567,4.42791864668567,27.72,27.72,12.338333333333333,12.338333333333333,18.291666666666668,18.291666666666668,5.858333333333333,5.858333333333333,4.511076645325372,4.511076645325372,27.98,27.98,30.063333333333333,30.063333333333333,37.083333333333336,37.083333333333336,22.008333333333336,22.008333333333336,6.024843964092901,6.024843964092901,73.12,73.12,59.541666666666664,59.541666666666664,66.29166666666667,66.29166666666667,50.79166666666666,50.79166666666666,6.299250396321424,6.299250396321424,100.4,100.4,8.995833333333334,9.178333333333333,15.4375,15.75,4.729166666666667,4.820833333333334,4.134047317366146,4.2144575899844785,15.26,15.52,58.916666666666664,57.833333333333336,72.70833333333333,70.04166666666667,51.79166666666666,51.66666666666666,8.219641111386794,7.225473360118202,86.2,85.2,496.9208333333333,493.50999999999993,1005.9375,984.15,185.2875,187.1625,312.3938709369285,303.15486947050766,684.74,685.6,7.489351851851852,7.661814814814815,14.935300925925924,15.209421296296297,2.609976851851852,2.7075462962962966,4.7459412311329014,4.815085414031704,13.807666666666668,14.062333333333331,4.932883723310435,4.975159439041636,11.953504800930142,11.91697250403817,0.5009228145041668,0.5639147746634167,4.380333929859098,4.35065687506442,8.234124053220423,8.207269877863236,,,,,,,,,,,5.0,5.0,2.0,0.0,27.0,4.0,12.0,12.0,-15.0,8.0,0.0,0.0,0.0,0.0,0.0,0.0,0.18249999999999922,-1.0833333333333286,-3.4108333333333576,0.17246296296296304,0.04227571573120059,,-23.0,23.0,5,2,avg,home_minus_away
MLS-MAT-00069B,Atlanta,Chattanooga,Fifth Third Stadium,497,331,90.14084507042251,81.26888217522658,5,8,0,0,0,0,24,15,11,8,,,3.5035,1.4114,2,2,448,269,0,0,7,4,8,11,639,444,ASA,8.871962895195935,9,3,,2.0921,166,-3,0,0,2025-03-30,MLS-STA-000011,49.55833333333333,51.06666666666666,59.79166666666666,59.125,39.083333333333336,40.79166666666666,8.381506593553313,7.429974016703487,67.6,75.0,39.3,42.075,48.583333333333336,46.125,31.041666666666668,36.375,6.42473788916283,3.7499305549125403,59.6,66.2,7.951666666666666,7.840833333333333,9.4,9.1,6.433333333333334,5.608333333333333,1.3607742638741454,1.330727923189243,13.319999999999999,14.3,8.611666666666668,8.5825,10.254166666666666,10.208333333333334,6.754166666666666,6.195833333333333,1.5220611482095223,1.5067999802746066,13.819999999999999,15.66,7.342499999999999,10.890833333333333,10.241666666666667,17.25,5.275,6.095833333333334,2.0157074164890325,4.008614205336081,16.6,26.2,88.01666666666668,90.15,107.91666666666669,101.70833333333331,76.875,80.625,13.928718583878736,8.527508591480723,122.6,131.8,14.944999999999999,14.87,17.587500000000002,17.625,12.620833333333332,12.995833333333332,1.932260837579763,1.8072130746600477,21.7,21.9,58.18333333333332,56.83333333333333,68.08333333333333,68.83333333333333,51.333333333333336,51.79166666666666,6.591411183418074,6.831935832706731,79.4,76.8,813.2783333333334,801.0091666666667,1190.6333333333334,1204.4333333333334,679.2708333333334,612.1708333333333,215.16829841799935,234.99873358479684,1022.7,995.72,14.014287037037036,13.896537037037039,17.179537037037036,17.24037037037037,11.514930555555557,11.703310185185186,2.189089831062755,2.15092429516667,20.954333333333334,21.195222222222224,10.031088644677371,9.853007694311795,13.782162798728995,13.900372383261717,8.115889723763495,7.591328590416015,2.248086530287851,2.448519253058559,13.779848872083448,13.977107319442677,,,,,,,,,,,5.0,5.0,2.0,0.0,206.0,316.0,336.0,336.0,130.0,20.0,1.5083333333333329,2.7750000000000057,-0.1108333333333329,-0.02916666666666856,3.548333333333334,2.1333333333333258,-0.07499999999999929,-1.3499999999999943,-12.269166666666706,-0.11774999999999736,-0.17808095036557603,,110.0,-110.0,5,2,avg,home_minus_away
MLS-MAT-000699,FC Cincinnati 2,Chicago Fire FC II,NKU Soccer Stadium,344,346,79.65116279069767,80.34682080924856,11,17,2,1,0,0,13,11,3,4,,,0.8656,0.9861,1,1,274,278,0,0,17,11,6,3,478,495,ASA,-0.6956580185508869,2,-1,,-0.12049999999999994,-2,-6,1,0,2025-03-30,MLS-STA-000016,55.575,51.44166666666666,60.708333333333336,65.375,49.708333333333336,34.375,4.561919673899478,11.473157077863673,60.6,57.8,43.56666666666666,38.266666666666666,48.125,44.875,38.208333333333336,26.70833333333333,3.794824692188614,6.939570511846458,57.6,53.8,13.007499999999999,11.295,17.1375,17.629166666666666,8.504166666666666,5.6875,3.3089149887505087,4.5419728490063775,22.3,21.339999999999996,13.456666666666667,11.8525,17.7375,18.404166666666665,8.975,6.083333333333333,3.330507395861611,4.685273174770305,23.080000000000002,22.06,24.2575,13.278333333333332,39.204166666666666,24.39583333333333,6.741666666666667,6.741666666666667,15.627059975319163,7.78435563860833,39.739999999999995,33.14,66.09166666666667,73.29166666666666,96.75,96.75,48.833333333333336,56.958333333333336,22.547257470575982,17.015592318354493,99.4,107.4,9.349166666666665,11.9725,19.425,20.025,2.1791666666666667,6.554166666666667,8.100388686661892,6.217208840298745,13.4,17.9,66.10833333333332,59.81666666666666,78.5,67.58333333333333,53.29166666666666,53.458333333333336,11.313808242340174,6.125325955045618,78.8,83.6,528.0641666666667,634.1891666666667,1018.9458333333332,1054.2166666666667,147.45000000000002,311.175,398.4148170950759,322.07715543072476,701.36,835.9200000000001,8.065800925925926,10.787185185185185,18.814560185185183,19.47891203703704,0.327199074074075,5.018912037037038,8.62446223147877,6.691638869705186,12.263000000000003,16.784777777777784,5.704859913575624,7.509511306612684,13.552056950222513,14.096961079406066,-0.2041535196782783,3.0863275514965114,6.2705905054206665,5.014247316101493,8.173217365607183,10.566106999870495,,,,,,,,,,,5.0,5.0,2.0,0.0,265.0,160.0,266.0,266.0,1.0,106.0,-4.13333333333334,-5.299999999999997,-1.7124999999999986,-1.6041666666666679,-10.979166666666668,7.199999999999989,2.623333333333335,-6.291666666666657,106.125,2.72138425925926,1.8046513930370605,,-105.0,105.0,5,2,avg,home_minus_away
MLS-MAT-000698,St Louis CITY2,Austin,Energizer Park,550,396,87.63636363636364,84.84848484848484,18,18,3,3,0,0,13,13,4,6,,,0.8359,1.4847,0,0,482,336,0,0,18,16,6,5,684,525,ASA,2.787878787878796,0,-2,,-0.6487999999999999,154,0,0,0,2025-03-30,MLS-STA-00000U,44.425,50.70833333333333,55.833333333333336,57.708333333333336,36.458333333333336,41.79166666666666,7.561288929658608,6.114006574161412,53.0,53.8,33.791666666666664,36.75,40.04166666666666,43.125,26.125,31.916666666666668,5.37653401882249,4.1638532168066495,49.6,51.0,6.527500000000001,9.400833333333333,7.395833333333333,13.729166666666666,5.441666666666666,6.608333333333333,0.720782753524096,2.898470621628662,10.02,15.1,7.216666666666667,10.093333333333334,8.770833333333334,14.55,5.941666666666666,6.95,1.014320208864593,3.2269893196979202,11.2,15.8,5.8525,9.8775,7.829166666666667,18.254166666666663,3.591666666666667,5.6875,1.5125533737139105,5.131124896972722,10.42,28.6,84.375,77.50833333333333,91.58333333333331,91.58333333333331,70.875,59.04166666666666,8.35034721500316,12.226642982074482,109.6,105.6,20.7925,14.198333333333332,23.979166666666668,19.79583333333333,18.466666666666665,10.3875,2.635757389041885,4.564274388601592,25.46,19.14,68.80833333333334,64.96666666666667,93.66666666666669,72.58333333333333,53.75,58.54166666666666,15.583656413763185,7.00442568428466,89.4,83.6,1358.0491666666667,888.2758333333334,1726.6916666666666,1337.1125,1119.0083333333334,572.5333333333333,247.16907092419106,337.64427255094716,1617.04,1111.0,20.636826237642225,13.370074074074074,23.422800157985563,19.367175925925924,18.29162037037037,9.115925925925929,2.511089046322881,5.0411423759218055,25.04524311468979,18.30022222222222,16.509411119912357,10.20219865953165,18.35305796322541,15.164325531072636,14.454993780405488,6.280241989120543,1.656088426249464,4.3285604679071525,18.45190369315059,13.121986673824466,,,,,,,,,,,5.0,5.0,2.0,0.0,164.0,152.0,142.0,142.0,-22.0,-10.0,6.283333333333331,2.9583333333333357,2.873333333333332,2.876666666666667,4.0249999999999995,-6.866666666666674,-6.594166666666668,-3.8416666666666686,-469.7733333333333,-7.266752163568151,-6.307212460380708,,-12.0,12.0,5,2,avg,home_minus_away
MLS-MAT-00069A,Houston Dynamo 2,MNUFC2,Shell Energy Stadium,437,476,82.37986270022883,84.87394957983193,15,13,2,2,0,0,9,22,4,8,,,,,1,3,360,404,0,0,13,15,9,4,570,615,,-2.4940868796031026,-13,-4,,,-39,2,0,0,2025-03-30,MLS-STA-00000H,53.908333333333324,54.85833333333333,64.20833333333333,73.83333333333333,38.458333333333336,38.458333333333336,10.527633940676736,13.31739281499531,57.2,65.6,36.849999999999994,37.74166666666666,41.54166666666666,51.083333333333336,29.45833333333333,29.45833333333333,4.593322447979362,7.996223066756793,44.2,51.4,11.679166666666667,10.855,17.954166666666666,17.212500000000002,7.470833333333334,7.470833333333334,4.328379580358758,4.034734605068014,18.259999999999998,20.3,13.475833333333332,13.431666666666667,20.120833333333334,19.2375,9.670833333333333,9.670833333333333,4.260422677257374,4.158831800451233,21.419999999999998,24.52,12.931666666666667,12.746666666666666,17.229166666666668,19.42083333333333,9.816666666666666,9.816666666666666,2.991687848114431,3.8470366481516933,26.060000000000002,22.06,70.85833333333333,84.8,89.54166666666667,96.54166666666669,59.625,73.375,11.751388806812962,9.970372778052653,101.2,114.2,11.708333333333332,21.009999999999998,21.9375,21.9375,3.533333333333333,19.529166666666665,8.793179668388198,1.0253327711853686,17.740000000000002,25.380000000000003,70.075,85.30833333333332,87.41666666666667,90.95833333333331,48.833333333333336,77.875,16.238013741765887,4.792445588864014,87.6,98.0,876.7299999999999,1756.3224999999998,1883.0416666666667,1883.0416666666667,105.19166666666666,1601.55,860.855038737932,102.10166738422495,1074.5,1891.4,10.792018620921926,21.42770146676486,22.60715328979482,22.60715328979482,1.2173148148148154,19.91266203703704,10.119547778380063,1.0933107025750273,17.061336706798237,25.91454441211736,8.75406845511711,19.054642821040677,20.24562734006331,20.24562734006331,-0.7915446661095477,18.422198583634778,9.908456910373745,0.7662041527716679,11.965408353065575,20.786594734669876,,,,,,,,,,,5.0,5.0,2.0,0.0,257.0,20.0,14.0,14.0,-243.0,-6.0,0.9500000000000028,0.8916666666666657,-0.8241666666666667,-0.04416666666666558,-0.1850000000000005,13.941666666666663,9.301666666666666,15.23333333333332,879.5924999999999,10.635682845842933,10.300574365923566,,-237.0,237.0,5,2,avg,home_minus_away
MLS-MAT-00069C,Timbers2,North Texas SC,Providence Park,550,385,85.45454545454545,77.66233766233766,11,19,3,3,0,0,20,11,10,4,,,1.7021,1.9486,1,2,470,299,0,0,19,11,4,10,681,510,ASA,7.79220779220779,9,6,,-0.24650000000000016,165,-8,0,0,2025-04-05,MLS-STA-00000P,51.20833333333333,44.46666666666666,58.29166666666666,57.875,39.5,33.875,7.648245532291846,9.422214442475825,57.2,49.8,38.675,36.733333333333334,41.833333333333336,41.833333333333336,33.958333333333336,33.083333333333336,2.8986646829953346,3.8458355904652066,56.0,49.6,11.106666666666666,8.28,13.525,12.1375,7.370833333333334,2.7125,2.2891759191658663,3.7019214230210533,20.66,15.540000000000001,13.815000000000001,10.4675,16.941666666666666,14.916666666666666,7.916666666666667,3.2291666666666665,3.4381458989144456,4.954407934971757,24.92,18.380000000000003,14.099166666666667,15.751666666666665,23.3625,23.3625,7.070833333333333,7.412499999999999,6.744794417631357,5.906673338737767,39.160000000000004,41.379999999999995,66.34166666666667,61.041666666666664,75.79166666666667,77.58333333333333,51.91666666666666,51.91666666666666,10.609441222588288,9.880141066806692,111.2,95.2,14.9425,7.864166666666667,22.225,10.741666666666667,7.5375,6.783333333333334,5.903633973852226,1.6355098168800803,20.94,13.319999999999999,69.35833333333332,79.60833333333332,78.58333333333333,88.33333333333333,61.125,64.45833333333333,7.194386797280839,9.400317666027155,89.0,97.4,972.8683333333335,559.3525,1464.9416666666666,636.8375,529.9583333333334,488.98333333333335,440.3923743852368,54.94808673749349,1303.24,796.26,14.303328703703704,6.784800925925927,22.27752314814815,9.554467592592593,6.398703703703704,5.612638888888889,6.448099400889814,1.5832328383813223,20.238444444444447,12.216777777777782,11.279072465267623,5.683829834614811,17.78889390139359,6.725425955258558,5.308633128470099,4.756229048707303,5.40754975648876,0.7552314669296601,14.948495840416655,8.778861100734204,,,,,,,,,,,5.0,5.0,2.0,0.0,219.0,31.0,13.0,13.0,-206.0,-18.0,-6.741666666666667,-1.9416666666666629,-2.826666666666666,-3.347500000000002,1.652499999999998,-5.300000000000004,-7.078333333333334,10.25,-413.5158333333335,-7.518527777777777,-5.595242630652812,,-188.0,188.0,5,2,avg,home_minus_away
MLS-MAT-00069D,Carolina Core FC,NYCFC II,Truist Point,564,457,91.13475177304964,90.1531728665208,10,10,1,2,0,0,24,4,7,0,,,2.2532,0.5111,5,0,514,412,0,0,9,10,0,7,696,582,ASA,0.9815789065288385,20,7,,1.7421000000000002,107,0,-1,0,2025-04-05,MLS-STA-00002T,49.925,,55.083333333333336,,41.708333333333336,,5.280121920940839,,52.4,,34.93333333333334,,42.208333333333336,,28.916666666666668,,5.522727662426722,,50.0,,9.471666666666668,,11.570833333333333,,7.608333333333333,,1.6636050003598268,,17.22,,10.650833333333333,,13.225,,8.758333333333333,,1.7094340965815424,,18.52,,14.773333333333335,,32.725,,3.9166666666666665,,11.669710019723903,,34.82000000000001,,70.94166666666666,,79.95833333333333,,52.333333333333336,,10.799410027610044,,96.6,,15.0775,,23.675,,5.091666666666667,,7.836303514909167,,20.380000000000003,,71.16666666666666,,88.20833333333333,,59.54166666666666,,12.790988038458952,,93.8,,1086.2591666666667,,1710.825,,308.08750000000003,,607.6698650506087,,1445.5,,14.483828268807315,,23.750738566258804,,3.244814814814815,,8.768562720958593,,19.96084748222222,,11.858531921535947,,19.000540748877217,,1.690625575239648,,7.851808471042821,,15.87911800125364,,,,,,,,,,,,5.0,0.0,2.0,0.0,27.0,,288.0,288.0,261.0,,,,,,,,,,,,,,,,5,2,avg,home_minus_away
MLS-MAT-00069E,Chattanooga,Orlando City B,Finley Stadium,407,433,86.97788697788698,86.37413394919169,18,8,1,0,0,0,12,13,5,7,,,1.1825,1.6084,2,0,354,374,0,0,8,18,7,6,526,560,ASA,0.6037530286952943,-1,-2,,-0.42589999999999995,-26,10,1,0,2025-04-05,MLS-STA-00002S,41.975,44.85,45.458333333333336,51.083333333333336,36.375,40.625,4.417118687560932,3.9522541036729915,46.8,50.0,28.291666666666668,28.90833333333333,30.166666666666668,32.583333333333336,26.666666666666668,24.95833333333333,1.2716868718359868,3.242432428834186,40.4,38.6,7.1775,7.980000000000001,8.0875,9.8375,6.054166666666667,6.141666666666667,0.8187293254387151,1.6391356334971192,12.120000000000001,14.66,8.514166666666666,8.9825,9.641666666666667,11.329166666666666,6.5625,6.4125000000000005,1.2501201331161027,1.918426275622808,14.12,16.52,5.666666666666667,4.2299999999999995,9.4375,6.279166666666666,2.566666666666667,2.566666666666667,3.1295674954110404,1.6705044356254923,11.5,12.76,68.275,67.63333333333334,70.41666666666667,74.04166666666667,65.16666666666667,61.833333333333336,2.3010414308887808,5.41469515403325,91.2,83.6,24.264166666666664,19.135833333333334,25.67083333333333,23.766666666666666,23.229166666666668,12.991666666666667,0.953341164012127,4.562600455515108,29.839999999999996,24.66,75.35,74.84166666666667,80.16666666666667,93.75,69.125,64.41666666666667,4.327379724241659,11.2109817193282,95.8,90.4,1776.7191666666665,1399.8383333333334,1894.6291666666664,1696.7416666666668,1575.6375,773.3249999999999,136.1068382244563,366.83564512324335,1971.72,1671.64,24.97262661325314,19.105530655401687,26.643178579055117,24.2531006203013,23.504969323373803,12.028379629629631,1.2366517975719262,5.057649933407898,30.97443005828536,24.9237323980418,20.790336954201344,15.95140368713391,22.17214832685501,20.067724370366182,19.051177084471966,8.941015617315754,1.2406358413547676,4.351420720958156,22.263734784529348,19.235434601948477,,,,,,,,,,,5.0,5.0,2.0,0.0,39.0,206.0,209.0,209.0,170.0,3.0,2.875,0.6166666666666636,0.8025000000000011,0.4683333333333337,-1.4366666666666674,-0.6416666666666657,-5.12833333333333,-0.5083333333333258,-376.88083333333316,-5.867095957851454,-4.838933267067434,,167.0,-167.0,5,2,avg,home_minus_away
MLS-MAT-00069G,RBNY II,Chicago Fire FC II,MSU Soccer Park,396,442,82.82828282828282,82.3529411764706,13,10,1,2,0,0,29,7,9,4,,,2.4783,0.725,3,2,328,364,0,0,10,13,4,10,610,648,ASA,0.4753416518122293,22,5,,1.7532999999999999,-46,3,-1,0,2025-04-06,MLS-STA-000014,51.875,54.983333333333334,58.29166666666666,59.333333333333336,44.5,51.375,6.5881443391393075,2.971741913423842,55.2,57.4,37.74166666666667,39.56666666666667,41.75,44.0,31.916666666666668,34.416666666666664,3.9684519791867356,3.6791454321773047,51.4,55.2,11.329166666666666,11.8375,14.745833333333332,14.2,6.825,9.7,3.1241679447850137,1.6570189514774882,18.22,19.6,12.124166666666666,12.920833333333334,15.195833333333333,14.5625,7.516666666666667,10.120833333333334,3.3109841919653498,1.7246753921632134,19.32,20.7,16.98,23.4225,25.3875,30.52083333333333,8.166666666666666,16.099999999999998,7.298369181422199,6.924762205102946,41.88,51.46,67.55833333333332,64.14166666666667,93.95833333333331,79.95833333333333,52.208333333333336,50.54166666666666,15.978626131665864,12.924345835584013,86.4,91.8,9.360833333333334,11.16,17.208333333333332,16.679166666666667,2.120833333333333,5.291666666666667,5.371606325289381,4.628135761297414,13.52,15.780000000000001,73.1,69.725,87.20833333333333,87.29166666666667,63.91666666666666,57.083333333333336,9.462765114442558,12.70630448285854,91.4,92.2,693.7500000000001,797.7625,1181.7666666666669,1305.0125,131.0875,313.62083333333334,388.2927078736443,402.8896707174725,1118.24,1270.72,8.261194444444445,10.152152777777777,16.799444444444443,16.156435185185185,0.0574074074074072,3.4267361111111114,5.97261857015904,5.267026687703026,12.734444444444446,15.110777777777775,6.697056489514152,8.095604840660881,13.526502928605254,13.525083444400288,-0.7996811576501478,1.7646234693324658,5.2050530644666235,4.986820001484339,11.099471567042116,13.065015389120262,,,,,,,,,,,5.0,5.0,2.0,0.0,265.0,4.0,5.0,5.0,-260.0,1.0,3.1083333333333343,1.8250000000000028,0.5083333333333346,0.7966666666666686,6.442499999999999,-3.416666666666657,1.7991666666666664,-3.375,104.01249999999993,1.890958333333332,1.3985483511467294,,-261.0,261.0,5,2,avg,home_minus_away
MLS-MAT-00069H,St Louis CITY2,Colorado Rapids 2,Energizer Park,510,225,87.84313725490196,78.66666666666667,19,21,5,2,0,1,20,7,4,1,,,,,0,1,448,177,1,0,20,19,1,5,637,362,,9.17647058823529,13,3,,,285,-2,3,-1,2025-04-06,MLS-STA-00000U,54.725,50.15833333333333,61.5,56.75,49.125,43.75,5.267381939825515,6.441065625258672,64.0,56.2,41.94166666666666,33.983333333333334,53.0,37.41666666666666,33.208333333333336,28.291666666666668,7.8990263992188,3.5138120325367406,53.8,41.6,10.285,10.935,12.820833333333333,12.820833333333333,8.095833333333333,7.170833333333333,1.9309692802090639,2.222487267180125,16.68,17.3,12.995833333333334,11.567499999999999,15.366666666666667,13.895833333333334,11.3375,7.941666666666666,1.6009898196983572,2.3462022356471226,20.639999999999997,18.119999999999997,13.855833333333333,7.905833333333334,21.85,9.854166666666666,6.566666666666666,5.591666666666666,6.414497468841794,1.8395505376465076,29.98,16.04,73.20833333333334,62.41666666666667,100.125,68.66666666666667,50.833333333333336,50.833333333333336,20.083052383926987,8.102158062996411,101.0,80.6,6.035,12.68,11.804166666666667,20.008333333333333,0.7166666666666667,8.358333333333333,4.34170925283017,4.603079999968619,10.5,16.94,66.41666666666666,78.44166666666666,91.25,91.25,37.91666666666666,65.33333333333333,21.834347145673437,9.965025645281154,97.4,95.2,418.4558333333333,975.7833333333334,1009.3041666666668,1546.4291666666668,23.675,542.9958333333333,443.9769780086983,374.16215923881197,672.78,1375.1399999999999,4.428268518518519,12.05175462962963,11.251967592592592,20.07310185185185,-1.5013194444444442,7.63236111111111,5.184291124335046,5.0208330861209225,8.98311111111111,16.740777777777776,3.1362008607464125,10.298132169658182,10.178700732756928,17.171766085046094,-2.1100601463231263,5.809893033892657,5.490051483846999,4.358134834887819,6.33229071192406,14.415468717535523,,,,,,,,,,,5.0,5.0,2.0,0.0,1597.0,152.0,142.0,142.0,-1455.0,-10.0,-4.56666666666667,-7.958333333333329,0.6500000000000004,-1.4283333333333346,-5.949999999999999,-10.791666666666671,6.645,12.025000000000006,557.3275000000001,7.62348611111111,7.161931308911769,,-1445.0,1445.0,5,2,avg,home_minus_away
MLS-MAT-00069I,Columbus Crew 2,Charlotte,Lower.com Field,468,501,88.67521367521367,90.21956087824351,12,14,2,2,0,0,16,6,7,2,,,3.4922,0.5597,1,1,415,452,0,0,14,11,2,7,586,626,ASA,-1.5443472030298437,10,5,,2.9325,-33,-2,0,0,2025-04-06,MLS-STA-00000E,48.4,46.1,58.0,58.0,33.625,37.29166666666666,9.726940323429336,9.525942283516573,55.2,50.2,31.683333333333326,31.8,37.16666666666666,37.16666666666666,26.666666666666668,26.666666666666668,4.751151176294011,3.758023823175623,46.4,44.2,9.764166666666666,8.227500000000001,14.733333333333334,14.733333333333334,6.2,3.8166666666666655,3.407306283724889,4.088034708484969,19.88,15.98,10.478333333333335,8.768333333333334,15.0875,15.0875,6.6625000000000005,3.95,3.4116584228853344,4.161144882855092,21.1,17.419999999999998,7.297499999999999,5.8725000000000005,8.5875,8.470833333333333,5.395833333333333,3.6833333333333336,1.507517620129198,2.2295611021753436,16.18,11.32,63.958333333333336,69.04166666666667,80.29166666666667,82.91666666666667,45.708333333333336,45.708333333333336,12.688064437362645,16.02325783561716,90.6,89.2,16.35833333333333,12.870833333333332,22.379166666666663,17.5625,10.808333333333332,6.816666666666666,4.239522419709822,4.152224972496339,21.240000000000002,17.82,78.80833333333334,75.05,93.625,93.625,63.375,58.458333333333336,11.527540994890842,15.198010195051484,95.6,86.2,1247.9516666666666,985.4008333333334,1720.6,1385.5083333333332,920.1166666666668,382.3541666666667,335.26403621757987,407.9098268110585,1616.4599999999998,1327.7599999999998,16.12333096610741,12.173111111111112,22.80589094164816,17.381597222222222,10.170694444444443,5.080300925925926,4.610386757738424,4.7471194404647905,21.14414017998403,17.36,13.763508271028133,10.242167472732875,19.50296049235438,14.802882146802846,9.234809409959356,2.98559658307811,3.8759993227993625,4.731162163408029,17.331087198097464,14.561493004525175,,,,,,,,,,,5.0,5.0,2.0,0.0,239.0,231.0,227.0,227.0,-12.0,-4.0,-2.299999999999997,0.11666666666667425,-1.5366666666666653,-1.7100000000000009,-1.424999999999999,5.083333333333336,-3.487499999999999,-3.75833333333334,-262.55083333333323,-3.9502198549962984,-3.521340798295258,,-8.0,8.0,5,2,avg,home_minus_away
MLS-MAT-00069J,Houston Dynamo 2,LAFC 2,SaberCats Stadium,446,610,80.04484304932735,84.75409836065573,12,8,4,1,0,0,10,14,5,6,,,,,1,0,357,517,0,0,8,11,7,5,564,743,,-4.709255311328377,-4,-1,,,-164,4,3,0,2025-04-06,MLS-STA-00000Y,48.58333333333333,57.21666666666666,53.41666666666666,83.29166666666667,40.16666666666666,46.125,5.498500426884085,14.92392165283643,53.6,62.6,35.016666666666666,31.35,48.458333333333336,42.54166666666666,27.5,27.5,8.579368016092769,6.339813023005223,43.8,40.4,9.39,11.315000000000001,16.783333333333335,21.695833333333336,6.4375,7.266666666666667,4.2112166277824175,5.8734724669010285,13.3,18.72,12.134166666666667,14.073333333333334,20.53333333333333,23.98333333333333,8.529166666666667,9.270833333333334,4.872349172456067,5.711400179806075,16.54,21.68,15.553333333333333,10.679166666666667,36.15416666666667,29.15416666666667,5.304166666666666,5.304166666666666,12.208187001398327,10.378197716714702,29.18,24.5,68.46666666666667,62.891666666666666,79.25,69.875,55.083333333333336,47.208333333333336,10.18148680749089,9.068441538899856,96.4,84.8,17.185,24.3375,25.829166666666666,25.83333333333333,12.075,21.85833333333333,6.255957299735278,1.8658689701822262,22.32,27.78,74.01666666666667,84.63333333333334,91.0,91.0,60.66666666666666,80.70833333333333,12.225265561760027,4.673859783709583,92.0,94.6,1273.6675,2037.1174999999998,2090.8083333333334,2091.85,681.8166666666667,1988.1375,703.8336858201224,51.138413107358815,1452.16,2164.2400000000002,17.07331269240421,25.62691331395636,27.504781054613638,27.67404968899946,11.18976851851852,22.47583333333333,7.4575737070606545,2.3731177376568033,22.512139954399988,30.487095119651123,14.093291514178535,22.253030071254496,23.290503566621293,23.30534434328701,8.195421739220961,20.73766989551313,7.299587047003408,1.189883790549759,16.09670935590394,24.116819232581655,,,,,,,,,,,5.0,5.0,2.0,0.0,87.0,20.0,14.0,14.0,-73.0,-6.0,8.633333333333333,-3.6666666666666643,1.9250000000000007,1.939166666666667,-4.874166666666666,-5.575000000000003,7.1525,10.616666666666674,763.4499999999998,8.553600621552153,8.159738557075961,,-67.0,67.0,5,2,avg,home_minus_away
MLS-MAT-00069L,Real Monarchs,Ventura County,Greater Zion Stadium,490,411,84.89795918367346,79.80535279805353,17,11,1,2,0,0,11,3,3,2,,,0.7227,1.0685,1,1,416,328,0,0,10,15,2,3,643,536,ASA,5.092606385619931,8,1,,-0.3458,79,6,-1,0,2025-04-06,MLS-STA-00005P,45.78333333333333,55.175,59.625,64.625,37.5,45.333333333333336,8.993940861614682,8.204811003984865,60.2,68.4,39.0,45.275,49.125,51.29166666666666,33.416666666666664,40.875,7.371526960014607,4.535125258591109,55.0,59.6,6.718333333333334,11.681666666666667,10.754166666666668,18.870833333333334,3.141666666666667,5.570833333333333,3.145064199574381,5.0163600404631605,10.0,19.979999999999997,10.161666666666667,18.682499999999997,16.541666666666668,30.45,5.1375,7.970833333333334,4.556391839737033,9.520625180073232,15.38,32.94,3.361666666666667,15.782500000000002,6.695833333333333,20.05,1.675,10.454166666666667,1.9453300562572349,3.620130110077384,8.34,39.04,91.725,85.85,107.875,95.58333333333331,78.91666666666667,78.16666666666667,11.520573384650218,6.6176977576126115,116.4,120.8,11.934166666666666,3.6566666666666663,12.595833333333331,4.866666666666666,11.145833333333334,2.370833333333333,0.6321219225750666,1.1084374951054103,17.02,7.5,53.25833333333334,72.15,71.29166666666667,79.0,31.666666666666668,66.66666666666667,17.641673555344273,4.842179404863977,72.2,95.0,584.3,211.79916666666668,781.0625,315.9791666666667,316.125,139.51250000000002,230.56610918156417,64.30859610492296,717.96,393.66,10.573773148148149,1.9618055555555554,11.592962962962964,3.360694444444443,9.287523148148148,0.5228009259259264,0.8577503634068843,1.1856013676966954,15.634,5.629777777777776,6.806525754330077,1.148183093976446,8.707774933016575,2.48807152187717,4.447657248189922,-0.10454972657262,2.0900590818512788,0.9566316797031512,8.702406879047281,3.4814225166860995,,,,,,,,,,,5.0,5.0,2.0,0.0,25.0,1302.0,823.0,823.0,798.0,-479.0,9.391666666666666,6.274999999999999,4.963333333333333,8.52083333333333,12.420833333333336,-5.875,-8.2775,18.891666666666666,-372.5008333333333,-8.611967592592594,-5.6583426603536315,,1277.0,-1277.0,5,2,avg,home_minus_away
MLS-MAT-00069F,Tacoma Defiance,Whitecaps FC 2,Starfire Sports Complex,493,450,79.91886409736308,79.77777777777777,16,14,2,4,0,0,15,13,7,5,,,2.2844,2.1199,5,3,394,359,0,0,13,16,5,7,606,596,ASA,0.14108631958531248,2,2,,0.1645000000000003,43,2,-2,0,2025-04-06,MLS-STA-00001D,68.0,48.40833333333333,77.875,63.04166666666666,59.54166666666666,34.916666666666664,7.772592517586684,12.235691757223117,72.2,54.8,47.99166666666666,36.03333333333333,51.875,44.333333333333336,43.79166666666666,28.45833333333333,3.2139291027926857,5.9562496356534815,61.2,48.2,19.895833333333336,10.3075,28.7625,18.8875,13.6,5.583333333333333,5.716934669373867,5.109827982808119,30.8,18.9,23.955000000000002,12.713333333333333,33.75,22.0125,17.291666666666668,7.2625,6.202659179962879,5.636758081261487,35.1,21.68,35.464999999999996,15.471666666666664,42.25416666666667,26.579166666666666,28.4125,6.529166666666666,4.9720011201616705,8.194441713747189,62.379999999999995,39.62,49.19166666666666,66.1,59.875,81.16666666666667,40.75,47.333333333333336,7.494245477549944,12.9332756119846,97.8,99.0,8.833333333333332,8.563333333333334,11.3375,11.404166666666669,7.445833333333333,7.229166666666667,1.6110108326072106,1.8788996484349272,13.559999999999999,13.780000000000001,78.68333333333334,76.28333333333333,86.04166666666667,82.75,69.33333333333333,70.16666666666667,6.910552016059698,4.636940292669059,95.8,95.2,636.7375,590.21,689.9916666666667,702.3708333333334,557.1458333333334,515.1041666666666,52.42661645430897,74.63383390389677,873.82,803.86,7.826731481481483,7.467064814814814,10.337175925925926,10.43226851851852,6.352268518518518,6.079097222222221,1.6085802049285625,1.96131253073672,12.543444444444447,12.576555555555558,6.5414974646962945,6.050040261591484,7.850444474481226,7.991232038241695,5.453226053091743,4.963958512098716,0.8697480678475208,1.2964159824358203,9.4918855193554,8.75798753352909,,,,,,,,,,,5.0,5.0,2.0,0.0,37.0,42.0,45.0,45.0,8.0,3.0,-19.59166666666667,-11.958333333333329,-9.588333333333336,-11.241666666666669,-19.993333333333332,16.90833333333333,-0.2699999999999978,-2.4000000000000057,-46.52749999999992,-0.35966666666666836,-0.4914572031048108,,5.0,-5.0,5,2,avg,home_minus_away
MLS-MAT-00069K,Atlanta,Inter Miami CF II,Mercedes-Benz Stadium,414,324,85.7487922705314,83.0246913580247,10,11,0,1,0,0,17,9,7,2,,,1.9944,0.9128,3,2,355,269,0,0,11,10,2,9,549,464,ASA,2.7241009125066995,8,5,,1.0816,90,-1,-1,0,2025-04-06,MLS-STA-00000A,47.84166666666666,49.875,51.16666666666666,56.958333333333336,41.458333333333336,44.04166666666666,3.7269430055565183,4.733982496564368,51.0,54.4,30.68333333333333,34.05833333333333,32.375,41.91666666666666,27.291666666666668,30.416666666666668,2.084083198381912,4.593322447979357,38.6,46.6,8.203333333333333,9.716666666666667,10.470833333333331,13.608333333333334,6.2,6.2,1.7452226457771316,2.6556330982983662,11.82,16.66,11.176666666666666,11.3925,14.154166666666669,16.675,7.3125,7.3125,2.526528690164081,3.408950127564531,15.5,20.18,5.399166666666667,7.340833333333333,9.491666666666667,12.495833333333332,2.708333333333333,4.491666666666666,2.6208505563822,3.214557544722653,12.42,18.44,74.775,72.75833333333334,81.04166666666667,81.04166666666667,68.66666666666667,63.25,6.070162683157673,7.798815793296936,93.4,101.4,24.435,20.678333333333335,25.433333333333334,23.3625,22.766666666666666,14.954166666666666,1.2722689978058022,3.4623550912316587,28.02,26.54,78.15,72.275,85.79166666666667,76.20833333333333,70.08333333333333,66.83333333333333,5.806082179729966,3.904635777579715,93.2,94.4,1884.4916666666663,1443.8933333333334,2140.579166666667,1672.3166666666666,1580.3208333333332,903.6458333333334,243.45192374542302,310.0613840239497,2038.72,1659.6599999999999,25.339587585104805,20.750831949026857,26.769434042258258,23.627483991622043,23.228630126551863,14.25023148148148,1.7532569480149252,3.9118546533520786,29.676893755637764,26.78724116988581,21.435077865710657,17.01772356621533,23.24607925405981,19.43598095672504,19.18960359427108,10.895337632006836,1.9546239774127527,3.57217065301373,22.552178428641362,19.67474771869171,,,,,,,,,,,5.0,5.0,2.0,0.0,6.0,316.0,327.0,327.0,321.0,11.0,2.0333333333333385,3.375,1.5133333333333336,0.2158333333333342,1.9416666666666664,-2.0166666666666657,-3.756666666666664,-5.875,-440.5983333333329,-4.5887556360779485,-4.417354299495326,,310.0,-310.0,5,2,avg,home_minus_away
MLS-MAT-00069M,Sporting KC II,MNUFC2,Children's Mercy Victory Field,415,521,81.92771084337349,82.14971209213051,10,21,1,2,0,0,13,13,7,7,,,,,1,4,340,428,0,0,20,10,7,7,581,659,,-0.22200124875702443,0,0,,,-106,-11,-1,0,2025-04-09,MLS-STA-000026,54.71666666666666,51.166666666666664,64.29166666666667,60.0,47.25,41.91666666666666,7.324770094988952,7.975657409336933,61.4,56.6,39.975,36.80833333333333,44.75,41.375,32.791666666666664,32.791666666666664,4.390903633902963,3.1232773029481584,53.2,51.2,12.24,9.53,20.479166666666668,14.870833333333332,6.041666666666667,5.491666666666667,5.221532109395139,3.853260479054646,19.880000000000003,17.4,14.196666666666667,10.541666666666666,21.8875,15.975,6.308333333333334,6.308333333333334,5.732315346883065,3.8931073350502703,21.919999999999998,19.1,13.0625,9.230833333333333,27.17083333333333,16.525,5.6625000000000005,3.870833333333333,8.909529367012976,4.653671079254408,34.6,32.0,74.01666666666667,70.425,92.58333333333331,78.20833333333333,49.625,54.708333333333336,16.53732625675088,9.55082348107568,103.6,96.8,5.109166666666667,7.178333333333333,7.05,8.825000000000001,2.2958333333333334,6.333333333333333,2.0354313800218806,0.9685120675551759,11.4,11.54,57.633333333333326,59.11666666666666,73.66666666666667,79.04166666666667,50.5,46.125,9.153560706692842,13.309203425950532,83.0,77.8,228.77416666666667,404.8891666666667,336.49583333333334,695.1458333333334,103.625,275.83750000000003,92.05650897946387,173.01769151271463,474.0,608.04,3.18050925925926,5.495324074074075,5.220324074074075,7.826921296296297,0.0268750000000012,4.226597222222223,2.149461079618645,1.363227008004776,9.587777777777779,10.054777777777776,1.2773664456076204,3.3831011920080245,2.750241743485708,6.707268771038835,-1.1703414938654209,1.5939140597054422,1.5470699757381905,1.9829213504837293,5.459055601439364,6.678935425596002,,,,,,,,,,,5.0,5.0,2.0,0.0,257.0,276.0,280.0,280.0,23.0,4.0,-3.549999999999997,-3.1666666666666714,-2.710000000000001,-3.655000000000001,-3.831666666666667,-3.5916666666666686,2.069166666666666,1.4833333333333343,176.11500000000004,2.314814814814815,2.105734746400404,,19.0,-19.0,5,2,avg,home_minus_away
MLS-MAT-00069N,Orlando City B,New England Revolution II,Osceola Heritage Park,398,404,88.19095477386935,84.9009900990099,12,18,3,2,0,0,9,15,3,4,,,1.0313,1.0604,1,0,351,343,0,0,18,12,4,3,564,539,ASA,3.2899646748594478,-6,-1,,-0.029099999999999904,-6,-6,1,0,2025-04-09,MLS-STA-000017,41.324999999999996,35.95833333333333,53.5,38.125,35.291666666666664,33.083333333333336,7.118747256364705,2.15521815085568,47.2,43.2,31.55833333333333,29.48333333333333,37.04166666666666,31.83333333333333,27.83333333333333,26.666666666666668,3.4966005316275064,2.484954727957834,39.6,39.6,7.601666666666667,6.056666666666667,10.85,7.962499999999999,5.529166666666666,4.9,2.078932017487184,1.230626252044958,11.8,8.64,8.559999999999999,7.755,11.220833333333331,8.820833333333333,6.883333333333333,6.5625,1.7688263136265738,1.1169596941400048,12.919999999999998,10.940000000000001,9.205833333333334,4.9325,14.6,5.7375,4.279166666666667,4.095833333333333,4.244394383248988,0.7056960708721882,18.64,11.98,74.20833333333334,76.275,82.41666666666667,81.66666666666667,67.25,69.16666666666667,6.279651883486683,5.7431722747779155,95.4,98.2,15.084999999999999,24.763333333333332,26.14583333333333,26.1125,5.675,21.004166666666663,8.673378610886171,2.1235603783635555,18.8,29.54,74.54166666666666,69.8,92.33333333333331,75.04166666666667,61.66666666666666,63.833333333333336,12.264978088035862,4.365008431963348,96.0,92.8,1053.5691666666667,1669.4141666666667,1634.3291666666669,1789.9291666666668,418.15,1558.4208333333331,549.1091295620596,87.59265018435883,1394.1399999999999,1992.6200000000001,14.628111951767778,25.237891064026975,26.65815235143149,26.60116180224658,4.320578703703705,21.119560185185183,9.409987667749537,2.3167394670179084,18.290032511855543,29.904685663760034,11.991965986418085,20.418540708353945,20.93250526024996,21.434998401626384,3.569340600722045,17.78877171441636,7.38183832925298,1.486919919486104,14.716091137153109,21.803850763737064,,,,,,,,,,,5.0,5.0,2.0,0.0,79.0,39.0,23.0,23.0,-56.0,-16.0,-5.366666666666667,-2.0749999999999993,-1.545,-0.8049999999999988,-4.273333333333334,2.066666666666663,9.678333333333333,-4.74166666666666,615.845,10.609779112259197,8.426574721935859,,-40.0,40.0,5,2,avg,home_minus_away
MLS-MAT-00069O,NYCFC II,FC Cincinnati 2,Belson Stadium,590,304,86.61016949152543,75.32894736842105,13,17,2,1,0,0,14,8,4,4,,,1.8788,0.8494,2,2,511,229,0,0,16,13,4,4,764,466,ASA,11.28122212310437,6,0,,1.0293999999999999,286,-4,1,0,2025-04-09,MLS-STA-00000Z,51.291666666666664,58.408333333333324,64.16666666666667,64.16666666666667,36.875,54.958333333333336,10.524318729600612,3.729736921017355,57.6,62.0,34.08333333333333,43.90833333333333,44.66666666666666,47.458333333333336,23.416666666666668,41.333333333333336,8.827484305659606,2.4055780086198713,49.0,63.6,10.516666666666666,12.880833333333333,14.720833333333331,14.720833333333331,6.2,11.241666666666667,3.137949558319182,1.535176654691931,19.66,22.44,10.958333333333332,13.66,15.433333333333332,15.433333333333332,6.479166666666667,12.054166666666667,3.260294859279516,1.3707085809496076,20.619999999999997,23.84,17.56666666666667,31.9575,35.50416666666667,38.9125,8.679166666666667,25.3875,12.292243630526619,5.301056629473874,37.440000000000005,67.24000000000001,55.56666666666666,49.70833333333333,65.58333333333333,59.625,43.16666666666666,38.083333333333336,10.282409804558897,8.189116676690132,75.0,83.4,9.523333333333333,9.119166666666667,16.304166666666667,16.420833333333334,5.241666666666666,5.241666666666666,4.909511566280749,4.448902213218198,12.3,12.18,82.24166666666666,74.11666666666666,96.16666666666669,84.25,56.66666666666666,56.66666666666666,15.296218668532294,11.545554399373339,96.2,95.6,826.625,659.8216666666667,1568.4541666666669,1110.6041666666667,285.2333333333333,285.2333333333333,536.9723627599986,311.12963722214914,1061.2599999999998,880.1,8.67864351851852,8.021907407407408,16.50115740740741,15.914699074074074,3.3010185185185184,3.3010185185185184,5.711494191708544,4.899970729244365,11.507333333333333,10.748666666666665,7.869351668238645,6.5370566036798845,15.843687633854389,12.698923889846922,1.596790894514345,1.596790894514345,5.9110434818679245,4.143461136284226,10.599523312166351,8.776904428164585,,,,,,,,,,,5.0,5.0,2.0,0.0,160.0,27.0,51.0,51.0,-109.0,24.0,7.11666666666666,9.825000000000003,2.3641666666666676,2.701666666666668,14.39083333333333,-5.858333333333334,-0.4041666666666668,-8.125,-166.80333333333328,-0.6567361111111119,-1.3322950645587603,,-133.0,133.0,5,2,avg,home_minus_away
MLS-MAT-00069Q,Inter Miami CF II,TFC II,Chase Stadium,683,327,92.09370424597364,84.70948012232417,15,9,4,2,0,0,8,10,1,2,,,0.3117,0.5392,0,1,629,277,1,1,9,14,3,1,797,458,ASA,7.384224123649474,-2,-1,,-0.22750000000000004,356,6,2,0,2025-04-10,MLS-STA-000008,50.68333333333334,44.46666666666666,54.875,50.25,48.958333333333336,36.79166666666666,2.3882306909788515,5.68909470927591,59.6,52.4,37.291666666666664,32.19166666666666,41.16666666666666,41.16666666666666,30.666666666666668,27.5,3.949331870357593,5.221948869914369,47.8,41.8,9.304166666666667,7.795,13.225,8.825000000000001,6.5375000000000005,6.491666666666667,2.577660101181345,0.9186881120501247,15.1,9.919999999999998,11.055833333333334,11.289166666666667,15.275,13.8625,7.8125,9.958333333333334,2.7051593581114175,1.5457170890704561,17.66,14.559999999999999,13.065833333333334,4.6175,23.691666666666663,6.2250000000000005,6.1125,2.620833333333333,7.482034849298089,1.6708681417820568,23.2,8.459999999999999,77.425,81.8,95.54166666666669,95.54166666666669,57.29166666666666,74.54166666666667,14.773592243519449,8.110478476089508,100.8,99.2,11.057500000000001,24.6125,24.791666666666668,25.75,1.9125,21.85,11.264260406258373,1.5820938130633515,13.319999999999999,27.46,75.11666666666666,73.425,88.25,82.5,63.375,68.79166666666667,10.041986509429078,5.398800664139312,88.8,86.0,843.2433333333332,1794.3983333333333,2035.3791666666664,2035.3791666666664,137.38750000000002,1516.0958333333335,874.2247482869385,191.2920165719589,1065.44,2038.1599999999999,10.256824008276059,25.3224611261191,25.863749671009924,26.71564893202352,0.0066666666666679,21.936828703703707,12.567026106914957,1.9241462351214407,12.976397196732444,28.839075197750702,8.501229234100952,20.99264021688257,22.43953333808105,22.43953333808105,-0.5006952173967433,17.955513283448166,10.867422526046616,1.7762862336506864,10.61793499073783,22.36365178125961,,,,,,,,,,,5.0,5.0,2.0,0.0,87.0,6.0,4.0,4.0,-83.0,-2.0,-6.216666666666676,-5.100000000000001,-1.5091666666666672,0.2333333333333325,-8.448333333333334,4.375,13.555,-1.6916666666666629,951.1550000000001,15.065637117843043,12.491410982781618,,-81.0,81.0,5,2,avg,home_minus_away
MLS-MAT-00069R,Philadelphia Union II,Atlanta,Subaru Park,382,423,78.27225130890052,79.90543735224587,19,12,2,1,0,0,27,7,17,5,,,3.7013,1.7252,5,1,299,338,0,1,11,19,5,17,532,577,ASA,-1.6331860433453471,20,12,,1.9760999999999997,-41,7,1,0,2025-04-10,MLS-STA-000002,42.71666666666666,56.075,58.41666666666666,62.5,30.916666666666668,40.458333333333336,11.037239678571002,8.89714568774103,48.6,60.6,32.53333333333333,38.833333333333336,37.708333333333336,40.0,27.45833333333333,37.5,5.032912510001873,1.1781429596332225,47.2,53.6,7.113333333333332,11.925833333333333,9.095833333333331,15.304166666666667,5.229166666666667,7.866666666666667,1.4904598237158586,3.2447385295274564,18.6,21.44,7.725833333333332,12.675833333333333,9.4375,16.45416666666667,6.1625000000000005,8.237499999999999,1.2111260829859485,3.6328344458715875,19.54,22.32,9.209999999999999,20.605833333333333,15.3625,25.804166666666664,4.491666666666666,14.770833333333334,5.373715608817092,5.242486852895081,27.860000000000003,48.7,72.45,59.15,81.04166666666667,78.58333333333333,63.66666666666666,43.41666666666666,7.222733689154298,14.24843436818391,92.8,85.4,14.080000000000002,8.223333333333333,23.3625,13.458333333333334,4.633333333333334,4.633333333333334,8.687372800827392,3.9604299272090815,18.380000000000003,11.24,66.89166666666667,66.21666666666667,92.58333333333331,86.79166666666667,41.41666666666666,41.41666666666666,21.40700982025384,20.018034403729278,88.2,86.4,1039.9225000000001,569.6758333333333,1685.3458333333335,959.0166666666668,180.6916666666667,180.6916666666667,753.0562197419353,365.3791958458287,1332.3200000000002,781.92,13.298816242768854,6.830212962962963,23.627483991622043,12.732106481481482,2.2336574074074083,2.2336574074074083,10.00335681889114,4.6641838705104615,17.634430933767117,9.833666666666668,10.796775874622003,5.154422172451613,19.18960359427108,10.353946896243713,-0.1321152623927479,-0.1321152623927479,9.507760982045513,4.737776972770095,13.865481590772351,7.7991218030408955,,,,,,,,,,,5.0,5.0,2.0,0.0,316.0,10.0,8.0,8.0,-308.0,-2.0,13.358333333333341,6.300000000000004,4.812500000000001,4.950000000000001,11.395833333333334,-13.300000000000004,-5.856666666666669,-0.6749999999999972,-470.2466666666668,-6.468603279805891,-5.64235370217039,,-306.0,306.0,5,2,avg,home_minus_away
MLS-MAT-00069U,Real Monarchs,Town FC,Zions Bank Stadium,358,615,85.47486033519553,88.9430894308943,18,12,1,1,0,0,8,7,4,3,,,,,2,1,306,547,0,0,12,16,3,4,487,726,,-3.4682290956987742,1,1,,,-257,6,0,0,2025-04-10,MLS-STA-00001I,69.925,66.325,96.375,72.29166666666667,57.5,61.91666666666666,15.880669372612168,4.227514044920494,76.6,73.6,46.74166666666666,50.28333333333333,66.95833333333333,54.125,33.166666666666664,40.875,13.394177580409913,5.482009718666645,68.2,63.6,17.107499999999998,17.613333333333333,22.52083333333333,20.479166666666668,11.3875,13.283333333333331,4.311631756397777,3.169816689845365,27.02,28.04,46.2025,41.656666666666666,133.61249999999998,59.7,15.0,30.1875,49.96931337845147,12.709918138887529,105.35999999999999,74.72,18.975833333333334,21.482499999999998,25.579166666666666,28.016666666666666,14.525,14.3625,4.287242258206964,5.904476438592069,43.04,62.58,61.30833333333334,77.34166666666667,80.625,84.41666666666667,48.0,72.33333333333333,15.083753447187993,4.930981984689599,105.8,126.8,12.881666666666666,8.936666666666667,13.85,12.233333333333334,11.620833333333332,4.691666666666666,1.0232904103375995,3.3587357595943415,18.44,15.6,65.61666666666667,58.575,81.79166666666667,66.66666666666667,47.083333333333336,50.083333333333336,14.861671199206812,6.033212475769257,87.2,90.8,801.8683333333332,380.6866666666666,1116.4958333333332,580.4958333333333,509.4458333333334,205.67083333333332,259.70310024007324,179.22169819574484,953.18,585.6800000000001,11.938712962962963,7.415347222222223,13.426226851851853,10.819953703703703,10.06787037037037,2.957129629629629,1.5011881675901277,3.552726594784264,17.525,14.04066666666667,9.047129445810985,4.481501712984882,11.779936816035216,6.961528474851199,6.02983082806233,1.5488058019057247,2.500058383393962,2.5101681373595324,11.91714231309219,7.755202265346009,,,,,,,,,,,5.0,5.0,2.0,0.0,17.0,1302.0,1509.0,1509.0,1492.0,207.0,-3.5999999999999943,3.5416666666666714,0.5058333333333351,-4.545833333333334,2.506666666666664,16.03333333333333,-3.9449999999999985,-7.041666666666671,-421.1816666666666,-4.52336574074074,-4.565627732826102,,1285.0,-1285.0,5,2,avg,home_minus_away
MLS-MAT-00069P,LAFC 2,Tacoma Defiance,Titan Stadium,483,539,86.5424430641822,87.94063079777365,15,20,1,2,1,1,12,16,7,5,,,1.6766,3.3363,3,2,418,474,0,0,18,15,5,7,587,664,ASA,-1.398187733591456,-4,2,,-1.6597,-56,-5,-1,0,2025-04-10,MLS-STA-00001F,65.575,79.65,89.33333333333333,99.125,46.91666666666666,62.29166666666666,18.387618494217485,16.84126257143449,76.4,84.8,48.49166666666666,62.93333333333332,71.375,68.95833333333333,27.875,56.708333333333336,19.499964387431866,5.485903652898843,58.6,75.8,16.7925,26.205000000000002,30.558333333333334,35.69583333333333,3.2125,15.991666666666667,11.922784487298074,9.328312172419569,26.1,37.38,18.8825,29.873333333333335,32.791666666666664,37.5625,3.6833333333333336,20.675,12.648588867823248,7.462665524871868,28.380000000000003,41.78,37.24666666666666,61.92833333333333,68.87916666666666,78.57916666666667,8.745833333333334,37.73333333333333,28.298330308763603,17.08353846421559,57.660000000000004,92.2,61.71666666666666,48.516666666666666,68.04166666666667,64.45833333333333,48.083333333333336,38.29166666666666,8.002842377000256,10.951819990810252,111.8,115.6,13.770833333333334,18.494999999999997,19.9625,20.1875,9.058333333333334,17.629166666666666,4.952460632801077,0.9968544276874124,19.66,27.6,75.71666666666667,47.025,92.375,54.25,61.083333333333336,39.708333333333336,14.858458356176198,6.834768650071486,95.4,76.6,917.2941666666668,734.2308333333334,1075.075,951.3666666666668,702.3708333333334,545.5500000000001,155.18135860672115,179.26727590892202,1174.94,960.5,13.15853589051089,17.56648733394957,19.49934611922112,19.505248206148803,8.431736111111112,16.48086775824431,5.07351679284289,1.1635861059085442,18.92329475517512,26.517754553216207,10.653826541309874,11.14680051544028,14.41923943179696,13.674127714082267,7.991232038241695,9.23186837776037,3.029742913601809,1.8061087366687925,13.428355197115033,14.278885744071406,,,,,,,,,,,5.0,5.0,2.0,0.0,42.0,87.0,52.0,52.0,10.0,-35.0,14.075000000000003,14.441666666666663,9.412500000000001,10.990833333333335,24.681666666666665,-13.199999999999996,4.7241666666666635,-28.69166666666667,-183.0633333333334,4.40795144343868,0.4929739741304058,,45.0,-45.0,5,2,avg,home_minus_away
MLS-MAT-00069S,Austin,North Texas SC,Parmer Field,324,366,83.33333333333333,84.15300546448087,10,14,4,2,0,0,10,14,4,3,,,1.2649,0.7696,1,1,270,308,0,0,14,10,5,4,452,495,ASA,-0.8196721311475414,-4,1,,0.49529999999999996,-42,-4,2,0,2025-04-11,MLS-STA-000018,51.45833333333333,49.13333333333333,58.16666666666666,58.16666666666666,38.91666666666666,37.333333333333336,8.149535603674334,9.419404100637742,71.2,77.8,42.91666666666667,41.516666666666666,51.75,47.625,34.125,32.291666666666664,7.7396324022670635,6.777503125127362,64.2,62.2,7.935,5.4975000000000005,11.8625,6.6000000000000005,4.591666666666667,4.058333333333334,2.8026193725196125,1.127795908447584,16.32,8.66,8.813333333333333,6.260833333333333,13.141666666666666,7.675,5.025,4.316666666666666,3.0346457211308495,1.5080328890460062,17.9,9.66,12.6525,5.694166666666666,34.166666666666664,10.366666666666664,4.566666666666666,2.379166666666667,12.677410670931364,2.906280017766124,35.980000000000004,13.1,82.41666666666667,94.225,106.91666666666669,106.91666666666669,56.375,84.16666666666667,22.326860846921093,10.552555311919061,126.0,129.4,14.795833333333334,15.8475,21.675,21.675,7.983333333333333,10.291666666666666,5.631046133317997,4.636979231017633,21.18,22.9,58.516666666666666,54.76666666666667,65.08333333333333,58.333333333333336,51.958333333333336,51.75,4.815394151399581,2.987619128261761,81.2,77.0,784.5858333333333,796.0158333333333,1195.0,1195.0,512.8375,568.3125,280.40374886046015,262.9136595740605,1019.04,971.0200000000001,13.839699645996356,14.89861631266302,21.35075639950001,21.35075639950001,6.536620370370372,8.870162037037037,6.087028453857359,5.074121856934518,20.223557699502212,22.01111325505777,9.84083707883169,10.356411264201615,15.978267712276264,15.978267712276264,4.640199936856065,5.95283477305858,4.62562490730197,4.07161566495966,13.432855757566795,13.948191363667164,,,,,,,,,,,5.0,5.0,2.0,0.0,219.0,164.0,157.0,157.0,-62.0,-7.0,-2.3249999999999957,-1.4000000000000057,-2.437499999999999,-2.5524999999999993,-6.958333333333334,11.808333333333323,1.0516666666666659,-3.749999999999993,11.42999999999995,1.0589166666666632,0.5155741853699247,,-55.0,55.0,5,2,avg,home_minus_away
MLS-MAT-00069V,Carolina Core FC,Chattanooga,Truist Point,465,477,87.95698924731182,88.0503144654088,18,9,6,2,0,0,17,10,4,4,,,1.8967,1.4823,1,3,409,420,1,0,9,16,5,4,567,592,ASA,-0.0933252180969788,7,0,,0.4144000000000001,-12,9,4,0,2025-04-13,MLS-STA-00002T,44.925,,60.0,,39.458333333333336,,8.724138368789081,,54.8,,34.99166666666666,,38.625,,30.0,,3.1253333155574516,,51.8,,7.408333333333333,,13.3125,,3.520833333333333,,3.603607856486792,,14.419999999999998,,7.824166666666666,,13.729166666666666,,3.545833333333333,,3.7218554960306203,,15.2,,5.346666666666667,,8.0625,,3.3083333333333336,,2.076903410796414,,14.559999999999999,,82.65,,86.625,,77.83333333333333,,3.802936548101866,,111.8,,10.645833333333334,,13.670833333333334,,8.991666666666667,,1.8160931816524295,,16.759999999999998,,69.8,,94.45833333333331,,54.208333333333336,,16.470733725139397,,91.4,,712.2291666666667,,1026.2083333333333,,459.81666666666666,,266.90286676328213,,973.1600000000001,,9.58852777777778,,13.131226851851856,,7.468449074074075,,2.197473247110836,,15.682222222222226,,7.4798579415643385,,11.122441600758508,,4.771440992996019,,2.7888928437342733,,10.75074227843086,,,,,,,,,,,,5.0,0.0,2.0,0.0,206.0,,288.0,288.0,82.0,,,,,,,,,,,,,,,,5,2,avg,home_minus_away
MLS-MAT-00069W,Timbers2,Colorado Rapids 2,Providence Park,480,360,81.66666666666667,77.22222222222223,14,14,3,2,0,0,10,19,6,8,,,,,1,2,392,278,0,0,14,14,8,7,614,497,,4.444444444444443,-9,-2,,,120,0,1,0,2025-04-13,MLS-STA-00000P,50.45,43.33333333333333,61.833333333333336,58.66666666666666,36.958333333333336,32.666666666666664,10.4796181148615,10.006985407426374,71.4,49.0,41.016666666666666,32.50833333333333,50.54166666666666,39.5,28.75,28.0,10.596227381583605,4.964666823329304,56.2,46.4,8.491666666666667,8.076666666666666,12.1625,12.2375,5.704166666666667,4.470833333333333,2.7505460316493924,3.595354834906965,13.680000000000001,14.86,13.361666666666665,11.475833333333332,19.179166666666667,17.070833333333333,7.7875,6.1000000000000005,5.279891261769612,5.189692809630771,20.619999999999997,21.259999999999998,14.373333333333331,14.446666666666664,19.45,25.45833333333333,7.233333333333333,7.233333333333333,5.746557393344297,8.872481254480682,34.28,35.5,79.60833333333333,56.45833333333333,88.0,72.66666666666667,68.41666666666667,36.41666666666666,8.762570335745608,17.39636975220853,119.2,82.8,9.786666666666667,9.713333333333335,11.025,11.5375,8.2125,8.2125,1.0781261070847785,1.386837930128984,17.240000000000002,14.4,54.125,80.21666666666667,75.375,91.91666666666669,41.125,67.5,16.13309981752491,9.261507481686415,80.0,95.0,419.70500000000004,751.72,671.475,945.1875,286.7916666666667,509.2125,166.42736850604598,166.90025348347206,589.86,967.0799999999999,8.234152777777778,8.83476851851852,9.256875000000004,10.954282407407408,6.851805555555555,6.851805555555555,0.8748564988944404,1.6327341718517308,15.813333333333336,13.498777777777779,4.778520961650801,7.6280906216150655,6.783960009111856,9.797052318058627,3.814660507987524,4.959831748678031,1.201274604476017,1.8555761850940833,8.409533513672098,10.377074635203922,,,,,,,,,,,5.0,5.0,2.0,0.0,1597.0,31.0,13.0,13.0,-1584.0,-18.0,-7.116666666666674,-8.508333333333333,-0.4150000000000009,-1.8858333333333324,0.07333333333333236,-23.150000000000006,-0.07333333333333236,26.09166666666667,332.015,0.6006157407407411,2.8495696599642644,,-1566.0,1566.0,5,2,avg,home_minus_away
MLS-MAT-00069Y,Crown Legacy FC,Huntsville,Mecklenburg County Sportsplex,412,499,79.12621359223301,83.96793587174349,15,15,5,3,0,0,14,15,5,4,,,1.3527,1.6409,1,1,326,419,0,0,15,13,5,5,555,637,ASA,-4.841722279510478,-1,1,,-0.2882,-87,0,2,0,2025-04-13,MLS-STA-000039,46.45,49.55833333333332,65.125,65.125,37.375,42.16666666666666,11.393086963398266,9.205910314695787,55.0,62.8,35.891666666666666,39.358333333333334,45.54166666666666,45.54166666666666,31.916666666666668,34.625,5.576223707253259,4.356767564503654,52.8,60.0,7.288333333333334,9.2775,15.895833333333334,15.895833333333334,3.3875,5.870833333333334,5.019258397523594,4.367865810222552,13.219999999999999,18.1,7.735833333333334,9.7075,16.679166666666667,16.679166666666667,3.4250000000000003,5.979166666666667,5.2174608354490255,4.569177381591182,14.14,18.68,4.181666666666667,6.496666666666667,6.041666666666667,8.195833333333333,3.1916666666666664,4.766666666666667,1.2109655238692802,1.320114815082385,8.6,16.36,85.45,89.63333333333333,93.25,93.25,79.625,85.0,5.247304202053553,4.011636719179173,113.2,122.0,11.659166666666668,11.853333333333333,14.783333333333331,12.570833333333333,9.054166666666667,10.879166666666668,2.1903422011944462,0.8818403263125981,17.44,16.9,65.91666666666666,65.075,85.54166666666667,85.5,55.5,44.54166666666666,12.384290844542624,16.112031822350787,87.0,90.0,748.3366666666667,752.9808333333333,1063.9666666666667,1044.7208333333333,480.875,490.325,272.9029491368121,220.47516755956136,988.4,1067.16,10.601796296296296,10.793402777777779,14.153703703703703,12.051805555555555,7.507824074074073,9.185671296296295,2.635013251026804,1.297651814012453,16.466777777777775,15.888444444444442,8.048363329774917,8.161702006458329,11.37318107043153,10.864957911534391,4.807459360560418,5.362933970602234,3.0168061655122593,2.2130642178359845,11.424215477641884,11.42362254365316,,,,,,,,,,,5.0,5.0,2.0,0.0,190.0,239.0,228.0,228.0,38.0,-11.0,3.10833333333332,3.4666666666666686,1.9891666666666659,1.9716666666666658,2.3150000000000004,4.183333333333323,0.19416666666666593,-0.8416666666666544,4.644166666666592,0.1916064814814824,0.11333867668341213,,49.0,-49.0,5,2,avg,home_minus_away
MLS-MAT-00069Z,Ventura County,St Louis CITY2,William Rolland Stadium,437,498,83.9816933638444,85.94377510040161,16,21,2,3,1,1,14,5,7,3,,,1.4683,0.8055,3,1,367,428,0,0,20,16,3,7,581,628,ASA,-1.9620817365572094,9,4,,0.6628,-61,-5,-1,0,2025-04-13,MLS-STA-00004W,51.8,54.766666666666666,61.125,57.083333333333336,44.875,52.458333333333336,7.198837676242528,2.1685888909098887,57.6,60.2,35.65,40.5,42.458333333333336,42.375,29.70833333333333,38.79166666666666,4.822329427891788,1.433115293493323,45.0,61.6,11.507499999999999,11.531666666666668,17.283333333333335,13.2375,6.591666666666666,10.579166666666667,3.859799262555273,1.0320035125909222,16.2,15.819999999999999,13.836666666666668,17.185833333333335,21.6625,17.941666666666666,7.120833333333334,16.783333333333335,5.439773151928713,0.4782563817312493,19.979999999999997,22.880000000000003,12.866666666666665,14.694166666666666,22.09583333333333,15.745833333333332,6.895833333333333,13.054166666666667,6.089850247885137,1.1533187318439864,28.439999999999998,31.439999999999998,71.29166666666667,74.34166666666667,75.91666666666667,77.0,66.0,70.20833333333333,4.865196695806744,2.6142969630688735,102.0,124.4,13.518333333333334,17.327499999999997,19.60833333333333,18.091666666666665,5.854166666666667,16.4375,5.556361000641016,0.6091931708780434,19.9,22.72,59.93333333333332,70.16666666666667,66.33333333333333,71.75,51.75,68.5,6.617041865936434,1.1692679333668536,83.4,90.6,776.3233333333333,1147.19,1139.8958333333333,1176.2333333333331,268.12083333333334,1119.6833333333334,362.3513876596706,20.488264891490545,1008.3399999999999,1343.06,12.490667244870593,16.947935185185184,19.20889177990852,17.745,3.846388888888889,16.010277777777777,6.241526317861274,0.6408134783714372,19.02701387689422,22.389666666666663,9.039567844915332,13.580335707087382,14.234681493016268,13.997670422791684,1.5556495674174693,12.974850657029462,5.337023496321682,0.3835097342976864,12.537559092548747,16.23052613441687,,,,,,,,,,,5.0,5.0,2.0,0.0,152.0,25.0,272.0,272.0,120.0,247.0,2.9666666666666686,4.850000000000001,0.024166666666669556,3.349166666666667,1.8275000000000006,3.049999999999997,3.8091666666666626,10.233333333333348,370.8666666666668,4.4572679403145905,4.54076786217205,,-127.0,127.0,5,2,avg,home_minus_away
MLS-MAT-0006A0,Inter Miami CF II,Orlando City B,IMG Academy Stadium,448,361,84.375,83.93351800554017,21,17,2,3,0,0,9,14,6,5,,,0.9493,2.0321,3,2,378,303,0,0,16,20,5,6,571,504,ASA,0.44148199445983494,-5,1,,-1.0827999999999998,87,4,-1,0,2025-04-15,MLS-STA-000042,55.3,61.175,62.708333333333336,79.08333333333333,45.583333333333336,46.75,6.546402213769363,12.633055735736395,86.6,84.2,45.1,49.65833333333333,49.5,60.5,38.583333333333336,40.25,4.454496012145732,8.097624823229204,67.2,64.6,6.83,7.734166666666667,8.679166666666667,11.870833333333332,3.883333333333333,5.554166666666667,2.146915989015148,2.437929805410957,10.68,10.1,8.401666666666667,10.895,11.35,16.875,4.8625,7.587499999999999,2.759242045683319,3.5051640970462747,13.4,14.219999999999999,6.740833333333333,5.949166666666667,7.712499999999999,9.3125,5.654166666666666,4.516666666666667,0.9515128670234104,1.9599979627256987,16.2,11.9,98.70833333333333,108.9,104.08333333333331,123.33333333333331,91.25,97.54166666666669,4.790760783934928,11.303445578426258,134.8,130.8,20.595,22.538333333333334,22.02083333333333,23.454166666666666,19.175,21.65833333333333,1.0749410513553221,0.7451253623086225,26.24,26.28,61.81666666666666,63.975,73.25,76.25,57.125,55.04166666666666,6.5600590698560035,8.438945349456358,89.6,85.4,1205.3591666666666,1409.0283333333332,1456.1958333333332,1665.9625,1069.3125,1161.4958333333334,156.71637956277536,208.18661205154382,1536.94,1639.42,20.304307835877744,22.523870378453516,21.75443742060473,23.67111115152685,18.702754629629627,21.483379629629628,1.1823861413543195,0.8723318968695544,25.7619521928778,26.244398512687546,15.433045291313249,17.646385216743976,17.10940811199508,19.173880412930178,13.800346479734012,15.87666767764668,1.3759355084888425,1.4737890562088234,17.39795461251877,19.12032608002827,,,,,,,,,,,5.0,5.0,2.0,0.0,39.0,6.0,3.0,3.0,-36.0,-3.0,5.875,4.55833333333333,0.9041666666666668,2.4933333333333323,-0.7916666666666661,10.191666666666677,1.9433333333333351,2.1583333333333385,203.66916666666657,2.2195625425757726,2.213339925430727,,-33.0,33.0,5,2,avg,home_minus_away
MLS-MAT-0006A2,TFC II,Carolina Core FC,York Lions Stadium,560,462,90.53571428571428,89.39393939393939,6,7,0,0,0,0,13,10,3,4,,,2.0035,1.1956,1,1,507,413,0,0,7,5,4,4,693,585,ASA,1.1417748917748867,3,-1,,0.8078999999999998,98,-1,0,0,2025-04-18,MLS-STA-00001H,36.41666666666667,52.18333333333334,38.25,75.04166666666667,34.583333333333336,34.583333333333336,2.59272486435067,16.819626226194472,44.5,60.4,32.916666666666664,38.0,34.375,52.083333333333336,31.45833333333333,30.70833333333333,2.062394778460767,8.927952359490579,45.0,49.2,5.929166666666667,10.324166666666667,9.641666666666667,21.516666666666666,2.216666666666667,2.216666666666667,5.250267850310116,7.479576590437604,10.05,17.82,6.556249999999999,10.905833333333334,10.595833333333331,22.3,2.5166666666666666,2.5166666666666666,5.712833536336314,7.705265493118615,10.4,18.28,14.20625,22.453333333333333,21.52916666666667,44.99583333333334,6.883333333333333,6.883333333333333,10.35616806612798,14.838627449441994,36.2,41.980000000000004,72.625,67.55833333333334,80.75,80.75,64.5,54.625,11.490485194281398,9.52949551247191,87.5,89.8,3.64375,4.755833333333333,4.583333333333333,6.025,2.704166666666667,3.045833333333333,1.3287714929797199,1.2226685580228918,8.1,7.539999999999999,60.22916666666667,70.8,60.708333333333336,78.70833333333333,59.75,65.66666666666667,0.6776439986371072,5.272883329935444,71.5,80.8,199.69791666666666,332.5683333333333,243.4125,471.25833333333327,155.98333333333332,197.09166666666667,61.82175662348887,105.33024432607978,402.2,496.28000000000003,1.636331018518519,3.135638888888889,2.6573611111111117,4.738217592592592,0.6153009259259263,1.1206018518518526,1.4439546045355016,1.456994294548293,6.245000000000002,6.067666666666667,0.270663800073749,2.1475412204981734,1.0438823645767603,4.00133864045987,-0.5025547644292623,0.1675707330097245,1.0934961805988144,1.4949901813625917,3.39341706837821,4.32149263612598,,,,,,,,,,,2.0,5.0,2.0,0.0,,87.0,165.0,165.0,,78.0,15.766666666666666,5.083333333333336,4.395,4.349583333333335,8.247083333333332,-5.066666666666663,1.1120833333333335,10.570833333333326,132.87041666666667,1.49930787037037,1.8768774204244245,,,,5,2,avg,home_minus_away
MLS-MAT-0006A3,Whitecaps FC 2,Austin,Swangard Stadium,381,508,88.18897637795276,91.92913385826772,10,9,3,0,0,1,21,7,7,4,,,3.3654,0.9666,4,0,336,467,0,0,9,10,4,7,521,644,ASA,-3.740157480314963,14,3,,2.3988,-127,1,3,-1,2025-04-19,MLS-STA-00001E,60.94166666666668,62.091666666666676,80.41666666666667,67.41666666666667,44.0,55.583333333333336,17.23317416109599,4.231208456221462,98.4,65.0,47.18333333333333,43.041666666666664,63.29166666666666,46.625,37.708333333333336,40.625,10.955861571678318,2.2667202812286598,69.0,54.4,7.011666666666666,15.728333333333333,8.487499999999999,19.091666666666665,5.320833333333334,12.991666666666667,1.4356521940296754,2.5242769179179465,11.879999999999999,24.880000000000003,8.805833333333334,18.919166666666662,10.579166666666667,22.741666666666664,7.104166666666667,15.495833333333332,1.5908609435355017,2.9790699284993103,14.14,28.1,4.339166666666666,27.77,4.8875,35.37916666666667,3.4375,24.28333333333333,0.6163892957286725,4.5037343687088045,9.74,50.3,103.7,56.475,130.54166666666666,61.29166666666666,86.20833333333333,50.875,18.508969297193303,4.316332837799541,136.2,96.8,22.95138888888889,10.643333333333334,23.625,11.495833333333332,22.34166666666667,10.075,0.6440477107355498,0.5570928383631897,29.066666666666666,15.780000000000001,59.77777777777777,67.94166666666666,61.66666666666666,75.125,58.29166666666666,63.833333333333336,1.7231740201452956,4.869886919745785,91.66666666666667,91.2,1292.7791666666665,648.1125,1341.9416666666666,735.2875,1259.0541666666666,555.3000000000001,43.546776215352686,70.93244683421605,1614.2,851.9799999999999,22.73927641418393,9.53725462962963,23.291029167059826,10.38840277777778,22.153449074074075,8.842893518518519,0.5695550237779847,0.5647959877990759,28.295942093424483,14.599,17.214936931196263,7.149779450592581,17.513391723692443,7.614301257041233,16.629411608746004,6.294241848585364,0.5071117507820813,0.5714646315286105,18.979173433787654,9.580964957863076,,,,,,,,,,,5.0,5.0,2.0,0.0,164.0,37.0,0.0,0.0,-164.0,-37.0,1.1499999999999986,-4.141666666666666,8.716666666666669,10.113333333333328,23.430833333333332,-47.225,-12.308055555555555,8.163888888888891,-644.6666666666665,-13.2020217845543,-10.065157480603682,,-127.0,127.0,5,2,avg,home_minus_away
MLS-MAT-0006A4,Chattanooga,Crown Legacy FC,Finley Stadium,324,404,77.77777777777777,81.68316831683168,12,17,3,1,0,0,12,10,4,4,,,1.5046,1.567,2,1,252,330,0,0,16,12,4,4,444,528,ASA,-3.9053905390539114,2,0,,-0.06240000000000001,-80,-5,2,0,2025-04-19,MLS-STA-00002S,51.908333333333324,43.90833333333333,59.54166666666666,58.833333333333336,41.958333333333336,34.625,8.46097044276443,8.95840116253391,84.4,62.8,45.46666666666666,39.25,52.125,50.625,38.583333333333336,31.25,5.719226224858668,7.783919945774254,65.2,54.6,5.7475000000000005,4.8549999999999995,7.304166666666667,7.008333333333333,4.45,3.341666666666667,1.3231466335553623,1.497620798318304,11.68,9.540000000000001,6.175833333333333,5.370833333333334,7.491666666666667,7.3625,4.591666666666667,3.6041666666666665,1.238153587223958,1.6876723163049814,12.8,10.52,5.1674999999999995,4.966666666666667,8.454166666666667,8.454166666666667,3.720833333333333,2.529166666666667,1.9005719168479558,2.5437320842939943,12.059999999999999,11.7,100.30833333333334,89.94166666666668,112.33333333333331,110.16666666666669,88.375,71.91666666666667,11.15700763845057,13.918400590585117,130.2,116.8,16.973333333333333,16.527499999999996,18.575,18.575,13.516666666666666,12.916666666666666,2.1024840632240496,2.3135669460572967,23.48,23.16,51.35,56.61666666666666,56.16666666666666,64.0,47.125,51.583333333333336,4.105657512641682,4.900875063587001,70.2,81.6,830.3799999999999,878.6533333333333,994.6875,1134.2833333333333,579.0458333333332,662.6125,162.10315419188595,176.83240411219097,1089.34,1177.8600000000001,16.067027777777778,15.716248660262371,17.912199074074074,18.128511819830376,12.154375,11.80226851851852,2.382360570778419,2.560861903041421,22.948888888888895,22.705190068519133,11.043498580425792,11.230891794033472,12.89255309381759,13.989693466322215,7.541342968977065,8.150012724108441,2.1799882576189624,2.234779743408339,15.310966760239419,15.395457596395852,,,,,,,,,,,5.0,5.0,2.0,0.0,239.0,206.0,209.0,209.0,-30.0,3.0,-7.999999999999993,-6.2166666666666615,-0.892500000000001,-0.8049999999999997,-0.20083333333333275,-10.36666666666666,-0.4458333333333364,5.266666666666659,48.273333333333426,-0.35077911751540647,0.18739321360767924,,-33.0,33.0,5,2,avg,home_minus_away
MLS-MAT-0006A6,FC Cincinnati 2,RBNY II,NKU Soccer Stadium,335,491,71.04477611940298,78.61507128309572,17,13,1,4,0,0,13,6,5,2,,,1.8202,0.3973,3,0,238,386,0,0,12,16,3,7,499,647,ASA,-7.570295163692734,7,3,,1.4229,-156,4,-3,0,2025-04-20,MLS-STA-000016,44.96666666666666,41.78333333333333,63.208333333333336,47.04166666666666,34.0,38.41666666666666,10.919505038131435,3.4875024890472983,52.8,47.4,36.30833333333334,33.5,42.708333333333336,39.875,29.875,29.33333333333333,5.137231339285134,3.9127861982650347,50.4,44.8,6.568333333333333,5.9558333333333335,13.620833333333332,8.262500000000001,4.441666666666666,4.441666666666666,3.9550716825221874,1.6772440399191901,11.680000000000001,10.22,6.901666666666666,6.456666666666666,14.383333333333333,9.3375,4.679166666666666,4.679166666666666,4.195004262678274,1.9708324524310932,12.26,10.78,13.977500000000001,8.774166666666668,28.52916666666667,13.004166666666668,4.379166666666666,4.379166666666666,10.217574728541667,4.067471744079962,35.8,24.98,77.625,74.31666666666666,97.0,97.0,65.91666666666667,59.29166666666666,12.637370177374725,15.082717528865803,101.4,98.2,14.110833333333332,14.54583333333333,20.7,21.3,8.345833333333333,9.504166666666666,5.665482106581926,5.578673428533188,19.14,19.66,58.56666666666666,58.33333333333333,69.54166666666667,69.625,50.29166666666666,52.5,8.561541917201605,6.8511581543236595,77.0,75.8,820.0516666666666,822.6,1426.725,1470.1958333333334,408.01666666666665,495.1333333333334,423.17702491384216,424.0742352015808,1069.42,1051.6,13.106712962962964,13.579120370370372,20.641365740740746,21.303541666666668,6.54914351851852,8.06048611111111,6.3492793549017685,6.213950033428862,18.253222222222224,18.924444444444443,9.53412228724892,9.825828879206869,16.826575052255656,17.394314412924263,3.658881472348984,5.293871213195359,5.63104723982495,5.474802255167258,12.725362182382806,13.107773021146798,,,,,,,,,,,5.0,5.0,2.0,0.0,4.0,160.0,266.0,266.0,262.0,106.0,-3.18333333333333,-2.808333333333337,-0.6124999999999998,-0.4450000000000003,-5.203333333333333,-3.308333333333337,0.4349999999999987,-0.23333333333333428,2.548333333333403,0.47240740740740783,0.2917065919579489,,156.0,-156.0,5,2,avg,home_minus_away
MLS-MAT-0006A7,Huntsville,Chicago Fire FC II,Wicks Family Field,602,350,91.69435215946844,82.28571428571429,15,10,1,2,0,1,30,10,10,1,,,4.1816,1.2508,5,0,552,288,0,0,10,14,1,11,733,475,ASA,9.408637873754145,20,9,,2.9308000000000005,252,5,-1,-1,2025-04-20,MLS-STA-000013,44.925,44.016666666666666,56.04166666666666,56.04166666666666,33.916666666666664,33.75,9.733845234826548,10.35597318244671,57.8,60.2,38.06666666666666,39.275,49.16666666666666,49.16666666666666,31.75,30.166666666666668,8.47691923532495,8.468313078109997,51.6,54.4,6.26,5.253333333333333,7.741666666666667,6.870833333333334,4.5375000000000005,2.4458333333333333,1.2219122081575438,1.8260708426077623,10.92,10.1,6.816666666666667,5.734166666666667,8.925,7.375,4.991666666666666,2.558333333333333,1.4910467752928185,2.1254174426581605,11.879999999999999,10.98,8.430833333333334,4.333333333333334,14.683333333333332,7.045833333333333,2.5166666666666666,2.3916666666666666,5.691648822568416,2.457957245243384,19.259999999999998,10.0,87.46666666666667,89.75,108.625,108.625,73.375,72.0,17.382252682933057,15.847444369852061,108.2,115.2,12.014166666666666,17.46666666666667,21.791666666666668,21.791666666666668,3.466666666666667,13.454166666666666,8.084956666894113,3.1975508748450303,16.660000000000004,23.5,64.475,58.49166666666666,71.54166666666667,67.33333333333333,54.91666666666666,51.54166666666666,6.381301351953572,5.956686835444312,81.0,82.4,726.4475,974.36,1412.4,1412.4,245.1208333333333,728.4083333333333,483.21901310199286,267.58724494960944,910.74,1316.48,10.95578706835352,16.79730558687204,21.790208489915745,21.790208489915745,1.736921296296296,12.425069444444446,8.818699103731099,3.5893737746243555,15.658349546275124,23.10401621294179,8.115373106582725,12.333827227002388,17.37768818147791,17.37768818147791,0.993120034641699,8.826233404444745,7.047039075162477,3.3037499853958536,10.767498009042924,16.51947438866788,,,,,,,,,,,5.0,5.0,2.0,0.0,265.0,190.0,197.0,197.0,-68.0,7.0,-0.9083333333333314,1.2083333333333357,-1.0066666666666668,-1.0825000000000005,-4.0975,2.2833333333333314,5.452500000000002,-5.983333333333334,247.91250000000002,5.841518518518519,4.218454120419663,,-75.0,75.0,5,2,avg,home_minus_away
MLS-MAT-0006A8,North Texas SC,Colorado Rapids 2,Choctaw Stadium,402,416,80.34825870646766,79.8076923076923,18,15,0,1,0,0,10,16,3,4,,,,,2,3,323,332,0,0,15,17,5,3,518,546,,0.5405663987753542,-6,-1,,,-14,3,-1,0,2025-04-20,MLS-STA-000010,54.50833333333334,47.2,65.16666666666667,52.208333333333336,41.0,40.79166666666666,8.901973875994521,5.52821047999361,81.6,63.0,43.34166666666667,37.425,53.958333333333336,43.875,34.916666666666664,33.708333333333336,8.15897809845762,3.927113726672835,65.4,55.4,8.374166666666667,7.340000000000001,9.654166666666669,9.2,7.041666666666667,5.2,1.0417974917846993,1.8070406285784866,15.88,12.64,10.290000000000001,8.050833333333333,11.9875,10.091666666666669,8.9125,6.066666666666666,1.182898981316664,1.8380158006212404,18.32,14.0,12.75,7.183333333333333,22.7625,9.408333333333331,5.791666666666667,5.995833333333334,7.065424050535742,1.3243545335579718,34.72,17.880000000000003,86.94166666666668,87.56666666666666,91.91666666666669,96.375,80.95833333333333,79.125,3.9154031649939354,6.478235463629143,134.4,117.8,17.3325,21.75,25.079166666666666,24.3,10.575,18.4625,6.710101604421996,2.493326161420168,24.32,26.46,52.31666666666666,58.375,71.0,76.70833333333333,36.5,37.583333333333336,13.358849283028336,14.22704657216903,74.8,74.8,865.4033333333333,1268.6716666666666,1691.8916666666669,1737.8875,345.3416666666667,682.5749999999999,651.0361278391055,408.77397100328164,1041.3600000000001,1482.08,16.501805479133285,21.552768981596078,25.26960609937012,24.594164760126034,8.984907407407407,17.345648148148147,7.678906705097927,3.091484634877537,23.6268805494169,26.529985364984885,11.332595620010938,16.29578683598855,20.085233349231768,19.741909035887765,4.741932102484772,10.65353170020158,7.663406142046521,3.8577204711118624,14.171629656286374,18.982749045316,,,,,,,,,,,5.0,5.0,2.0,0.0,1597.0,219.0,187.0,187.0,-1410.0,-32.0,-7.308333333333337,-5.916666666666671,-1.0341666666666667,-2.2391666666666676,-5.566666666666667,0.6249999999999858,4.4175,6.058333333333337,403.2683333333333,5.050963502462793,4.963191215977613,,-1378.0,1378.0,5,2,avg,home_minus_away
MLS-MAT-0006AB,New England Revolution II,Columbus Crew 2,Gillette Stadium,471,430,84.28874734607218,83.48837209302326,17,6,0,1,0,0,24,4,5,2,,,2.651,0.6829,2,2,397,359,0,0,5,16,3,5,606,571,ASA,0.8003752530489265,20,3,,1.9680999999999997,41,11,-1,0,2025-04-23,MLS-STA-00000N,41.1,47.15833333333333,46.708333333333336,62.16666666666666,35.625,36.16666666666666,5.077489810701525,10.002013686142293,52.8,68.0,35.725,40.3,41.625,53.79166666666666,30.625,30.625,5.335985668604776,8.64130905721015,48.4,54.4,6.682499999999999,6.520833333333333,9.2875,9.2875,3.758333333333333,3.641666666666667,2.6042723311896543,2.7754207013432115,10.4,13.1,7.6075,7.449166666666668,10.975,10.975,3.920833333333333,4.004166666666666,3.2401672839188067,3.2608065528332095,11.919999999999998,14.4,6.009166666666667,7.503333333333333,8.4,9.0375,4.145833333333333,5.554166666666667,1.6736245389041786,1.3479839627714003,12.0,15.7,86.28333333333333,94.19166666666666,97.625,115.29166666666669,74.375,78.625,10.634407599861868,13.524367155044432,108.0,116.8,15.448333333333334,13.282499999999999,19.975,18.279166666666665,9.070833333333336,9.1875,4.1492370868362976,3.764161224259957,21.8,20.28,64.075,58.58333333333333,78.79166666666667,76.91666666666667,49.625,47.79166666666666,13.244344967234548,13.035108841125957,82.2,82.2,979.9975000000001,764.2608333333334,1469.7125,1189.8041666666666,422.9583333333333,425.6,376.13365797243176,355.5519109085119,1220.96,1128.6,14.721791666666666,12.195981481481482,19.96898148148148,17.933842592592594,7.32923611111111,7.458657407407408,4.721505567629511,4.375949839407443,21.33066666666667,19.62211111111111,11.346526031874307,8.765655349604785,16.75078082394716,14.240207853519316,4.161209030033191,4.249410478990142,4.53705077816723,4.407376770560082,15.298683007253544,13.706685617003085,,,,,,,,,,,5.0,5.0,2.0,0.0,231.0,79.0,91.0,91.0,-140.0,12.0,6.05833333333333,4.574999999999996,-0.16166666666666618,-0.15833333333333233,1.4941666666666658,7.908333333333331,-2.1658333333333353,-5.491666666666674,-215.73666666666668,-2.5258101851851844,-2.5808706822695218,,-152.0,152.0,5,2,avg,home_minus_away
MLS-MAT-0006AA,Real Monarchs,LAFC 2,America First Field,504,416,83.33333333333333,81.97115384615384,15,16,2,2,0,0,22,7,3,5,,,2.6858,0.5782,0,1,420,341,0,0,15,15,5,4,633,548,ASA,1.362179487179489,15,-2,,2.1075999999999997,88,-1,0,0,2025-04-23,MLS-STA-00000R,65.60833333333333,59.93333333333334,73.66666666666667,61.91666666666666,56.875,57.208333333333336,6.211310807264797,2.0599942691398114,70.6,69.6,49.85,48.475,57.583333333333336,52.125,37.708333333333336,44.333333333333336,7.340704155597064,2.8654127587099474,62.0,60.4,17.29083333333333,13.747499999999999,22.77083333333333,15.7375,13.8875,12.520833333333334,3.744763009857899,1.2194196878023584,27.54,21.06,31.824166666666667,31.625833333333333,54.75833333333333,46.77916666666667,19.04583333333333,25.6,14.596537296279095,8.614861392126722,50.96,64.28,27.643333333333334,16.960833333333333,49.64166666666667,25.816666666666663,15.333333333333334,9.291666666666666,13.677920480853645,6.500370315305975,55.839999999999996,45.58,72.55,82.08333333333333,81.45833333333333,92.75,57.458333333333336,66.75,9.834321984198446,10.677078252031313,121.6,122.8,13.758333333333335,8.715,17.587500000000002,11.404166666666669,10.191666666666666,4.779166666666667,3.3220525260915292,3.1042807585297085,20.44,14.24,58.8,58.88333333333334,76.875,65.66666666666667,49.625,53.583333333333336,10.481150408656909,4.976280544297676,89.4,97.2,711.7225,404.04499999999996,972.0,575.6374999999999,427.0625,229.39583333333331,236.14186356389786,156.273230173149,890.14,605.0,12.725055555555556,7.179564814814815,16.829212962962966,10.061273148148148,8.734050925925926,3.027268518518518,3.661548650007969,3.352195857860212,19.43777777777778,12.513333333333335,8.865429840239578,4.42798216445208,11.579682065495538,6.663715341375479,5.297250613217229,1.6727901886235523,3.0528532720963084,2.4792029924466616,11.706267517797084,6.59006856463328,,,,,,,,,,,5.0,5.0,2.0,0.0,87.0,1302.0,1362.0,1362.0,1275.0,60.0,-5.674999999999997,-1.375,-3.543333333333333,-0.19833333333333414,-10.682500000000001,9.533333333333331,-5.043333333333335,0.08333333333334281,-307.6775,-5.545490740740742,-4.4374476757874985,,1215.0,-1215.0,5,2,avg,home_minus_away
MLS-MAT-0006AD,Sporting KC II,Tacoma Defiance,Swope Park,417,429,83.45323741007195,86.24708624708624,12,9,2,0,0,0,9,22,5,10,,,,,1,4,348,370,0,0,9,12,10,5,575,602,,-2.793848837014295,-13,-5,,,-12,3,2,0,2025-04-23,MLS-STA-00005B,44.733333333333334,52.133333333333326,53.958333333333336,59.375,35.541666666666664,46.79166666666666,8.348455030057295,4.88552993827464,50.8,56.8,33.041666666666664,33.84166666666666,37.333333333333336,36.91666666666666,27.58333333333333,30.45833333333333,4.4818306031749575,2.378907604109264,45.2,47.4,6.1466666666666665,9.234166666666667,11.983333333333334,12.316666666666668,2.208333333333333,2.1166666666666667,4.071378545884538,4.230482553904329,10.64,17.740000000000002,7.3308333333333335,10.155833333333334,13.466666666666669,13.6625,2.4291666666666667,2.3541666666666665,4.341715250847808,4.760396699447548,12.6,19.74,7.6425,6.716666666666667,17.441666666666666,8.041666666666666,3.0375,4.966666666666667,5.785670157092147,1.3891787891892582,17.18,13.180000000000001,71.725,69.225,83.95833333333333,84.08333333333333,56.79166666666666,52.04166666666666,10.597374216180995,13.32192220030995,103.2,94.8,13.2025,14.915833333333333,19.4375,19.291666666666668,9.3375,10.933333333333332,3.9202738265330406,3.8160097687971875,19.02,19.36,67.23333333333333,66.36666666666667,74.45833333333333,90.5,55.29166666666666,54.583333333333336,8.162286240182143,14.831735634929732,86.4,80.8,808.9525,934.8108333333333,1028.2958333333331,1154.8958333333333,673.3375,629.1208333333333,150.9426081088713,196.37730514861067,972.5,1140.4,12.333842592592593,14.19587962962963,18.880532407407404,18.71576388888889,8.27099537037037,10.445277777777775,4.123953301818999,3.9890775911663816,18.178666666666665,18.78766666666667,9.392808880003695,10.962836256039791,13.68678755559672,13.946748887086487,6.736119457641959,7.1010895508741,2.753143273759793,2.8261856162080154,12.322789859512005,13.885963158539942,,,,,,,,,,,5.0,5.0,2.0,0.0,42.0,276.0,270.0,270.0,228.0,-6.0,7.3999999999999915,0.7999999999999972,3.0875000000000004,2.825,-0.9258333333333333,-2.5,1.713333333333333,-0.86666666666666,125.85833333333335,1.8620370370370374,1.570027376036096,,234.0,-234.0,5,2,avg,home_minus_away
MLS-MAT-0006AE,Atlanta,Carolina Core FC,Fifth Third Stadium,377,501,83.28912466843501,89.02195608782435,11,13,4,4,0,0,7,16,5,9,,,0.4348,1.0019,2,2,314,446,0,0,12,11,9,5,491,626,ASA,-5.732831419389342,-9,-4,,-0.5670999999999999,-124,-2,0,0,2025-04-23,MLS-STA-000011,52.0625,57.883333333333326,54.25,65.83333333333333,49.875,47.083333333333336,3.0935921676911455,7.857089420813958,63.5,77.8,41.125,45.61666666666666,41.458333333333336,52.29166666666666,40.79166666666666,39.958333333333336,0.47140452079103756,5.8873540321607924,53.5,62.2,11.089583333333334,9.440833333333334,14.775,12.808333333333332,7.404166666666666,5.920833333333333,5.211966232995845,2.647796843604131,17.4,19.52,12.977083333333333,10.708333333333334,17.004166666666666,15.233333333333334,8.950000000000001,6.183333333333334,5.69515586680665,3.3799076972110744,19.35,20.84,7.114583333333332,9.648333333333333,9.970833333333331,14.95,4.258333333333334,6.1125,4.0393474875281505,4.106391740323858,18.15,32.8,85.52083333333334,94.35,95.79166666666669,113.625,75.25,74.70833333333333,14.525151796873677,17.3917934430773,114.0,126.8,20.447916666666664,20.4625,21.83333333333333,21.65,19.0625,18.45,1.959275039537722,1.4173160276459937,24.6,26.26,72.875,64.56666666666666,87.41666666666667,81.58333333333333,58.333333333333336,53.04166666666666,20.565022219508755,10.78420752510097,90.5,86.6,1441.125,1274.7216666666666,1660.716666666667,1586.8833333333332,1221.5333333333333,914.7458333333334,310.549513184112,248.36319490482742,1661.85,1497.6399999999999,20.438756141944726,20.25946280336315,21.5706604320376,21.63286753759704,19.306851851851853,17.73562789101963,1.600754398357631,1.5991538579796087,24.43708647874115,26.307160965134273,16.84453427053257,15.80521316403682,17.518362726531794,17.238083589605843,16.170705814533342,12.455657888536187,0.9529373411870293,1.957244283470232,18.788060713056552,19.043526926813954,,,,,,,,,,,2.0,5.0,2.0,0.0,,316.0,336.0,336.0,,20.0,5.820833333333326,4.49166666666666,-1.6487499999999997,-2.268749999999999,2.5337500000000013,8.829166666666652,0.01458333333333428,-8.308333333333337,-166.40333333333342,-0.17929333858157648,-1.0393211064957502,,,,5,2,avg,home_minus_away
MLS-MAT-0006AF,NYCFC II,Philadelphia Union II,Belson Stadium,451,348,84.70066518847007,79.59770114942529,18,13,1,3,1,0,4,19,3,7,,,0.4494,4.4867,1,4,382,277,0,0,11,18,7,3,602,494,ASA,5.102964039044778,-15,-4,,-4.0373,103,5,-2,1,2025-04-23,MLS-STA-00000Z,49.56666666666667,52.45,59.583333333333336,59.583333333333336,45.625,45.75,5.77970887867393,4.965278749028656,56.6,59.4,43.858333333333334,45.1,46.458333333333336,51.333333333333336,39.04166666666666,39.41666666666666,2.8292863254027756,4.326175980136632,59.6,63.2,10.036666666666667,11.826666666666666,13.645833333333334,14.5875,7.645833333333333,6.866666666666667,2.795923992568865,3.000120946636059,20.96,22.880000000000003,10.915,12.758333333333335,15.225,15.225,7.883333333333333,7.233333333333333,3.6359098280592406,3.4066468932889946,22.44,24.38,21.565833333333337,29.500833333333333,33.31666666666667,40.375,10.970833333333331,19.495833333333334,10.008463172208032,8.291892480174702,49.459999999999994,59.58,75.025,66.125,102.95833333333331,90.79166666666669,49.5,49.5,19.98090668474392,16.338779916709417,108.4,107.4,16.075,14.882499999999999,20.866666666666667,19.666666666666668,10.066666666666666,10.066666666666666,4.153639008615084,3.9900422930089356,21.479999999999997,20.94,63.45833333333333,65.45833333333334,70.16666666666667,70.16666666666667,55.5,56.125,5.608927655483216,5.442805521460828,82.0,87.4,979.425,922.6325,1310.1166666666666,1232.7125,657.1291666666667,657.1291666666667,259.2919583097347,251.91106216543858,1341.14,1289.1799999999998,15.395023148148146,14.140740751011185,20.666944444444443,19.4384491254263,8.877245370370371,8.877245370370371,4.538437357892383,4.389981856020399,21.03088888888889,20.463266431200015,11.717634734543104,10.826772985118268,16.188015997050503,15.22988097800147,6.6922272662478095,6.6922272662478095,3.6899670511163882,3.605792761690438,15.692719157521333,15.10764319403649,,,,,,,,,,,5.0,5.0,2.0,0.0,10.0,27.0,51.0,51.0,41.0,24.0,2.883333333333333,1.2416666666666671,1.7899999999999991,1.8433333333333355,7.934999999999995,-8.900000000000006,-1.1925000000000008,2.000000000000014,-56.792499999999905,-1.2542823971369614,-0.8908617494248361,,17.0,-17.0,5,2,avg,home_minus_away
MLS-MAT-0006AG,North Texas SC,Town FC,Choctaw Stadium,342,404,74.26900584795321,80.44554455445545,27,22,3,2,0,0,8,7,4,2,,,,,2,0,254,325,0,0,20,27,2,4,433,515,,-6.176538706502242,1,2,,,-62,5,1,0,2025-04-23,MLS-STA-000010,57.49166666666666,51.416666666666664,69.95833333333333,69.83333333333333,50.333333333333336,40.79166666666666,7.564158449923923,11.198376928525548,74.4,67.0,41.59166666666666,39.15,50.04166666666666,48.458333333333336,35.416666666666664,33.708333333333336,7.687776643622147,6.458440859319944,56.6,59.0,11.996666666666666,8.943333333333333,13.308333333333332,11.991666666666667,8.854166666666666,6.495833333333334,1.7954403088874265,1.986317345547338,15.9,14.919999999999998,14.477499999999997,9.810833333333333,16.895833333333332,13.366666666666667,9.341666666666669,7.399999999999999,2.9922419943543614,2.211522068872729,18.44,16.080000000000002,14.068333333333333,9.116666666666667,25.325000000000003,15.320833333333333,8.558333333333334,6.104166666666667,6.993869215049866,3.7715848698598244,31.26,20.3,74.24166666666667,84.53333333333333,98.79166666666669,102.70833333333331,59.875,69.375,14.687201533610443,12.168179129735604,119.2,123.4,16.7675,21.598333333333333,22.870833333333334,24.3,13.345833333333331,18.991666666666667,4.279050428476445,2.055188217928254,23.28,26.46,69.35833333333333,67.83333333333333,79.75,76.70833333333333,56.833333333333336,62.29166666666666,10.080991463585757,5.794288974690701,93.0,88.8,1059.4383333333333,1424.7866666666666,1284.4625,1737.8875,957.95,1107.3833333333334,128.51549123684362,227.22975056845615,1232.88,1688.94,16.274225908448614,21.62140053383643,22.61235639409492,24.594164760126034,12.818333333333332,18.57289351851852,4.403258192978963,2.3491366747295332,22.58640109972045,26.419355392620453,12.802906176646559,17.302608749942344,17.168786028354127,19.741909035887765,10.877523417255752,14.069228734644746,2.7328651189332365,2.2692382119584797,15.532668528783116,19.80191058863029,,,,,,,,,,,5.0,5.0,2.0,0.0,17.0,219.0,187.0,187.0,170.0,-32.0,-6.074999999999996,-2.441666666666663,-3.053333333333333,-4.666666666666664,-4.951666666666666,10.291666666666657,4.830833333333334,-1.5250000000000057,365.34833333333336,5.347174625387815,4.499702573295785,,202.0,-202.0,5,2,avg,home_minus_away
MLS-MAT-0006AC,Whitecaps FC 2,Houston Dynamo 2,Swangard Stadium,362,453,79.00552486187846,83.22295805739515,19,18,1,1,0,0,14,17,4,9,,,,,1,3,286,377,0,0,17,18,9,4,529,602,,-4.217433195516691,-3,-5,,,-91,1,0,0,2025-04-23,MLS-STA-00001E,52.05833333333332,59.758333333333326,56.91666666666666,68.125,41.125,50.5,6.435753538717205,7.700863497758618,59.4,64.2,39.94166666666666,42.45833333333333,45.54166666666666,46.625,33.625,38.16666666666666,5.119797494910214,3.904013248497563,52.0,56.6,10.1125,14.930000000000001,11.004166666666668,22.995833333333334,8.8375,10.283333333333331,0.9418832715481373,5.760590639325875,13.319999999999999,25.940000000000005,13.728333333333333,17.765833333333333,14.8875,27.116666666666664,12.075,12.920833333333334,1.2666440513331982,6.157434953642085,17.880000000000003,29.54,5.035,26.97416666666667,6.241666666666667,35.37916666666667,3.841666666666667,22.5875,1.1461385957010417,5.818758130439482,9.28,53.94,94.70833333333333,57.025,102.45833333333331,65.5,85.70833333333333,47.5,7.239995491864778,7.527299851577292,112.8,92.0,24.462499999999995,9.673333333333334,24.879166666666663,11.495833333333332,24.1125,8.458333333333334,0.3876567783204327,1.150930330211173,28.566666666666666,13.059999999999999,79.04166666666667,72.18333333333332,81.16666666666667,77.875,76.04166666666667,64.625,2.6721947908039936,4.836170144511732,93.33333333333333,89.8,1902.334722222222,663.9458333333334,1964.0916666666665,745.1833333333334,1843.0083333333328,581.1416666666667,60.57824777103809,68.6182741846757,2095.1333333333337,821.96,25.319069957321954,8.58100925925926,25.71789554709528,10.38840277777778,24.900594498907783,7.232106481481481,0.40900469293798863,1.1949498140892256,29.98373238169037,11.966222222222225,21.56647573250028,6.7800553197039335,21.85499966910469,7.614301257041233,21.372128848691457,5.632056355013503,0.25483925375927496,0.8532175423507298,22.624400490093453,8.760856424120762,,,,,,,,,,,5.0,5.0,2.0,0.0,20.0,37.0,0.0,0.0,-20.0,-37.0,7.700000000000003,2.5166666666666657,4.817500000000001,4.0375,21.93916666666667,-37.68333333333333,-14.789166666666661,-6.8583333333333485,-1238.3888888888885,-16.738060698062696,-14.786420412796346,,17.0,-17.0,5,2,avg,home_minus_away
MLS-MAT-0006A9,Ventura County,Timbers2,William Rolland Stadium,689,306,87.51814223512336,76.14379084967321,9,10,0,2,0,0,15,11,5,4,,,2.0465,1.5901,2,3,603,233,0,0,10,6,4,5,802,421,ASA,11.374351385450154,4,1,,0.4563999999999999,383,-1,-2,0,2025-04-23,MLS-STA-00004W,42.35,50.483333333333334,54.29166666666666,54.375,32.833333333333336,45.625,10.08465039607775,3.2547508011793727,47.8,56.0,31.866666666666664,38.19166666666666,35.916666666666664,39.91666666666666,27.125,37.333333333333336,4.309066668729499,1.107737935313818,41.2,54.8,7.888333333333334,9.453333333333333,11.6125,11.3375,4.566666666666666,7.6875,3.112125423690019,1.5082021121557647,10.34,12.18,10.7025,14.282499999999999,16.733333333333334,16.875,5.7250000000000005,11.254166666666668,4.7584269182274,2.5959025539192426,13.74,19.240000000000002,8.355833333333333,9.9825,13.654166666666669,12.633333333333333,5.270833333333333,5.6625000000000005,3.457656309232857,3.018541371902808,18.78,20.5,73.1,74.45,84.04166666666667,79.33333333333333,63.333333333333336,69.20833333333333,8.85000392341407,4.08783765170129,96.8,115.6,13.264166666666668,14.506666666666666,16.291666666666668,15.408333333333331,9.583333333333334,13.154166666666669,2.8370680043155674,0.8760440200126921,18.06,18.64,69.76666666666667,75.19166666666666,78.125,81.29166666666667,57.41666666666666,71.5,7.588631391027567,4.260668798570375,91.8,91.8,882.4949999999999,1050.6241666666667,1133.5333333333333,1092.0541666666666,684.0833333333334,1018.0125,212.4802514802192,35.26237265623541,1086.8799999999999,1121.7,12.467824074074075,13.976226851851852,15.811782407407408,14.884722222222225,8.488101851851852,12.64775462962963,3.1087325093511873,0.858609257453685,17.185333333333336,18.10011111111111,9.838640931097018,11.617943543362312,12.675336766827185,12.152177759745724,6.780209519819514,11.011329859667793,2.6653880511622297,0.41838078763325115,12.252102733515972,13.716993764628949,,,,,,,,,,,5.0,5.0,2.0,0.0,31.0,25.0,272.0,272.0,241.0,247.0,8.133333333333333,6.324999999999999,1.5649999999999995,3.5799999999999983,1.626666666666667,1.3500000000000085,1.242499999999998,5.424999999999997,168.12916666666683,1.5084027777777766,1.779302612265294,,-6.0,6.0,5,2,avg,home_minus_away
MLS-MAT-0006AH,Colorado Rapids 2,MNUFC2,DICK'S Sporting Goods Park,310,492,71.29032258064517,83.73983739837398,21,12,2,3,0,0,13,8,5,5,,,,,0,2,221,412,0,0,11,21,5,6,456,643,,-12.449514817728812,5,0,,,-182,9,-1,0,2025-04-24,MLS-STA-00000J,46.108333333333334,49.48333333333333,56.458333333333336,57.16666666666666,38.54166666666666,41.91666666666666,6.481450562095567,6.540379385020412,57.6,72.0,37.225,44.63333333333333,50.708333333333336,50.04166666666666,28.916666666666668,37.66666666666666,8.699187781371062,5.233721455883738,57.6,60.8,8.2075,8.473333333333333,11.058333333333332,11.275,5.641666666666667,5.304166666666666,2.088743807757295,2.64742832501866,17.02,16.34,9.816666666666666,11.428333333333333,13.341666666666669,15.041666666666666,6.379166666666666,7.170833333333333,3.225932520217991,3.144413862974571,18.740000000000002,19.64,13.8225,14.203333333333333,21.5125,17.279166666666665,9.370833333333334,7.35,4.61467842264707,3.9230260871622495,47.239999999999995,41.019999999999996,70.98333333333333,85.625,82.16666666666667,91.375,59.458333333333336,74.95833333333333,9.912402794815529,6.534563553393096,103.4,124.6,8.790000000000001,7.4925,11.866666666666667,10.508333333333333,5.929166666666667,1.4083333333333332,2.6557321390615525,3.917360754101896,15.62,15.919999999999998,58.141666666666666,52.30833333333332,71.41666666666667,66.58333333333333,38.75,41.66666666666666,13.687756846905195,10.118293389258445,86.2,80.2,417.8841666666667,248.20999999999998,567.025,532.8833333333333,283.8666666666667,24.745833333333334,120.55890360974314,198.15520600007093,649.9,533.96,7.242699074074073,5.66313425925926,10.120694444444444,8.839768518518518,4.442407407407408,-0.6567129629629619,2.7147898287233323,4.146823582210073,14.078333333333333,14.262111111111114,4.423803746057068,2.528668476953102,6.353649964458598,5.844730338262476,2.0594956512416998,-1.3932000609513182,1.7672574459205872,2.9280076320759276,8.020177668295194,6.940614246338524,,,,,,,,,,,5.0,5.0,2.0,0.0,257.0,1597.0,1572.0,1572.0,1315.0,-25.0,3.374999999999993,7.408333333333331,0.26583333333333314,1.6116666666666664,0.38083333333333336,14.641666666666666,-1.2975000000000012,-5.833333333333343,-169.67416666666674,-1.5795648148148134,-1.895135269103966,,1340.0,-1340.0,5,2,avg,home_minus_away
MLS-MAT-0006AI,TFC II,Chicago Fire FC II,York Lions Stadium,417,586,80.0959232613909,87.20136518771331,12,7,0,0,0,0,12,17,5,5,,,2.5231,1.709,2,0,334,511,0,0,7,12,6,5,562,740,ASA,-7.105441926322413,-5,0,,0.8140999999999998,-169,5,0,0,2025-04-25,MLS-STA-00001H,52.416666666666664,50.59166666666666,63.458333333333336,63.458333333333336,40.04166666666666,39.16666666666666,9.512418783417349,11.056570130721177,62.0,61.0,39.325,39.90833333333334,47.75,47.75,30.541666666666668,34.5,7.524808506238253,5.61243968044795,51.8,56.0,13.7875,13.238333333333333,25.870833333333334,25.870833333333334,7.166666666666667,6.179166666666667,7.257384290232337,7.42936903818592,26.060000000000002,27.419999999999998,14.497499999999999,14.099166666666667,27.10833333333333,27.10833333333333,7.558333333333334,6.358333333333333,7.594144994299519,7.770042073209413,27.379999999999995,30.04,23.25,23.5225,37.81666666666667,37.81666666666667,8.9125,14.891666666666666,12.251614476944118,10.410145291973597,45.839999999999996,52.54,67.45833333333333,68.925,76.66666666666667,78.29166666666667,59.54166666666666,59.54166666666666,7.392282011215034,8.468251574098531,92.2,93.2,9.731666666666666,6.571666666666667,11.345833333333331,9.608333333333333,6.15,4.433333333333334,2.2149872240664896,2.042241415699917,14.440000000000001,10.0,75.1,76.04166666666666,77.125,81.70833333333333,73.20833333333333,67.875,1.8084485370369578,5.645256735624263,90.4,87.0,723.4358333333333,494.62,857.8416666666667,709.6708333333332,434.0708333333334,327.00416666666666,174.4894576218877,143.0894111927437,1084.56,713.0,8.721333333333334,5.269921296296297,10.449699074074074,8.597199074074075,4.732106481481483,2.8666203703703705,2.4499059201084723,2.2085541907209136,13.803888888888888,8.809111111111111,7.187754014310731,4.285933250766435,8.719094488258447,7.081551296637927,3.611619165531802,2.106550748931795,2.156530082533788,1.8385515739756777,11.340318159095073,7.073005436526811,,,,,,,,,,,5.0,5.0,2.0,0.0,265.0,87.0,165.0,165.0,-100.0,78.0,-1.8250000000000028,0.5833333333333357,-0.5491666666666664,-0.39833333333333165,0.27250000000000085,1.4666666666666686,-3.1599999999999984,0.9416666666666629,-228.81583333333333,-3.451412037037037,-2.901820763544296,,-178.0,178.0,5,2,avg,home_minus_away
MLS-MAT-0006AK,New England Revolution II,NYCFC II,Gillette Stadium,433,471,86.14318706697459,89.59660297239915,9,8,3,0,0,0,20,8,7,4,,,2.8123,1.7871,2,1,373,422,0,0,7,9,4,8,572,624,ASA,-3.4534159054245634,12,3,,1.0252000000000001,-38,1,3,0,2025-04-26,MLS-STA-00000N,49.49166666666667,44.2,59.583333333333336,52.208333333333336,40.083333333333336,36.16666666666666,7.277629345390496,6.2163957715776865,59.4,55.0,43.15833333333333,38.75,46.458333333333336,41.375,40.458333333333336,30.625,2.379454886219857,4.5846588992227355,63.0,55.6,10.395833333333334,7.448333333333333,13.645833333333334,9.2875,8.595833333333333,3.783333333333333,2.462589888376328,2.2331906826332584,22.880000000000003,13.419999999999998,11.5825,8.523333333333333,15.225,10.975,8.916666666666666,4.0125,3.0343439250611572,2.6837451159195838,24.839999999999996,15.12,22.815,9.0725,33.31666666666667,11.1,9.904166666666669,6.95,11.36852402652458,1.5623544376641594,49.12,19.380000000000003,72.075,89.25833333333333,92.70833333333331,97.08333333333331,49.5,78.625,17.29044674411599,7.2365416272016345,110.8,116.6,14.745,13.915000000000001,17.541666666666668,17.166666666666668,10.066666666666666,9.1875,2.9756526478330025,2.9202620696703847,21.02,20.98,63.19166666666666,59.48333333333333,70.16666666666667,76.91666666666667,55.29166666666666,49.583333333333336,5.701227328878897,11.192933968952618,86.2,81.4,879.0466666666667,790.5566666666666,1133.0166666666669,1074.3166666666666,657.1291666666667,425.6,190.03054022643315,262.31751147821797,1120.72,982.3399999999999,13.925060185185185,12.91523148148148,17.183518518518518,16.530578703703704,8.877245370370371,7.458657407407408,3.2684163552504195,3.37270487078478,20.284666666666663,20.157111111111114,10.438561809213008,9.341277557068913,13.660611050829226,12.38811134605549,6.6922272662478095,4.249410478990142,2.6924077171426695,3.314040333550765,13.93787010862475,13.034061708610267,,,,,,,,,,,5.0,5.0,2.0,0.0,27.0,79.0,91.0,91.0,64.0,12.0,-5.291666666666664,-4.408333333333331,-2.9475000000000007,-3.059166666666666,-13.742500000000001,17.183333333333323,-0.8299999999999983,-3.7083333333333357,-88.49000000000012,-1.009828703703704,-1.0972842521440942,,52.0,-52.0,5,2,avg,home_minus_away
MLS-MAT-0006AL,Carolina Core FC,Crown Legacy FC,Truist Point,442,336,92.3076923076923,86.30952380952381,15,16,2,3,0,0,11,10,4,5,,,1.54,0.5922,1,2,408,290,0,0,15,14,5,6,580,446,ASA,5.998168498168496,1,-1,,0.9478000000000001,106,-1,-1,0,2025-04-26,MLS-STA-00002T,54.791666666666664,,68.58333333333333,,46.708333333333336,,8.287844596489215,,74.8,,44.75,,54.458333333333336,,39.625,,5.901094531243054,,63.4,,10.51,,15.1625,,6.420833333333333,,3.1437625634827375,,17.22,,11.6325,,15.8375,,8.299999999999999,,2.7850378388612405,,18.66,,8.593333333333334,,15.833333333333334,,4.958333333333333,,4.351915885561208,,26.2,,92.49166666666667,,99.91666666666669,,87.75,,6.1893165122563305,,127.6,,20.3175,,22.054166666666664,,18.75,,1.3203022065673682,,25.860000000000003,,73.10833333333332,,84.83333333333333,,57.66666666666666,,11.48691888869925,,93.6,,1427.905,,1601.3416666666665,,1214.9875,,152.9497411835829,,1607.08,,20.304918053962965,,21.776743047592603,,18.87388888888889,,1.145659870842225,,25.69489205523734,,16.75264832596695,,17.391155792884163,,16.259763129931475,,0.41402440966238707,,18.90658509587149,,,,,,,,,,,,5.0,0.0,2.0,0.0,239.0,,288.0,288.0,49.0,,,,,,,,,,,,,,,,5,2,avg,home_minus_away
MLS-MAT-0006AJ,Tacoma Defiance,St Louis CITY2,Starfire Sports Complex,334,610,81.73652694610779,87.8688524590164,8,13,0,2,0,0,14,13,5,6,,,2.4354,2.0548,3,1,273,536,0,0,10,7,6,6,501,781,ASA,-6.132325512908608,1,-1,,0.3805999999999998,-276,-5,-2,0,2025-04-26,MLS-STA-00001D,47.833333333333336,51.24166666666666,60.625,59.75,39.25,36.958333333333336,9.398997065290175,10.637794583987372,56.6,54.2,38.96666666666666,38.36666666666666,44.583333333333336,43.66666666666666,33.666666666666664,29.541666666666668,4.575978948086779,6.464472888196083,60.4,50.4,9.476666666666667,11.720833333333333,15.891666666666666,14.670833333333334,6.191666666666666,5.579166666666667,4.5175396988355905,4.110805755363945,14.959999999999999,17.56,11.304166666666665,14.658333333333335,20.154166666666665,19.3,6.370833333333334,7.85,6.610835880708782,4.92311282935457,16.54,20.46,15.298333333333336,15.381666666666666,20.495833333333334,20.804166666666667,11.0875,4.708333333333333,4.725354190134558,6.573974492268736,39.08,32.88,72.75833333333334,65.13333333333333,77.41666666666667,75.75,66.79166666666667,58.375,4.057357856755768,7.2993649837959635,119.0,107.6,15.706666666666667,11.221666666666668,18.9875,13.5125,12.691666666666668,8.8875,2.694383304002771,2.015250880439235,22.119999999999997,16.619999999999997,66.06666666666668,69.09166666666667,70.33333333333333,72.33333333333333,60.083333333333336,67.33333333333333,4.02914727675444,1.9732147346117446,90.8,90.2,952.3575000000001,713.2816666666666,1068.575,841.0,813.5041666666666,569.8833333333333,124.37858996075244,113.14029614205148,1236.46,837.1200000000001,15.05796296296296,10.203449074074074,18.510648148148142,12.677453703703703,11.85287037037037,7.599745370370372,2.8644011500241358,2.1964885467563455,21.479,15.507333333333332,11.533261541815198,7.834494070145444,13.79787674547756,9.737593259052597,9.26490658285677,5.642518022789228,2.002690137808761,1.7270763198819579,15.214616628074225,10.270743456536875,,,,,,,,,,,5.0,5.0,2.0,0.0,152.0,42.0,45.0,45.0,-107.0,3.0,3.4083333333333243,-0.6000000000000014,2.2441666666666666,3.3541666666666696,0.08333333333333037,-7.625000000000014,-4.484999999999999,3.0249999999999915,-239.07583333333343,-4.854513888888887,-3.698767471669754,,-110.0,110.0,5,2,avg,home_minus_away
MLS-MAT-0006AN,FC Cincinnati 2,Atlanta,NKU Soccer Stadium,481,351,83.78378378378379,78.06267806267806,13,23,2,3,0,0,6,9,1,1,,,0.2577,0.6438,0,0,403,274,0,0,23,13,1,1,645,490,ASA,5.7211057211057295,-3,0,,-0.38610000000000005,130,-10,-1,0,2025-04-27,MLS-STA-000016,53.99166666666666,49.96666666666667,63.29166666666666,61.125,41.958333333333336,41.958333333333336,8.241967891360785,8.12341864953146,59.8,58.8,39.58333333333333,37.31666666666666,49.083333333333336,45.66666666666666,28.75,28.75,7.844241075818332,7.7856817477840545,52.4,53.4,12.0425,9.604166666666666,15.275,13.054166666666667,8.316666666666666,5.841666666666666,3.243846203882737,2.8747961884279722,17.66,19.44,13.543333333333333,10.126666666666667,17.1875,13.879166666666668,8.866666666666667,6.1125,4.102606090780727,3.0563637504394014,18.84,19.98,9.869166666666667,12.166666666666666,14.391666666666666,18.9625,5.966666666666666,5.966666666666666,3.716498034291003,5.256078656871701,24.880000000000003,36.56,77.86666666666666,71.36666666666667,90.75,80.54166666666667,58.208333333333336,58.208333333333336,12.47241400495955,8.68099776651407,110.2,112.6,17.876666666666665,16.9975,19.7625,19.1625,14.066666666666668,14.666666666666666,2.3148460321969093,1.8987765615141656,21.380000000000003,22.1,84.11666666666667,72.69166666666666,94.125,94.125,71.0,61.79166666666666,9.645603848962034,13.009531762006919,97.8,91.6,1493.2316666666666,1204.9983333333334,1722.7125,1697.2958333333331,996.7458333333334,903.3958333333334,287.3919904237455,330.6627500581849,1772.8,1534.6200000000001,17.916268518518518,16.65086574074074,19.90168981481481,19.05020833333333,13.382777777777775,14.050393518518518,2.673087276194294,2.2323599552156,21.72511111111111,22.07322222222222,15.949201834104588,13.67117050359074,17.74683783439222,17.33849371531561,10.855676058650085,10.936269569202674,2.8696532709760465,2.803628359827149,19.048021360943714,17.5804361684357,,,,,,,,,,,5.0,5.0,2.0,0.0,316.0,160.0,266.0,266.0,-50.0,106.0,-4.0249999999999915,-2.2666666666666657,-2.4383333333333344,-3.416666666666666,2.2974999999999994,-6.499999999999986,-0.8791666666666664,-11.425000000000011,-288.2333333333331,-1.2654027777777763,-2.2780313305138478,,-156.0,156.0,5,2,avg,home_minus_away
MLS-MAT-0006AR,Colorado Rapids 2,Sporting KC II,University of Denver Soccer Stadium,432,366,86.80555555555556,82.51366120218579,14,14,3,2,0,0,14,8,7,6,,,,,3,0,375,302,0,0,14,14,6,8,560,474,,4.29189435336977,6,1,,,66,0,1,0,2025-04-27,MLS-STA-00001G,43.4,46.06666666666666,55.583333333333336,60.16666666666666,34.416666666666664,34.416666666666664,8.128343329226308,10.487285622229528,60.2,62.4,34.53333333333333,38.70833333333333,40.0,47.75,26.08333333333333,26.08333333333333,5.695575768377886,9.388046477657994,56.0,56.2,6.345833333333333,8.040833333333333,14.966666666666669,13.3875,2.1166666666666667,4.104166666666667,5.020150368487206,4.135879382173625,15.64,18.14,7.5424999999999995,10.227500000000001,16.349999999999998,14.458333333333334,2.3541666666666665,4.879166666666666,5.294321348545691,4.168598094017274,20.64,23.3,9.195833333333333,12.035833333333333,14.541666666666666,17.941666666666666,5.533333333333334,5.533333333333334,4.121878027334412,5.938309593927664,23.339999999999996,32.2,76.01666666666667,76.95,84.08333333333333,91.375,67.91666666666667,67.91666666666667,7.146203829073632,8.66047455076478,113.8,114.2,15.441666666666668,10.593333333333332,19.291666666666668,12.979166666666666,7.404166666666666,7.504166666666666,5.217479469426679,2.0505982358814214,21.919999999999998,18.18,70.34166666666667,65.90833333333333,85.54166666666667,85.58333333333333,55.125,46.91666666666666,11.945238184221267,15.202921411506557,90.2,91.8,996.225,585.5441666666667,1378.8166666666666,809.7458333333334,606.8416666666667,328.0458333333333,370.95329083912304,175.61597467418477,1168.02,789.1800000000001,14.878087962962962,9.429162037037036,18.98023148148148,11.949351851851851,6.433726851851854,6.544814814814814,5.5826882287849795,2.116434657079221,21.394777777777783,16.97788888888889,11.764796896950585,6.708707464468942,15.862395020042078,8.990020822346885,5.898583596252475,4.426375253527136,4.4689513404876795,1.8801537456375554,14.822245890236312,9.91154091011391,,,,,,,,,,,5.0,5.0,2.0,0.0,276.0,1597.0,1609.0,1609.0,1333.0,12.0,2.6666666666666643,4.174999999999997,1.6950000000000003,2.6850000000000014,2.84,0.9333333333333371,-4.848333333333336,-4.433333333333337,-410.68083333333334,-5.448925925925925,-5.056089432481643,,1321.0,-1321.0,5,2,avg,home_minus_away
MLS-MAT-0006AM,Columbus Crew 2,Chattanooga,Historic Crew Stadium,584,383,89.8972602739726,84.07310704960835,18,15,0,2,0,0,12,12,6,3,,,1.621,1.469,3,0,525,322,0,0,14,18,5,6,727,527,ASA,5.824153224364252,0,3,,0.1519999999999999,201,3,-2,0,2025-04-27,MLS-STA-000012,44.425,46.65,55.875,56.458333333333336,36.458333333333336,36.458333333333336,7.676816198427865,7.3137522669435695,50.8,60.4,33.46666666666667,37.88333333333333,38.75,47.458333333333336,27.541666666666668,28.291666666666668,5.347588371302422,7.284722884228335,45.6,55.8,9.085833333333333,7.560833333333333,12.5625,9.6125,5.433333333333334,4.033333333333333,3.1247202652575337,2.151421929665226,15.220000000000002,15.1,9.8275,7.966666666666667,13.745833333333332,10.025,5.866666666666667,4.2125,3.560894618787687,2.287813047796228,16.18,15.6,6.6416666666666675,9.589166666666667,9.304166666666667,19.066666666666663,4.733333333333333,4.733333333333333,1.6922746239241957,5.5815587976040435,16.48,27.860000000000003,73.55,80.53333333333333,78.70833333333333,87.5,68.79166666666667,73.20833333333333,4.392662758636391,5.197939629207798,102.4,117.6,17.700833333333332,16.403333333333332,19.579166666666666,18.525,13.808333333333332,13.808333333333332,2.2644163921907627,2.249477948695356,21.5,21.78,88.50833333333333,70.31666666666666,96.58333333333331,90.875,73.125,58.625,9.133243992872044,13.101884406450857,99.2,88.4,1570.9724999999999,1131.3783333333333,1759.9125,1646.925,1029.7208333333333,804.7458333333334,305.7305539519917,326.7681636592677,1845.7,1507.1200000000001,17.837523148148147,15.935268518518518,19.899120370370373,18.443819444444447,13.15409722222222,13.15409722222222,2.6939655500764523,2.614751518310627,21.831,21.590666666666667,16.34491705258253,12.867551451701749,18.12430285780877,17.08216432452581,10.913929769282886,9.570104061072684,3.0641374026348873,3.004996586279543,19.288726507269047,17.009864919366088,,,,,,,,,,,5.0,5.0,2.0,0.0,206.0,231.0,227.0,227.0,21.0,-4.0,2.2250000000000014,4.416666666666664,-1.5250000000000004,-1.8608333333333338,2.9475,6.983333333333334,-1.2974999999999994,-18.191666666666663,-439.5941666666665,-1.9022546296296294,-3.4773656008807823,,25.0,-25.0,5,2,avg,home_minus_away
MLS-MAT-0006AO,Houston Dynamo 2,Austin,SaberCats Stadium,231,514,80.95238095238095,88.52140077821012,20,12,5,1,0,0,9,8,5,6,,,,,2,1,187,455,0,0,10,19,6,5,352,643,,-7.569019825829173,1,-1,,,-283,8,4,0,2025-04-27,MLS-STA-00000Y,52.641666666666666,59.05,61.875,61.875,44.25,56.583333333333336,7.832867893973733,2.0643720460334802,60.8,61.2,35.75,38.99166666666666,41.75,41.75,29.83333333333333,35.125,5.141740950300786,2.8260322597828456,47.8,49.6,11.393333333333334,13.661666666666667,15.858333333333334,15.858333333333334,8.079166666666667,12.033333333333331,3.055554198232022,1.4180703829891923,15.98,17.6,14.533333333333335,18.10333333333333,21.054166666666667,21.054166666666667,9.6375,15.425,4.703075050491493,2.04099351147643,19.939999999999998,22.919999999999998,6.805833333333334,11.695,10.304166666666667,14.779166666666669,3.766666666666667,9.975,3.1157231749270955,2.048702587411523,14.860000000000003,21.78,75.54166666666666,75.9,81.58333333333333,83.16666666666667,72.04166666666667,66.0,4.286303282938961,7.458019080902861,106.8,106.8,24.057499999999997,23.550833333333333,24.429166666666664,24.08333333333333,23.65416666666667,23.183333333333334,0.3552116935324921,0.37634481086719723,29.139999999999997,27.360000000000003,77.85833333333332,85.475,85.125,89.66666666666667,71.625,79.58333333333333,4.964509458815303,3.7428867721170684,97.2,98.0,1828.6025000000002,1984.7483333333334,2021.2125,2072.2375,1638.2666666666669,1830.375,135.4051534400556,91.21941813447216,2070.3,2154.04,24.760046254364546,24.39798598309777,25.09551063280732,25.06175657923788,24.195949303992236,23.89851851851852,0.44029211447248157,0.476479061368288,30.312050609947118,29.18819930444,20.968275165289178,21.57777989111978,22.046678785250837,22.046678785250837,19.745603691869984,20.79903149935911,0.827012190450143,0.47903104449726747,22.4621590483394,23.21875756054027,,,,,,,,,,,5.0,5.0,2.0,0.0,164.0,20.0,14.0,14.0,-150.0,-6.0,6.408333333333331,3.24166666666666,2.2683333333333326,3.5699999999999967,4.889166666666666,0.3583333333333485,-0.5066666666666642,7.616666666666674,156.14583333333326,-0.36206027126677753,0.6095047258306003,,-144.0,144.0,5,2,avg,home_minus_away
MLS-MAT-0006AP,Huntsville,Inter Miami CF II,Wicks Family Field,598,423,91.47157190635453,84.63356973995272,8,9,0,1,0,0,21,5,12,2,,,2.8397,0.4396,4,0,547,358,0,0,9,8,2,12,725,531,ASA,6.838002166401807,16,10,,2.4001,175,-1,-1,0,2025-04-27,MLS-STA-000013,53.033333333333324,45.6,58.66666666666666,58.66666666666666,44.333333333333336,34.041666666666664,5.278642107587891,9.766128042599295,56.6,51.4,37.75,31.275,43.66666666666666,34.083333333333336,29.125,25.95833333333333,6.058668606036949,3.6085113504971402,45.4,39.2,10.4125,8.960833333333333,12.079166666666666,11.770833333333334,7.491666666666667,4.375,1.8744327845748123,3.064458840661938,14.3,13.52,13.635833333333334,9.850833333333334,17.1125,12.691666666666668,7.720833333333334,4.833333333333333,3.680717161022352,3.4605356943205585,17.84,14.6,3.111666666666667,3.5125,3.375,4.65,2.9458333333333333,2.95,0.21496527497352771,0.7391753569575583,6.38,8.219999999999999,88.88333333333335,71.23333333333333,102.91666666666669,76.45833333333333,69.875,67.29166666666667,16.093487727097017,3.569206650099023,104.8,96.8,22.891666666666666,19.58833333333333,25.075,20.466666666666665,19.5625,18.758333333333333,2.65401131151822,0.6335895863166392,26.2,24.080000000000002,74.59166666666667,91.10833333333332,92.625,96.125,62.75,84.95833333333333,13.324586975045621,4.2362522745149835,84.6,99.4,1663.4908333333333,1763.3916666666664,1798.2125,1798.2125,1559.0083333333332,1709.3166666666666,93.15939215786155,39.931235924155416,1795.0,1930.08,23.262921485454726,19.981662037037037,25.43745719459241,20.78724537037037,19.992847222222224,19.19965277777778,2.646824318032426,0.5884465718541956,26.82338336249337,24.428777777777775,19.437329056449688,18.446737526163513,20.27355245916764,18.62819421492871,18.518264438231476,18.2746304266634,0.8057831618550627,0.13342921184000323,20.74253687544005,20.4248071802906,,,,,,,,,,,5.0,5.0,2.0,0.0,6.0,190.0,197.0,197.0,191.0,7.0,-7.433333333333323,-6.475000000000001,-1.4516666666666662,-3.785,0.4008333333333334,-17.65000000000002,-3.3033333333333346,16.51666666666665,99.90083333333314,-3.281259448417689,-0.9905915302861743,,184.0,-184.0,5,2,avg,home_minus_away
MLS-MAT-0006AQ,Orlando City B,RBNY II,Osceola Heritage Park,374,378,85.56149732620321,82.53968253968254,13,21,4,5,0,0,13,20,4,8,,,1.3839,3.207,2,4,320,312,0,0,20,10,9,5,540,543,ASA,3.0218147865206646,-7,-4,,-1.8231,-4,-8,-1,0,2025-04-27,MLS-STA-000017,52.925,47.041666666666664,62.79166666666666,51.54166666666666,45.208333333333336,44.375,7.801764846637085,2.689840711929898,58.6,53.2,42.266666666666666,35.56666666666667,54.833333333333336,40.583333333333336,32.791666666666664,31.625,9.135154167646363,3.4764335572217977,60.6,51.2,11.747499999999999,8.358333333333333,20.266666666666666,9.1,8.075000000000001,7.658333333333334,5.303587785902838,0.5889388409107803,23.98,10.959999999999999,13.686666666666667,11.782499999999999,21.35833333333333,13.041666666666666,8.916666666666666,10.808333333333332,4.84675435500684,0.8755573621667773,26.54,15.36,24.0,4.505833333333333,48.725,5.3125,4.8500000000000005,3.5666666666666664,18.374165466687792,0.7497372224838366,50.92,12.059999999999999,70.16666666666666,85.56666666666666,86.375,92.5,53.583333333333336,77.95833333333333,12.703106848763856,5.283261040514866,112.0,111.2,20.269166666666667,24.234166666666663,24.704166666666666,24.554166666666664,16.1375,23.85833333333333,4.064258807307647,0.31249166655555194,26.98,30.02,63.141666666666666,66.68333333333334,69.33333333333333,68.125,54.208333333333336,64.70833333333333,5.729628769242675,1.4824201308820815,90.2,93.6,1211.9916666666668,1544.2233333333334,1554.3875,1588.8666666666668,825.1875,1512.4958333333334,321.34348890958313,31.05322024923062,1473.1,1812.5,19.996258946453768,24.43595886207964,24.945030599795384,24.737086822144548,15.222245370370372,24.02202122768817,4.5393828618000915,0.3294047775874749,26.63675482544358,29.87162101031206,15.35305906676049,19.432175062076794,19.74778094128247,19.819871055005983,10.633467949154886,19.15894710436589,4.078476699300017,0.2511878458717713,17.87410718830907,20.782877189501875,,,,,,,,,,,5.0,5.0,2.0,0.0,4.0,39.0,23.0,23.0,19.0,-16.0,-5.883333333333333,-6.699999999999996,-3.389166666666666,-1.9041666666666686,-19.494166666666665,15.400000000000006,3.9649999999999963,3.5416666666666714,332.23166666666657,4.439699915625873,4.079115995316304,,35.0,-35.0,5,2,avg,home_minus_away
MLS-MAT-0006AS,Town FC,LAFC 2,St. Mary’s College,520,468,88.07692307692308,84.82905982905983,12,17,1,2,0,1,21,13,10,6,,,,,5,1,458,397,0,0,17,11,6,11,670,603,,3.2478632478632505,8,4,,,52,-5,-1,-1,2025-04-27,MLS-STA-000024,63.291666666666664,51.166666666666664,73.375,58.75,50.208333333333336,46.833333333333336,11.396918747821468,4.481927443757997,65.2,54.0,41.21666666666666,32.291666666666664,47.125,34.625,33.833333333333336,27.58333333333333,5.796116396155085,2.7203260119167942,48.4,39.0,16.280833333333334,9.268333333333334,22.370833333333334,11.533333333333331,8.5,8.183333333333334,6.4403941714256385,1.3818346550470084,23.16,13.319999999999999,20.892500000000002,12.584166666666667,27.9,14.370833333333332,12.004166666666668,11.183333333333332,7.3993227683724925,1.4110040012936425,28.860000000000003,17.419999999999998,21.00416666666667,7.2,33.237500000000004,13.604166666666666,5.979166666666667,3.4250000000000003,10.556497719282767,4.750139800574295,37.72,18.26,68.50833333333334,72.34166666666667,85.58333333333333,87.20833333333333,58.875,53.0,10.260385998262112,14.18593664905885,102.0,90.2,13.385,12.355,15.808333333333332,14.75,10.829166666666666,11.433333333333332,2.2792972997298,1.3853380303497531,18.44,16.22,68.44166666666666,73.175,70.95833333333333,77.125,64.25,66.33333333333333,2.9051259773793703,4.359436603507387,88.4,90.4,865.2291666666666,872.8908333333333,977.2583333333332,1057.3333333333333,714.7916666666666,749.2125,131.4132380061609,123.16779999901445,945.1200000000001,959.6200000000001,12.566143518518519,11.55673611111111,15.122361111111111,14.255208333333334,9.812824074074074,10.498078703703705,2.487566586363914,1.57774749564421,17.525,15.276222222222222,9.787596558527916,9.403232674081954,11.421262046744424,11.844446966604494,7.571070069715898,8.058134127715055,1.9650662974917084,1.521947272747151,11.739947642311488,10.802771400454557,,,,,,,,,,,5.0,5.0,2.0,0.0,87.0,17.0,149.0,149.0,62.0,132.0,-12.125,-8.924999999999997,-7.012499999999999,-8.308333333333335,-13.80416666666667,3.8333333333333286,-1.0299999999999994,4.733333333333334,7.661666666666633,-1.0094074074074086,-0.38436388444596226,,-70.0,70.0,5,2,avg,home_minus_away
MLS-MAT-0006IO,Whitecaps FC 2,Ventura County,Swangard Stadium,303,498,79.86798679867987,88.15261044176707,13,17,3,4,0,0,11,18,2,7,,,1.9091,2.4571,2,3,242,439,0,0,17,13,8,3,424,621,ASA,-8.284623643087201,-7,-5,,-0.548,-195,-4,-1,0,2025-04-27,MLS-STA-00001E,51.916666666666664,68.31666666666666,54.958333333333336,73.16666666666667,46.5,62.125,3.40291949818257,4.133786937475669,57.8,71.6,36.416666666666664,46.75,42.0,50.125,32.125,43.833333333333336,3.700952392440506,2.23470884258131,50.4,58.6,9.393333333333334,18.955000000000002,11.3375,22.995833333333334,7.645833333333333,15.620833333333332,1.3557798084087587,3.2898022145884562,12.379999999999999,27.420000000000005,13.649166666666668,23.009166666666665,16.875,27.116666666666664,10.879166666666668,19.008333333333333,2.2651484652102694,3.1237141799111168,17.98,31.919999999999998,6.398333333333333,30.169166666666666,11.1125,33.34583333333333,3.0125,27.570833333333336,3.2939807266858407,2.139445589529107,13.9,55.82000000000001,80.15833333333333,59.658333333333324,97.66666666666669,70.58333333333333,69.20833333333333,47.5,12.075694424476534,10.39524463931038,110.4,105.0,13.547222222222222,12.010833333333332,14.266666666666666,14.454166666666667,13.033333333333331,8.970833333333333,0.6418470165020573,2.210542527048256,17.400000000000002,17.22,77.875,68.375,78.41666666666667,72.625,77.25,62.083333333333336,0.5877806658194099,4.565495591937418,93.0,89.8,1021.786111111111,748.4441666666667,1092.0541666666666,869.5,967.6708333333332,608.2583333333333,63.74549062664345,101.82655799541911,1086.1333333333332,926.3,12.990902777777777,11.052819444444445,13.784467592592591,13.576203703703705,12.409305555555555,7.819791666666667,0.7116637915891796,2.325971460062374,16.701296296296295,16.287444444444443,11.022898068531264,8.449756542616154,11.750167443015924,9.963760995392734,10.449809348763711,6.143947141927039,0.6637481066176829,1.5933956191220549,12.403718159537206,11.26600391052677,,,,,,,,,,,5.0,5.0,2.0,0.0,25.0,37.0,0.0,0.0,-25.0,-37.0,16.4,10.333333333333336,9.561666666666667,9.359999999999998,23.770833333333332,-20.500000000000007,-1.5363888888888901,-9.5,-273.3419444444444,-1.9380833333333314,-2.5731415259151103,,12.0,-12.0,5,2,avg,home_minus_away
MLS-MAT-0006AT,MNUFC2,North Texas SC,National Sports Center Stadium,491,235,84.5213849287169,66.80851063829788,17,25,3,3,0,0,17,4,4,2,,,2.2966,0.3223,0,1,415,157,0,0,24,16,2,4,697,418,ASA,17.712874290419023,13,2,,1.9743000000000002,256,-8,0,0,2025-05-02,MLS-STA-000015,51.016666666666666,42.525,60.41666666666666,50.29166666666666,44.41666666666666,38.41666666666666,6.8987342840714065,5.432077436651451,56.0,50.6,33.71666666666666,33.833333333333336,38.29166666666666,39.5,27.70833333333333,30.416666666666668,4.602837289228365,3.4736108334443903,44.8,50.2,10.725,7.968333333333334,14.3375,14.604166666666666,7.504166666666666,3.2,3.2260361169363523,4.222308273063181,17.619999999999997,15.440000000000001,11.495000000000001,8.354166666666668,15.7375,15.345833333333331,7.645833333333333,3.333333333333333,3.5475336209353494,4.424027867164089,18.9,16.020000000000003,11.058333333333334,9.3425,14.395833333333334,13.220833333333331,7.579166666666667,5.3375,2.802172396354102,3.667915743685748,25.9,31.259999999999998,64.73333333333332,70.99166666666666,68.20833333333333,85.33333333333333,58.16666666666666,56.91666666666666,4.776116070849014,10.743150272512146,93.6,100.4,19.555833333333332,12.656666666666666,24.366666666666664,16.175,12.066666666666668,9.5875,6.313736540054725,2.4008870611829196,23.52,17.759999999999998,69.61666666666666,69.10833333333333,75.0,86.54166666666667,55.375,55.708333333333336,8.0975712236585,12.526936255303786,89.2,90.2,1348.16,852.5266666666666,1774.9083333333335,1392.1958333333332,573.4041666666667,541.2208333333333,544.2236362598458,357.06090778959236,1526.56,1173.98,19.48752976635875,11.78238425925926,24.97108260627465,16.10775462962963,10.774791666666667,8.184791666666667,7.159018977372539,2.9310230540401583,23.894403055882254,16.93888888888889,15.756931015295303,9.272100136246298,20.76683057007739,14.589641937530038,7.048873807952018,5.596394624610425,6.505421026381739,3.555726846500012,17.68680499122907,12.917084317788516,,,,,,,,,,,5.0,5.0,2.0,0.0,219.0,257.0,275.0,275.0,56.0,18.0,-8.491666666666667,0.11666666666667425,-2.756666666666666,-3.140833333333333,-1.7158333333333342,6.25833333333334,-6.899166666666666,-0.5083333333333258,-495.63333333333344,-7.705145507099491,-6.484830879049005,,38.0,-38.0,5,2,avg,home_minus_away
MLS-MAT-0006AU,Chicago Fire FC II,Orlando City B,UIC Flames Field,401,399,89.27680798004988,88.7218045112782,14,11,2,3,0,0,24,18,12,4,,,3.1687,1.8217,5,1,358,354,0,0,11,14,4,12,560,553,ASA,0.5550034687716874,6,8,,1.3469999999999998,2,3,-1,0,2025-05-02,MLS-STA-00006B,41.391666666666666,38.983333333333334,47.29166666666666,44.583333333333336,32.125,32.125,6.007417290317025,5.035860982327981,52.0,48.8,34.233333333333334,34.425,41.625,39.75,29.791666666666668,29.791666666666668,4.837964735069675,3.5953529034018326,52.4,50.4,7.183333333333333,6.694166666666666,8.174999999999999,8.174999999999999,5.5875,5.5875,0.9613539352854849,1.044631613696107,11.940000000000001,12.36,8.956666666666667,6.866666666666665,10.704166666666666,8.279166666666667,5.708333333333333,5.708333333333333,2.0283614076391805,1.046899357096416,14.680000000000001,12.62,8.97,13.985000000000003,15.904166666666669,16.804166666666667,3.1,10.470833333333331,6.1915779210777755,2.8938356418812434,20.56,30.76,76.975,74.76666666666668,97.25,90.25,63.833333333333336,63.833333333333336,13.055257827574472,9.935058225518583,107.0,104.2,19.671666666666667,12.455,25.42083333333333,15.320833333333333,10.008333333333333,8.625,7.0280634137166285,3.209100828113695,24.759999999999998,16.68,74.41666666666666,75.71666666666667,87.125,87.04166666666667,64.125,66.70833333333333,8.639128926640188,7.46946329694741,94.2,87.2,1381.9741666666666,924.4608333333333,1744.5,1191.9291666666666,757.8833333333333,601.6583333333333,394.8309522054273,256.7350156830536,1644.78,1211.26,19.67920166205764,11.733101851851853,25.64048905857391,14.808055555555557,9.092685185185186,7.488333333333334,7.597950176888777,3.4962652419076687,24.559057767422253,16.163444444444444,16.215322293045322,9.797212484101822,20.832567942067296,12.288285767208832,7.66617391894466,5.998764989807437,5.743115336062227,3.0167604774019443,18.090953071524936,13.076991353922176,,,,,,,,,,,5.0,5.0,2.0,0.0,39.0,265.0,179.0,179.0,140.0,-86.0,-2.4083333333333314,0.19166666666666288,-0.48916666666666675,-2.0900000000000016,5.015000000000002,-2.2083333333333144,-7.216666666666667,1.3000000000000114,-457.5133333333333,-7.946099810205787,-6.4181098089435,,226.0,-226.0,5,2,avg,home_minus_away
MLS-MAT-0006AV,Austin,Sporting KC II,Parmer Field,465,342,85.16129032258064,83.04093567251462,12,13,3,2,1,0,11,11,3,4,,,,,0,0,396,284,0,0,13,12,4,3,614,498,,2.1203546500660195,0,-1,,,123,-1,1,1,2025-05-02,MLS-STA-000018,48.291666666666664,44.108333333333334,55.75,51.75,36.083333333333336,36.083333333333336,7.339722595424011,6.594900176146211,54.4,49.2,32.983333333333334,29.2,35.875,35.541666666666664,29.20833333333333,24.58333333333333,3.111582305587376,4.013151124047593,42.8,40.2,9.984166666666667,8.404166666666665,12.979166666666666,12.495833333333332,4.604166666666667,5.758333333333333,3.6991346585684366,2.527530703737016,18.82,15.4,10.880833333333333,10.056666666666667,14.241666666666667,14.241666666666667,4.916666666666667,7.337499999999999,3.9217194800948665,2.669309562727161,20.6,18.080000000000002,4.816666666666666,2.9608333333333334,7.1375,4.479166666666667,2.875,2.1708333333333334,1.578086151887082,0.9047837755815231,11.8,5.0600000000000005,72.1,71.84166666666667,76.08333333333333,76.08333333333333,66.20833333333333,67.54166666666667,4.028824097812053,3.6788858896259464,92.8,96.2,20.468333333333334,24.85833333333333,24.29583333333333,25.64583333333333,15.9875,23.854166666666668,4.107988491274585,0.7566028791028131,25.56,30.0,78.48333333333333,73.98333333333332,85.875,82.125,69.54166666666667,67.25,6.177889562337967,6.183016052057437,93.0,93.0,1587.095,1792.2591666666667,1914.1166666666668,1914.1166666666668,1112.7166666666667,1664.7208333333335,344.2102052439718,107.64189788625778,1878.8799999999999,2049.7799999999997,20.776135741576987,25.63389890574329,25.086294711665094,26.225681564182235,15.45761574074074,24.96672195918279,4.7211354457809795,0.5855286274500309,26.645986347333313,31.468961547471576,17.723774069406783,21.169846317719465,21.3702400263678,21.415484503890426,12.484738062914753,20.83760346093895,4.0696082555712625,0.2942573558073084,21.143290604701207,22.872533736238672,,,,,,,,,,,5.0,5.0,2.0,0.0,276.0,164.0,157.0,157.0,-119.0,-7.0,-4.18333333333333,-3.783333333333335,-1.5800000000000018,-0.8241666666666667,-1.855833333333333,-0.25833333333332575,4.389999999999997,-4.500000000000014,205.1641666666667,4.857763164166304,3.4460722483126816,,-112.0,112.0,5,2,avg,home_minus_away
MLS-MAT-0006B4,Ventura County,Tacoma Defiance,William Rolland Stadium,491,420,84.92871690427698,84.52380952380952,9,6,1,0,0,0,12,21,4,7,,,1.9506,2.4627,1,2,417,355,0,0,6,9,7,5,627,563,ASA,0.40490738046746344,-9,-3,,-0.5121,71,3,1,0,2025-05-02,MLS-STA-00004W,46.68333333333332,47.983333333333334,62.29166666666666,59.333333333333336,37.833333333333336,38.04166666666666,11.482346050931106,8.93400767044419,52.4,58.0,33.016666666666666,37.80833333333333,42.208333333333336,41.04166666666666,25.58333333333333,32.125,7.708141889514549,3.4068201612517046,45.4,55.2,9.647499999999999,9.565833333333334,15.616666666666667,13.125,4.5875,5.079166666666667,5.243854372554177,3.5194960478107595,14.64,13.48,13.131666666666666,14.643333333333334,20.625,19.695833333333333,6.604166666666667,7.883333333333333,6.629562501276635,4.994159436003441,19.7,20.220000000000002,5.390833333333334,8.063333333333333,9.333333333333334,9.820833333333333,3.5625,5.55,2.2765322221162028,1.624250361277814,11.1,19.419999999999998,77.66666666666667,78.21666666666667,86.875,79.29166666666667,64.79166666666667,75.58333333333333,9.306742254349208,1.5245103949939058,99.6,116.2,12.485,14.066666666666668,15.333333333333334,15.258333333333333,10.241666666666667,12.279166666666669,2.508427808298346,1.1692122526156938,16.4,17.94,77.08333333333333,79.13333333333334,82.95833333333333,85.54166666666667,69.41666666666667,74.375,5.586985745661268,4.454671393292919,91.8,94.0,943.5574999999999,1082.5633333333333,1216.2958333333331,1205.25,739.6999999999999,910.3875,249.3210499181561,122.52605595200052,1049.8799999999999,1202.6,11.801787037037037,13.59514814814815,15.058981481481482,14.78173611111111,9.255787037037036,11.55034722222222,2.8845158810786384,1.31128508050308,15.644333333333332,17.507666666666665,9.9724679611484,11.661423725929044,13.150902509458485,12.701280543541507,7.538276972942287,9.656749523894137,2.8818920956567466,1.2882683153111856,11.897744288413456,13.859791939638246,,,,,,,,,,,5.0,5.0,2.0,0.0,42.0,25.0,272.0,272.0,230.0,247.0,1.3000000000000114,4.791666666666664,-0.08166666666666522,1.5116666666666685,2.6724999999999985,0.5499999999999972,1.5816666666666688,2.0500000000000114,139.00583333333338,1.7933611111111123,1.6889557647806441,,-17.0,17.0,5,2,avg,home_minus_away
MLS-MAT-0006AW,Whitecaps FC 2,Real Monarchs,BC Place,386,524,83.93782383419689,91.22137404580153,5,20,1,3,0,0,6,19,2,8,,,0.3927,2.2098,1,1,324,478,0,0,20,5,9,2,523,655,ASA,-7.283550211604634,-13,-6,,-1.8171,-138,-15,-2,0,2025-05-03,MLS-STA-00000C,70.85,62.1,81.58333333333333,79.70833333333333,58.75,53.875,9.607424429401807,11.454757017647001,85.8,69.2,49.083333333333336,41.05833333333333,57.208333333333336,51.75,40.875,34.458333333333336,6.694408425444824,6.975191654077406,64.4,55.2,15.728333333333333,15.034166666666668,26.47083333333333,26.47083333333333,9.870833333333334,9.1625,6.289112616259944,7.267843463580589,25.259999999999998,26.339999999999996,30.157500000000006,19.763333333333332,47.63333333333333,35.4375,11.804166666666667,11.804166666666667,13.067098937896574,10.030029737133274,51.160000000000004,33.46,20.4125,24.06,35.0875,35.0875,8.791666666666666,18.1375,9.53204436580457,6.722841196250288,47.92,50.7,81.41666666666666,58.99166666666666,117.70833333333331,68.375,64.58333333333333,51.41666666666666,21.403104493144077,7.142789682221116,129.2,99.2,12.16,12.026666666666667,14.6875,14.8875,9.716666666666669,9.554166666666667,1.9320388985617114,2.173318315387785,17.34,15.98,64.30833333333334,78.325,67.95833333333333,91.29166666666669,57.625,67.29166666666667,4.5537492184401716,10.649294121103889,93.4,95.6,718.6358333333334,886.095,948.3958333333334,961.8541666666666,517.2041666666667,822.7958333333332,173.30465802469237,57.73684422061496,935.9200000000001,1055.96,11.110717592592593,11.330041666666668,13.96886574074074,14.188865740740743,8.248541666666666,8.948865740740741,2.2241518133786036,2.1267022314887734,16.236666666666665,15.272222222222226,8.203492711882259,9.553237348087126,10.901364510667191,11.08524861561058,5.421949171665932,8.609455102050996,2.1468080462967047,0.994416447984533,11.113816200333888,11.92412030881699,,,,,,,,,,,5.0,5.0,2.0,0.0,1302.0,37.0,73.0,73.0,-1229.0,36.0,-8.749999999999993,-8.025000000000006,-0.6941666666666659,-10.394166666666674,3.6474999999999973,-22.424999999999997,-0.13333333333333286,14.016666666666666,167.45916666666665,0.21932407407407517,1.3497446362048677,,-1265.0,1265.0,5,2,avg,home_minus_away
MLS-MAT-0006AX,Chattanooga,Philadelphia Union II,Finley Stadium,385,431,73.50649350649351,77.7262180974478,10,14,1,0,0,0,14,15,5,3,,,1.3896,1.0635,0,0,283,335,0,0,12,9,3,6,529,575,ASA,-4.219724590954286,-1,2,,0.32610000000000006,-46,-4,1,0,2025-05-03,MLS-STA-00002S,48.27499999999999,54.791666666666664,57.79166666666666,60.16666666666666,36.66666666666666,49.375,7.646860739327393,4.7396634608611405,66.4,62.2,36.99166666666667,38.45833333333333,45.25,45.41666666666666,32.666666666666664,32.666666666666664,4.9025574391785005,5.191639914323794,53.0,50.0,7.1049999999999995,10.805,9.570833333333333,14.854166666666666,5.158333333333333,8.3125,1.8613027471818404,2.5588971962763782,11.48,16.240000000000002,7.695833333333333,11.554166666666667,10.375,16.104166666666668,5.2625,9.304166666666667,2.2020685508806896,2.7491428588440683,12.26,17.419999999999998,8.551666666666666,4.565833333333333,15.8625,7.404166666666666,2.9250000000000003,2.9250000000000003,5.329212763678662,1.6909927844973853,20.96,10.559999999999999,81.96666666666667,81.20833333333334,100.08333333333331,89.54166666666667,70.83333333333333,70.83333333333333,11.96019875113564,7.098818857152695,113.4,108.8,19.225,20.796666666666663,21.541666666666668,22.23333333333333,15.604166666666666,19.716666666666665,2.3719955411472053,1.0657768098121359,24.9,26.26,63.65,79.5,87.66666666666667,87.66666666666667,44.04166666666666,74.54166666666667,18.146361932599298,4.913399338091256,79.6,94.2,1213.3491666666666,1616.3458333333333,1705.275,1705.275,642.6083333333333,1443.0583333333334,452.0022176978997,104.7158250652556,1480.8,1800.9,18.86502777777778,21.022821630889023,21.77282407407408,22.6385294507414,14.370115740740742,19.969837962962966,2.923093642229095,1.1582156437498996,24.594444444444445,26.531589130833332,14.647493206851461,18.11366777738798,18.58754533246963,19.287303471646023,8.963817868622792,16.676205352727397,3.9839206535629637,0.9650890205116203,17.69144756736775,20.682269210891327,,,,,,,,,,,5.0,5.0,2.0,0.0,10.0,206.0,209.0,209.0,199.0,3.0,6.516666666666673,1.4666666666666615,3.7,3.8583333333333343,-3.985833333333333,-0.7583333333333258,1.5716666666666619,15.850000000000001,402.99666666666667,2.1577938531112437,3.46617457053652,,196.0,-196.0,5,2,avg,home_minus_away
MLS-MAT-0006AY,Huntsville,Atlanta,Wicks Family Field,485,369,89.69072164948453,89.70189701897019,15,15,4,3,0,0,8,8,5,3,,,1.5218,0.5795,2,2,435,331,0,0,14,15,3,5,621,501,ASA,-0.011175369485656006,0,2,,0.9423,116,0,1,0,2025-05-03,MLS-STA-000013,57.625,52.38333333333334,66.20833333333333,58.333333333333336,49.708333333333336,45.833333333333336,7.687076546602958,4.7770974160280835,69.6,57.2,40.31666666666666,36.03333333333333,47.625,40.125,31.45833333333333,31.45833333333333,8.11594580987878,4.186349344397019,54.8,45.6,11.218333333333334,10.4,16.041666666666668,12.979166666666666,7.191666666666666,7.191666666666666,3.3200419906146443,2.3305507962472927,22.119999999999997,14.559999999999999,12.174166666666668,11.084999999999999,17.95416666666667,14.008333333333333,7.904166666666666,7.904166666666666,3.79137636251299,2.4079288876081417,23.48,15.48,5.834999999999999,2.98,9.0375,4.483333333333333,2.375,2.375,3.15967512174907,0.8633620892894373,22.2,6.9,87.30833333333335,80.425,103.66666666666669,87.33333333333333,71.66666666666667,71.66666666666667,12.747398972165099,6.213951596564335,116.0,103.4,20.893333333333334,21.6475,22.1875,22.7375,19.854166666666668,20.058333333333334,1.084893107893839,1.0271260133120088,25.5,26.6,77.05833333333334,79.31666666666666,87.625,87.625,71.66666666666667,75.625,6.277619528487243,4.999618040966282,90.6,92.0,1580.24,1684.8825000000002,1738.3416666666665,1743.775,1404.9875,1582.3875,132.1560616213417,64.98890913658944,1729.52,1823.78,21.053727191031538,21.99024077527111,22.46474537037037,23.163788107064068,19.766435185185188,20.407708333333336,1.1632041451621524,1.0571487960554042,25.736563695868007,27.32497389216534,17.9126557133699,18.92042341359022,19.131135704300128,19.43131504750568,16.29112433416469,18.16519063936583,1.096842601185231,0.5679575511222728,20.187891527937413,21.418858152104566,,,,,,,,,,,5.0,5.0,2.0,0.0,316.0,190.0,197.0,197.0,-119.0,7.0,-5.24166666666666,-4.283333333333331,-0.8183333333333334,-1.089166666666669,-2.854999999999999,-6.883333333333354,0.7541666666666664,2.2583333333333258,104.64250000000015,0.9365135842395738,1.0077677002203203,,-126.0,126.0,5,2,avg,home_minus_away
MLS-MAT-0006B0,TFC II,New England Revolution II,York Lions Stadium,457,449,84.02625820568927,83.51893095768374,14,8,2,2,1,0,16,14,6,8,,,1.1449,1.8988,2,3,384,375,0,0,8,13,8,7,597,591,ASA,0.507327248005538,2,-2,,-0.7539,8,6,0,1,2025-05-04,MLS-STA-00001H,47.233333333333334,51.425,55.125,63.458333333333336,40.16666666666666,37.375,5.316754832079854,9.762563131109006,57.4,58.4,38.233333333333334,35.43333333333333,43.54166666666666,37.75,33.75,32.041666666666664,3.7662379918309843,2.427883451806441,56.8,56.6,7.235833333333334,9.871666666666666,12.816666666666668,12.816666666666668,2.8041666666666667,7.954166666666667,3.780467205474301,1.958442816088561,15.919999999999998,20.9,7.734999999999999,10.051666666666666,13.016666666666666,13.016666666666666,3.0500000000000003,7.954166666666667,3.6397599413361794,2.027676557595471,16.84,21.1,13.668333333333333,19.658333333333335,23.291666666666668,24.695833333333336,6.883333333333333,13.65,7.364016420895748,4.512247030459313,30.660000000000004,47.660000000000004,77.625,64.11666666666667,95.875,84.04166666666667,49.958333333333336,49.958333333333336,19.414900670762016,12.57865531145696,101.4,86.4,13.0475,8.179166666666665,16.537499999999998,12.016666666666666,7.725,5.216666666666667,3.455172501321589,2.9367345338355353,17.86,10.34,64.05,79.925,80.66666666666667,86.875,52.125,73.625,14.341730824958187,5.867711199626495,83.4,90.0,778.93,657.02,988.8833333333332,913.2958333333332,603.65,389.475,167.0101348232512,233.48820320619697,984.8399999999999,854.46,12.080222222222222,7.139569444444445,15.655717592592593,11.225694444444445,6.659351851851852,3.7163194444444456,3.539765459150896,3.2375451166693514,16.933999999999997,9.523666666666667,8.978620222780096,6.194459031782022,11.073513665402956,9.372301008392968,5.795331239011833,2.8257380868293542,2.328924566829905,2.863421214309091,11.647474702087644,8.478527032754698,,,,,,,,,,,5.0,5.0,2.0,0.0,79.0,87.0,165.0,165.0,86.0,78.0,4.191666666666663,-2.8000000000000043,2.6358333333333324,2.3166666666666664,5.990000000000002,-13.508333333333326,-4.868333333333334,15.875,-121.90999999999997,-4.940652777777777,-2.7841611909980744,,8.0,-8.0,5,2,avg,home_minus_away
MLS-MAT-0006B1,RBNY II,Carolina Core FC,MSU Soccer Park,539,354,81.81818181818181,75.42372881355932,13,12,2,1,0,1,9,6,6,4,,,1.3246,1.4325,2,2,441,267,0,0,12,13,4,6,653,484,ASA,6.394453004622491,3,2,,-0.1079000000000001,185,1,1,-1,2025-05-04,MLS-STA-000014,63.895833333333336,51.483333333333334,64.54166666666667,66.91666666666667,63.25,35.625,0.9133462590326272,13.337453790402087,88.5,65.4,47.04166666666667,45.73333333333333,47.208333333333336,54.16666666666666,46.875,34.916666666666664,0.235702260395515,7.380388803368619,72.5,64.0,13.21875,11.225833333333334,14.433333333333332,17.587500000000002,12.004166666666668,4.3625,1.7176802226323196,5.377998517623036,22.35,18.240000000000002,14.116666666666667,12.070833333333333,15.816666666666668,19.33333333333333,12.416666666666666,4.420833333333333,2.404163056034263,5.993186959419466,23.5,19.619999999999997,14.922916666666666,23.8575,17.395833333333332,33.237500000000004,12.45,14.8625,3.497232288618466,6.5493660899781405,43.45,54.14,96.89583333333334,81.54166666666666,100.125,88.75,93.66666666666669,71.95833333333333,4.566731295163106,6.253679472474141,145.0,129.4,21.452083333333334,18.654166666666665,21.991666666666664,21.804166666666664,20.9125,14.445833333333333,0.7630860680304806,2.81150290967502,28.6,25.1,72.79166666666666,63.05,74.45833333333333,74.625,71.125,54.25,2.35702260395515,9.471604126135253,95.0,85.6,1493.1395833333333,1136.5016666666666,1589.1916666666666,1579.8083333333334,1397.0875,812.5124999999999,135.8381589441906,323.3683789077568,1643.1,1399.3,21.61360968757357,18.236294009970337,22.287570327717603,22.0563313513763,20.939649047429544,13.519166666666669,0.9531242777973382,3.279344164957919,28.977646184311205,24.791063620008458,17.75328835300605,13.993248993033252,18.55707923632898,18.40539106682918,16.949497469683116,9.831234320975666,1.136731968507141,3.447936194883187,20.778646472272,17.396215422943264,,,,,,,,,,,2.0,5.0,2.0,0.0,,4.0,5.0,5.0,,1.0,-12.412500000000001,-1.3083333333333442,-1.992916666666666,-2.0458333333333343,8.934583333333336,-15.354166666666686,-2.7979166666666693,-9.74166666666666,-356.6379166666668,-3.377315677603235,-3.7600393599727973,,,,5,2,avg,home_minus_away
MLS-MAT-0006B2,St Louis CITY2,Houston Dynamo 2,Energizer Park,383,314,79.3733681462141,77.07006369426752,17,12,1,3,0,0,19,14,5,4,,,,,3,1,304,242,0,0,12,17,6,5,543,469,,2.3033044519465875,5,1,,,69,5,-2,0,2025-05-04,MLS-STA-00000U,47.05833333333333,39.791666666666664,54.708333333333336,54.708333333333336,38.29166666666666,28.83333333333333,7.06570109362436,9.472960422521924,51.2,45.6,31.875,30.225,35.375,32.916666666666664,27.375,27.25,2.959946743139515,2.540060968209665,45.0,45.6,10.096666666666668,7.6825,12.041666666666666,12.041666666666666,7.85,4.541666666666667,1.6101738173943272,3.213070636737802,16.02,15.02,12.6425,8.449166666666667,14.879166666666668,13.0125,10.908333333333331,4.866666666666666,1.5026406155313545,3.6667464479956737,19.0,16.28,8.449166666666667,9.920833333333333,13.075,13.104166666666666,5.7,6.104166666666667,2.8581304592726737,3.079830499033636,27.360000000000003,32.96,71.15833333333333,66.60833333333332,78.125,77.58333333333333,64.0,55.833333333333336,6.020898211876505,7.853564300508539,95.0,89.2,20.722499999999997,17.447499999999998,25.058333333333334,20.366666666666667,12.870833333333332,12.870833333333332,5.7416399068075,3.0480848381492853,23.880000000000003,21.4,80.35833333333332,80.20833333333333,84.08333333333333,84.08333333333333,76.58333333333333,75.91666666666667,3.152462661687418,3.780891282341886,94.2,93.6,1643.8,1383.3049999999998,2030.5625,1599.4041666666665,1066.5375,1066.5375,453.2493237492658,223.64119542621543,1841.1599999999999,1627.52,21.161391283458805,17.34213425925926,26.09829814392067,20.44115740740741,12.408981481481485,12.408981481481485,6.4932960682048035,3.305385813040522,24.958836589828458,21.37522222222222,18.199142012881726,15.058257977607742,22.3893427451508,17.557366923183842,11.080925240716416,11.080925240716416,5.4457457749197795,2.743921584968624,19.56683681499967,17.43603432946013,,,,,,,,,,,5.0,5.0,2.0,0.0,20.0,152.0,142.0,142.0,122.0,-10.0,-7.266666666666666,-1.6499999999999986,-2.4141666666666675,-4.193333333333333,1.4716666666666658,-4.550000000000011,-3.2749999999999986,-0.14999999999999147,-260.4950000000001,-3.819257024199544,-3.1408840352739844,,132.0,-132.0,5,2,avg,home_minus_away
MLS-MAT-0006B3,Inter Miami CF II,NYCFC II,Chase Stadium,475,418,85.89473684210526,83.97129186602871,15,15,4,0,0,0,17,10,7,3,,,1.6646,2.1709,4,2,408,351,0,0,15,15,3,7,598,547,ASA,1.9234449760765528,7,4,,-0.5063,57,0,4,0,2025-05-04,MLS-STA-000008,44.166666666666664,50.09166666666666,51.083333333333336,55.583333333333336,35.625,44.91666666666666,5.970776633831743,4.888549546303755,53.0,56.0,40.666666666666664,43.916666666666664,45.16666666666666,50.875,34.916666666666664,36.708333333333336,4.551308572512105,5.4233932592468745,52.0,51.2,7.7683333333333335,8.7825,11.5375,9.995833333333334,4.3625,7.5375,2.544533219581846,1.0938408692411445,10.919999999999998,11.559999999999999,9.6075,12.923333333333332,13.2875,14.8625,4.420833333333333,11.070833333333333,3.5242049930918222,1.6995802177792814,13.459999999999999,16.2,13.832500000000001,3.2383333333333333,23.27916666666667,4.1875,3.9583333333333335,2.2916666666666665,9.520929704107449,0.8042281928104184,30.619999999999997,8.32,86.14166666666667,102.075,102.0,110.875,71.95833333333333,92.625,11.600429529882842,7.26216651557922,112.0,111.2,19.773333333333333,24.600833333333334,24.891666666666666,24.9,13.779166666666669,24.116666666666664,4.846985568084786,0.32251184302113567,24.18,27.2,62.15,65.98333333333332,70.95833333333333,72.625,55.208333333333336,57.41666666666666,6.6908156370422285,6.185191769235797,80.8,79.0,1217.1091666666666,1611.9008333333334,1756.6791666666668,1771.9416666666666,805.0708333333333,1420.475,434.74971536753515,154.8620181762175,1453.4599999999998,1789.72,19.481065116592337,24.91862726471869,25.497603548557603,25.497603548557603,12.83914351851852,24.25308585022176,5.521704467674819,0.44412517032140886,24.039104870378683,27.871733503583602,14.998060353950248,19.937176936993886,20.93253585570447,20.93253585570447,9.477996725937164,18.97987104756982,5.1242398172722625,0.936976901932331,17.29863036690197,20.77375093931796,,,,,,,,,,,5.0,5.0,2.0,0.0,27.0,6.0,4.0,4.0,-23.0,-2.0,5.924999999999997,3.25,1.014166666666667,3.315833333333332,-10.594166666666668,15.933333333333337,4.827500000000001,3.8333333333333215,394.79166666666674,5.437562148126354,4.9391165830436385,,-21.0,21.0,5,2,avg,home_minus_away
MLS-MAT-0006B5,Town FC,Timbers2,St. Mary’s College,453,451,88.0794701986755,88.470066518847,18,16,4,3,0,0,22,9,11,3,,,,,5,0,399,399,0,0,16,17,3,11,598,602,,-0.390596320171511,13,8,,,2,2,1,0,2025-05-04,MLS-STA-000024,42.725,49.416666666666664,52.208333333333336,56.41666666666666,33.333333333333336,31.25,8.011851031094155,10.58562967213361,50.2,52.6,30.991666666666664,30.7,42.5,35.708333333333336,24.5,24.20833333333333,6.998412518405713,5.870890998060782,44.0,37.6,6.598333333333334,9.400833333333335,7.462499999999999,12.645833333333334,5.108333333333333,4.175,1.0273034753934958,3.981007863733895,10.940000000000001,12.64,8.794166666666666,12.114166666666666,11.570833333333333,15.825,6.704166666666667,5.5875,1.835147303351968,4.856435985999518,14.12,16.220000000000002,10.069166666666666,8.628333333333334,16.679166666666667,13.845833333333331,5.5625,2.954166666666667,4.212991028091299,4.616387814984062,25.820000000000004,17.34,64.20833333333333,60.516666666666666,74.375,73.5,52.29166666666666,45.125,8.006236718264638,11.005901194864103,99.2,83.6,13.511666666666667,14.755833333333333,16.8625,16.466666666666665,11.970833333333331,13.554166666666667,1.9993323538399297,1.2229454141993052,19.82,21.0,68.825,73.81666666666666,75.5,76.08333333333333,60.125,71.375,6.332538327295518,2.2295755076795323,90.2,93.8,859.1966666666667,1027.3208333333332,962.2416666666668,1091.7125,710.4375,938.2083333333334,97.20159621781771,65.72872048184539,1034.8200000000002,1102.2,12.715486111111112,14.214407407407407,16.17423611111111,16.032569444444444,10.905462962962964,12.935439814814815,2.1106627501160293,1.3280147185110103,19.02733333333333,20.41411111111111,9.864597381653303,11.625416589434213,11.60386583982148,12.865895595814644,8.036478850808424,10.448054427990726,1.4028401697230457,1.0247471814032167,12.959773660361629,14.271666875586353,,,,,,,,,,,5.0,5.0,2.0,0.0,31.0,17.0,149.0,149.0,118.0,132.0,6.691666666666663,-0.2916666666666643,2.802500000000001,3.3200000000000003,-1.440833333333332,-3.691666666666663,1.2441666666666666,4.99166666666666,168.1241666666665,1.4989212962962952,1.7608192077809104,,-14.0,14.0,5,2,avg,home_minus_away
MLS-MAT-0006AZ,LAFC 2,Colorado Rapids 2,Titan Stadium,446,272,88.34080717488789,83.82352941176471,17,12,4,1,0,0,15,11,9,5,,,,,3,2,394,228,0,0,11,17,5,9,591,456,,4.517277763123175,4,4,,,174,5,3,0,2025-05-04,MLS-STA-00001F,58.85833333333333,69.775,76.25,71.125,43.583333333333336,68.58333333333333,13.865192980585908,1.0775486583496448,78.8,72.4,45.133333333333326,47.11666666666666,49.29166666666666,56.04166666666666,39.16666666666666,42.75,4.724474544562838,5.596796578797944,66.2,54.4,13.541666666666668,19.939999999999998,23.945833333333336,20.579166666666666,5.145833333333333,18.42083333333333,8.313606860309054,0.880333940741934,19.0,27.04,16.775,22.831666666666667,26.7875,24.825,6.583333333333333,21.133333333333333,8.268908781124361,1.3608444324919877,24.0,29.74,17.778333333333332,28.90666666666666,32.483333333333334,38.97916666666666,8.4,22.20833333333333,11.250857374736677,6.728439460190188,31.28,49.019999999999996,84.33333333333334,67.18333333333332,99.79166666666669,73.75,72.875,60.54166666666666,10.311384619815996,4.938915057423488,131.8,112.2,12.474166666666665,16.44,17.141666666666666,17.266666666666666,8.8125,15.875,3.9348220611328517,0.5724626989303896,19.04,22.96,66.925,71.76666666666667,75.70833333333333,76.75,53.16666666666666,67.45833333333333,10.14249174951052,3.365547462482475,92.2,93.4,773.6166666666667,1104.3991666666666,1201.7458333333334,1182.0833333333333,446.9958333333333,1023.6583333333332,379.31033347360994,59.39254232084469,897.54,1201.96,11.524625,16.01346296296296,16.778333333333332,16.891898148148147,7.70763888888889,15.522083333333336,4.454622016812589,0.5713503107625407,18.038777777777778,22.52833333333333,8.730757728555123,12.917408645943857,13.589288620793434,13.52606609858943,5.0567446425676925,12.6172728223017,4.351872415970843,0.3926234250224009,11.495231110806895,15.71085977254393,,,,,,,,,,,5.0,5.0,2.0,0.0,1597.0,87.0,52.0,52.0,-1545.0,-35.0,10.916666666666679,1.9833333333333343,6.39833333333333,6.056666666666668,11.128333333333327,-17.15000000000002,3.965833333333336,4.841666666666669,330.7824999999999,4.488837962962961,4.186650917388734,,-1510.0,1510.0,5,2,avg,home_minus_away
MLS-MAT-0006BC,Chicago Fire FC II,FC Cincinnati 2,SeatGeek Stadium,369,379,79.94579945799458,79.41952506596306,14,16,1,1,0,1,17,10,4,2,,,2.2445,0.925,2,1,295,301,0,0,16,14,4,6,540,544,ASA,0.5262743920315245,7,2,,1.3195,-10,-2,0,-1,2025-05-09,MLS-STA-00001B,45.516666666666666,51.81666666666666,60.16666666666666,77.79166666666667,28.041666666666668,33.5,13.380664688273146,19.48144148927384,53.2,62.8,32.90833333333334,35.18333333333333,42.208333333333336,48.333333333333336,23.75,25.5,8.666336131517426,9.993513521279693,45.0,49.6,9.575833333333334,12.209999999999999,16.712500000000002,21.308333333333334,5.854166666666667,4.883333333333334,4.4758334496989995,7.725009326675419,16.220000000000002,23.8,9.799166666666668,12.428333333333333,17.033333333333335,21.683333333333334,6.020833333333333,5.05,4.517744144235902,7.778270234905844,16.8,24.1,11.76,19.4625,23.995833333333334,34.141666666666666,7.85,7.391666666666667,6.862614221878812,11.78504230888554,24.54,44.04,63.85,65.74166666666666,71.875,72.95833333333333,57.708333333333336,52.958333333333336,5.770765643405654,7.626104200558617,102.0,90.6,12.280833333333332,9.02,14.354166666666666,12.683333333333332,8.945833333333333,6.533333333333334,2.038008201788098,2.5324583878340636,16.86,12.16,76.575,82.9,84.875,90.79166666666669,74.0,76.83333333333333,4.658978041254207,5.114708501523389,92.4,93.8,911.6133333333333,727.6108333333334,1011.15,906.7708333333334,661.8666666666667,538.3166666666667,145.83715978313313,164.06166519893435,1099.46,878.6200000000001,11.563930555555556,8.142166666666666,13.77736111111111,12.013425925925928,7.851041666666667,5.408356481481481,2.2338875891318897,2.7184464495667293,16.163,11.316777777777776,9.69221549958661,7.218934390186581,11.297663507183271,9.999237669129805,6.419194688672306,4.859995228174286,1.9046013791384473,2.160629831302742,12.370596691746986,9.258619166149273,,,,,,,,,,,5.0,5.0,2.0,0.0,160.0,265.0,189.0,189.0,29.0,-76.0,6.299999999999997,2.2749999999999915,2.6341666666666654,2.6291666666666647,7.702499999999999,1.8916666666666586,-3.2608333333333324,6.325000000000003,-184.00249999999994,-3.42176388888889,-2.4732811094000287,,105.0,-105.0,5,2,avg,home_minus_away
MLS-MAT-0006B7,Timbers2,Whitecaps FC 2,Providence Park,496,342,88.30645161290323,81.57894736842105,12,14,2,3,0,0,19,17,9,5,,,2.1191,1.717,1,0,438,279,0,0,14,11,5,9,630,489,ASA,6.727504244482176,2,4,,0.4020999999999999,154,-2,-1,0,2025-05-09,MLS-STA-00000P,51.74166666666666,37.95,71.58333333333333,42.958333333333336,41.958333333333336,32.041666666666664,12.427616815875126,4.507555385744647,57.2,48.2,39.041666666666664,32.00833333333333,48.91666666666666,38.833333333333336,29.375,25.791666666666668,7.913650741317531,4.906539711899256,53.8,49.8,12.825,6.263333333333334,22.375,7.866666666666667,7.070833333333333,4.795833333333333,6.82857748627861,1.2418183632167072,18.7,9.139999999999999,15.451666666666668,8.127500000000001,25.604166666666668,10.7,10.108333333333333,6.1875,7.121076283158016,2.1054896830798184,23.119999999999997,12.379999999999999,21.3475,9.370833333333334,35.525,13.920833333333334,8.329166666666667,7.266666666666667,12.675759346090475,2.6079455915209073,44.92,23.46,61.08333333333333,68.25,77.54166666666667,77.54166666666667,50.66666666666666,59.54166666666666,10.110629376497238,6.949095664585112,97.0,106.6,13.006666666666666,14.028333333333332,15.425,17.412499999999998,10.041666666666666,11.275,1.9733744189135078,2.256117070568614,18.48,21.34,62.675,55.99166666666666,68.625,63.625,54.875,49.208333333333336,4.939161112982649,6.236262680662371,86.6,82.2,747.6183333333333,683.1441666666667,888.7875,844.5375,611.5208333333334,598.2,120.02302613283558,100.71401508762048,963.96,834.26,11.999402777777778,12.948726851851854,14.668055555555556,16.494189814814813,8.893263888888889,10.054097222222223,2.1204304471388706,2.370703668516232,17.485444444444447,20.34944444444445,8.761581260825153,8.755838032699994,10.942279495151112,10.5958499734951,6.767065856553167,6.976768035123533,1.644270547314136,1.466301871647319,11.686237890129624,12.020513519482114,,,,,,,,,,,5.0,5.0,2.0,0.0,37.0,31.0,13.0,13.0,-24.0,-18.0,-13.791666666666657,-7.033333333333331,-6.561666666666666,-7.324166666666667,-11.976666666666667,7.166666666666671,1.0216666666666665,-6.683333333333337,-64.47416666666663,0.9493240740740756,-0.005743228125158595,,-6.0,6.0,5,2,avg,home_minus_away
MLS-MAT-0006B8,Crown Legacy FC,Inter Miami CF II,Mecklenburg County Sportsplex,400,403,82.5,81.88585607940446,19,16,4,2,0,0,13,21,7,9,,,3.4186,2.2884,4,2,330,330,1,0,16,19,9,8,535,537,ASA,0.6141439205955379,-8,-2,,1.1301999999999999,-3,3,2,0,2025-05-09,MLS-STA-000039,51.641666666666666,61.158333333333324,74.95833333333333,74.95833333333333,39.0,50.125,16.126200429046445,8.971182645312458,63.0,78.0,37.233333333333334,47.71666666666666,54.458333333333336,54.458333333333336,25.45833333333333,38.0,14.645243586988313,6.3349367487853545,47.0,63.4,10.739166666666666,13.101666666666668,16.566666666666666,16.566666666666666,6.791666666666667,9.233333333333333,5.042864527120364,3.2740517605186947,17.520000000000003,23.259999999999998,12.960833333333332,13.878333333333334,17.2375,17.2375,9.783333333333331,10.154166666666669,3.6983991469283035,3.234000951264204,20.14,24.32,9.594166666666666,10.416666666666666,16.120833333333334,16.120833333333334,6.395833333333333,4.466666666666667,4.002917338919481,4.137461186457759,23.38,28.52,77.275,87.49166666666667,94.41666666666669,94.41666666666669,67.375,81.83333333333333,11.73815892719127,4.894583173718116,105.4,128.4,22.982499999999998,18.764166666666664,25.825,21.15833333333333,17.837500000000002,17.720833333333335,3.4073493383991154,1.4629884037286276,27.339999999999996,24.5,76.3,63.78333333333334,82.83333333333333,69.91666666666667,67.75,53.083333333333336,6.571085653578618,7.4015764086668305,91.4,91.8,1735.1408333333334,1126.8366666666666,2086.670833333333,1375.8625,1159.55,877.9708333333333,425.1728713919884,208.48455450051398,1899.8799999999999,1404.98,23.64669107590068,18.35575658899665,27.3473191522252,21.12614405609436,17.445833333333333,17.03537037037037,4.20581820592934,1.7256223620899156,28.950407187692072,23.90218779668978,19.81566343525049,14.054182422418723,23.25815561647032,16.95139615267196,13.80897913708606,11.860004879235412,4.158120531750238,2.041435097184953,21.576567373307363,16.239206205326756,,,,,,,,,,,5.0,5.0,2.0,0.0,6.0,239.0,228.0,228.0,222.0,-11.0,9.516666666666659,10.483333333333327,2.3625000000000025,0.9175000000000022,0.8224999999999998,10.216666666666669,-4.218333333333334,-12.516666666666659,-608.3041666666668,-5.290934486904032,-5.761481012831766,,233.0,-233.0,5,2,avg,home_minus_away
MLS-MAT-0006B9,Houston Dynamo 2,Colorado Rapids 2,SaberCats Stadium,392,296,79.08163265306122,76.35135135135135,9,15,1,3,0,0,7,13,2,4,,,,,0,0,310,226,0,0,14,9,4,2,577,489,,2.7302813017098657,-6,-2,,,96,-6,-2,0,2025-05-09,MLS-STA-00000Y,45.15,48.391666666666666,58.083333333333336,58.083333333333336,38.75,42.458333333333336,7.789025844809551,7.391495206579579,56.0,69.0,38.15,38.99166666666667,47.833333333333336,47.833333333333336,30.75,30.166666666666668,6.3331688575134155,7.1489849706871755,52.6,57.8,6.135833333333333,8.100833333333334,11.941666666666668,11.941666666666668,3.404166666666667,4.775,3.82043413945181,2.549547890204153,10.34,12.02,7.5075,9.530833333333334,13.879166666666668,13.879166666666668,4.058333333333334,4.954166666666667,4.207868579947705,3.160209425198133,12.959999999999999,14.16,10.57,13.570833333333331,17.8,17.8,4.2625,10.4375,5.584184792041418,2.8218132837474084,22.98,30.2,83.4,79.83333333333333,96.79166666666669,93.45833333333331,69.0,68.29166666666667,10.261367341744588,11.048464888340312,114.2,118.6,16.195833333333333,22.095,23.479166666666668,23.479166666666668,7.233333333333333,19.954166666666666,7.141981469141149,1.8226187851855116,21.64,27.060000000000002,72.075,79.56666666666668,92.58333333333331,92.54166666666669,39.083333333333336,58.79166666666666,21.318199384563407,12.59903821285137,90.4,94.2,1123.6866666666667,1736.9966666666667,1964.6583333333333,2155.770833333333,458.9916666666666,1133.1083333333331,705.3885262857804,390.4862785392473,1288.76,1993.8,15.843901955945967,22.588293983414097,24.327261007877425,24.51955272993324,6.429675925925928,19.86567129629629,8.0391374929858,2.3722178980306055,21.401415808860044,28.21460478058093,12.744375653632426,19.380807384784326,21.447001580402773,22.433906063054028,6.429204672811454,14.815239886082578,7.571938365424314,3.117245269655967,14.877196618373699,21.731340830988962,,,,,,,,,,,5.0,5.0,2.0,0.0,1597.0,20.0,14.0,14.0,-1583.0,-6.0,3.241666666666667,0.8416666666666686,1.9650000000000007,2.0233333333333334,3.000833333333331,-3.566666666666677,5.899166666666666,7.491666666666674,613.31,6.74439202746813,6.6364317311519,,-1577.0,1577.0,5,2,avg,home_minus_away
MLS-MAT-0006BA,TFC II,Chattanooga,York Lions Stadium,596,369,90.60402684563758,80.21680216802169,18,14,2,1,0,0,13,7,4,4,,,0.8769,0.5539,1,2,540,296,0,0,12,17,4,4,729,502,ASA,10.38722467761589,6,0,,0.32300000000000006,227,4,1,0,2025-05-09,MLS-STA-00001H,59.666666666666664,55.583333333333336,82.16666666666667,82.16666666666667,38.54166666666666,40.75,17.30782377680363,16.496816822580584,67.2,69.0,38.349999999999994,35.94166666666666,47.54166666666666,44.5,28.58333333333333,27.666666666666668,8.168930383539273,7.475283346543536,54.0,60.4,14.149166666666668,13.405000000000001,20.979166666666668,21.445833333333336,8.266666666666667,5.875,5.602501611383576,6.446824018891439,29.660000000000004,31.52,14.798333333333332,13.6975,22.354166666666668,21.8,8.629166666666666,6.0625,5.927110500816472,6.496826549041718,30.939999999999998,31.919999999999998,12.57,20.683333333333334,25.1125,27.5125,3.883333333333333,8.887500000000001,8.45906883091225,8.070548308510395,38.56,62.6,66.55,59.63333333333334,74.29166666666667,73.625,56.958333333333336,46.583333333333336,7.594451556527593,9.682565947791591,91.6,85.0,13.116666666666665,9.240833333333333,17.2625,12.2625,7.975,7.4875,3.3505479962239013,1.9036386941270595,17.32,12.2,74.98333333333333,83.41666666666667,80.79166666666667,90.66666666666669,71.54166666666667,77.08333333333333,3.89082788962281,5.171033101163967,93.8,93.0,947.0641666666667,765.2850000000001,1169.825,977.1416666666668,568.8958333333334,575.1958333333333,224.99032490000786,164.6220804231535,1148.72,904.2,12.441787037037038,8.398574074074073,16.912337962962965,11.67453703703704,6.710231481481482,6.304537037037037,3.683025069367155,2.13417359769243,16.622000000000003,11.433888888888891,10.292116177827918,7.524309032997946,13.689807578775058,10.211035150606936,5.255005270605667,5.250791281956052,3.083370823799609,2.003592713070879,12.680282582457107,9.525663444286192,,,,,,,,,,,5.0,5.0,2.0,0.0,206.0,87.0,165.0,165.0,-41.0,78.0,-4.083333333333329,-2.4083333333333314,-0.7441666666666666,-1.1008333333333322,8.113333333333333,-6.916666666666657,-3.8758333333333326,8.433333333333337,-181.77916666666658,-4.043212962962965,-2.7678071448299715,,-119.0,119.0,5,2,avg,home_minus_away
MLS-MAT-0006BB,NYCFC II,RBNY II,Belson Stadium,393,405,79.89821882951654,79.01234567901234,14,13,2,0,0,0,10,17,8,8,,,2.5687,1.099,4,2,314,320,0,0,12,14,8,9,578,587,ASA,0.8858731505041959,-7,0,,1.4697000000000002,-12,1,2,0,2025-05-09,MLS-STA-00000Z,57.483333333333334,57.483333333333334,65.625,65.625,46.833333333333336,46.833333333333336,7.198005607265267,7.198005607265267,60.8,60.8,45.016666666666666,45.016666666666666,54.04166666666666,54.04166666666666,36.25,36.25,6.4506405797322826,6.4506405797322826,60.4,60.4,13.624166666666667,13.624166666666667,18.491666666666667,18.491666666666667,9.229166666666666,9.229166666666666,4.029132626536663,4.029132626536663,23.02,23.02,14.923333333333336,14.923333333333336,18.741666666666667,18.741666666666667,10.870833333333332,10.870833333333332,3.156651652111425,3.156651652111425,23.9,23.9,32.552499999999995,32.552499999999995,43.6,43.6,22.266666666666666,22.266666666666666,7.652183216972209,7.652183216972209,61.7,61.7,53.61666666666666,53.61666666666666,60.833333333333336,60.833333333333336,39.79166666666666,39.79166666666666,8.119089730724474,8.119089730724474,88.6,88.6,17.184166666666666,16.775,18.4625,18.1,15.370833333333335,14.695833333333333,1.2077132029399826,1.3439906115330154,20.84,20.419999999999998,84.40833333333333,84.225,97.54166666666669,97.625,70.41666666666667,70.41666666666667,11.609136428309863,11.571734300536896,96.2,96.0,1420.2075,1378.8883333333335,1629.175,1538.7833333333335,1143.1125,1143.1125,197.7989171087017,160.42582015010348,1581.78,1537.3600000000001,17.16213425925926,16.70726388888889,18.68166666666667,17.901041666666668,15.510393518518518,14.770069444444443,1.2137828637757513,1.2792080521506881,20.823,20.350555555555555,15.253380439638189,14.825936536828374,17.082679284638775,16.200688221163407,13.361738433060788,13.361738433060788,1.3739101458655132,1.055727631341504,17.10441486945482,16.648653026489875,,,,,,,,,,,5.0,5.0,2.0,0.0,4.0,27.0,51.0,51.0,47.0,24.0,0.0,0.0,0.0,0.0,0.0,0.0,-0.40916666666666757,-0.18333333333333712,-41.31916666666643,-0.45487037037037226,-0.4274439028098147,,23.0,-23.0,5,2,avg,home_minus_away
MLS-MAT-0006B6,Ventura County,LAFC 2,Dignity Health Sports Park,434,450,86.17511520737327,86.44444444444444,11,15,2,3,0,1,15,11,6,4,,,1.1786,0.8612,2,0,374,389,0,0,15,10,5,6,579,575,ASA,-0.26932923707117595,4,2,,0.3174000000000001,-16,-4,-1,-1,2025-05-09,MLS-STA-00000G,66.70833333333334,51.15833333333333,75.54166666666667,56.333333333333336,63.375,42.875,5.241477871533728,5.300877809906163,70.4,59.4,44.541666666666664,37.36666666666666,56.333333333333336,42.29166666666666,38.91666666666666,30.5,7.2953562094131055,4.836152195243188,54.6,53.0,18.2,9.824166666666667,24.54583333333333,10.4875,14.0,8.508333333333335,4.073490475351302,0.762917690696564,23.22,12.76,21.966666666666665,16.52583333333333,27.65,17.695833333333333,17.73333333333333,14.670833333333333,3.673191401144848,1.2139288545416849,28.32,23.06,23.56833333333333,6.758333333333333,38.54166666666666,11.508333333333333,17.870833333333334,4.6000000000000005,8.545389737389911,2.7158149866415173,36.5,14.0,70.38333333333334,82.86666666666667,76.83333333333333,88.83333333333333,55.583333333333336,73.66666666666667,8.604010289135845,5.972840730246277,112.6,114.0,16.171666666666667,15.404166666666665,18.6,18.754166666666663,14.429166666666667,13.975,1.807244295728844,1.9572226460244884,20.1,18.98,76.05,80.39166666666667,80.66666666666667,86.95833333333333,70.625,68.20833333333333,4.5527769303775285,7.4278123181279545,91.8,92.0,1189.2450000000001,1201.7741666666666,1251.9833333333331,1241.7208333333333,1149.7166666666667,1151.15,41.42132491828465,33.840149072309174,1276.8,1320.34,15.830138888888888,15.09925462962963,18.387939814814818,18.46613425925926,14.033935185185186,13.69863425925926,1.8743166966229425,1.9632223124635109,19.695666666666668,18.641222222222222,13.278873444620896,13.06167298255976,14.90326097478092,14.76724671941704,12.22145364863994,12.257481645386171,1.1249015358216807,0.9974709303476512,14.843892921428779,14.940791133467249,,,,,,,,,,,5.0,5.0,2.0,0.0,87.0,25.0,13.0,13.0,-74.0,-12.0,-15.550000000000011,-7.175000000000004,-8.375833333333333,-5.440833333333334,-16.81,12.483333333333334,-0.7675000000000018,4.341666666666669,12.52916666666647,-0.7308842592592573,-0.21720046206113608,,-62.0,62.0,5,2,avg,home_minus_away
MLS-MAT-0006BD,Carolina Core FC,Huntsville,Truist Point,309,574,79.6116504854369,91.98606271777004,18,14,4,2,0,1,11,8,2,1,,,0.9395,0.7478,0,0,246,528,0,0,12,18,1,3,408,690,ASA,-12.374412232333142,3,1,,0.19169999999999998,-265,4,2,-1,2025-05-10,MLS-STA-00002T,57.516666666666666,,68.45833333333333,,42.625,,10.403683575755483,,73.2,,41.95833333333333,,52.75,,28.08333333333333,,9.084480049941098,,54.6,,10.979166666666668,,15.0375,,6.9625,,3.841123199085855,,19.259999999999998,,11.620000000000001,,16.125,,7.154166666666666,,4.241610796947049,,20.46,,6.718333333333334,,8.541666666666666,,5.370833333333334,,1.3240582344947418,,16.44,,82.69166666666666,,104.45833333333331,,69.70833333333333,,16.427888508062537,,114.6,,18.285,,20.620833333333334,,14.595833333333331,,2.3317900402194596,,23.7,,73.18333333333334,,86.75,,63.583333333333336,,9.288517777342085,,97.2,,1260.3933333333334,,1601.9916666666668,,1059.2541666666666,,205.12272354685086,,1577.1200000000001,,18.066242149487426,,20.376928340029725,,14.085625,,2.4497043498226128,,23.328471220333796,,14.762286104917376,,16.951124436377814,,11.737563770893557,,1.9364928456756294,,17.702793150138092,,,,,,,,,,,,5.0,0.0,2.0,0.0,190.0,,288.0,288.0,98.0,,,,,,,,,,,,,,,,5,2,avg,home_minus_away
MLS-MAT-0006BE,Philadelphia Union II,Columbus Crew 2,Subaru Park,435,569,83.44827586206897,84.53427065026362,13,8,1,2,0,0,23,3,8,2,,,2.548,0.3504,3,0,363,481,0,0,7,13,2,9,565,699,ASA,-1.085994788194654,20,6,,2.1976,-134,5,-1,0,2025-05-11,MLS-STA-000002,56.6,54.59166666666666,67.5,68.75,42.875,36.0,9.171996556548269,14.667329530475396,62.2,67.2,37.03333333333334,40.325,39.833333333333336,55.458333333333336,34.333333333333336,31.916666666666668,2.3792724728370227,9.671712045387252,52.0,59.8,10.746666666666666,12.171666666666667,15.654166666666669,18.65833333333333,4.45,4.45,4.174024129129533,5.345976550432836,18.3,22.36,10.993333333333334,12.5475,16.008333333333333,18.854166666666668,4.5375000000000005,4.5375000000000005,4.262799965007351,5.284523229572266,18.54,22.6,13.630833333333333,18.197499999999998,19.04583333333333,30.179166666666664,9.429166666666667,10.45,3.8736092934540163,8.216603595937785,39.86,48.519999999999996,65.3,69.80833333333332,77.08333333333333,77.08333333333333,57.16666666666666,62.875,7.747053651406951,5.098389587790329,99.8,115.4,14.669166666666666,17.216666666666665,16.025000000000002,19.4375,12.066666666666668,14.641666666666666,1.5455682611906858,2.0204939577571954,19.14,21.619999999999997,78.01666666666667,72.90833333333333,90.33333333333331,90.33333333333331,55.958333333333336,55.958333333333336,13.913628660417805,14.643162985578694,93.0,90.0,1103.5099999999998,1215.8274999999999,1327.4125,1556.6375,806.1583333333333,806.1583333333333,191.34213001065365,273.34873807898765,1312.3799999999999,1438.4,14.228740740740742,16.897606481481482,15.71101851851852,19.164490740740742,11.66800925925926,14.520092592592592,1.5124061493622853,2.177972544668174,18.754555555555555,21.221444444444447,12.064941516967748,13.873675397205028,13.546416105084075,16.580602263911107,10.278331876775718,10.278331876775718,1.4394484069998217,2.327947363791587,14.846643891881689,16.2277660150122,,,,,,,,,,,5.0,5.0,2.0,0.0,231.0,10.0,8.0,8.0,-223.0,-2.0,-2.00833333333334,3.2916666666666643,1.4250000000000007,1.5541666666666654,4.566666666666665,4.508333333333326,2.5474999999999994,-5.108333333333334,112.31750000000011,2.66886574074074,1.8087338802372805,,-221.0,221.0,5,2,avg,home_minus_away
MLS-MAT-0006BF,Town FC,St Louis CITY2,St. Mary’s College,413,389,82.80871670702179,81.74807197943444,18,20,3,1,0,0,17,19,8,6,,,,,4,0,342,318,0,0,20,17,6,8,574,553,,1.060644727587345,-2,2,,,24,-2,2,0,2025-05-11,MLS-STA-000024,62.36666666666666,50.675,79.41666666666667,57.208333333333336,55.29166666666666,43.79166666666666,10.327215931164073,4.907070437417605,69.4,55.2,45.20833333333333,34.61666666666666,51.91666666666666,41.125,40.208333333333336,30.08333333333333,4.849022667851049,4.732735437590213,63.6,45.2,14.005833333333333,10.146666666666667,26.35,12.979166666666666,10.4125,6.675,6.930869328791141,2.3157417218295793,21.18,13.86,14.73333333333333,12.765833333333333,27.05,16.724999999999998,10.6625,7.979166666666667,6.960390788637916,3.28488145608872,22.0,17.240000000000002,18.044166666666666,11.030000000000001,26.025,15.679166666666667,9.158333333333331,5.541666666666667,7.160319742821856,3.7788168250422274,37.54,23.44,70.41666666666666,67.83333333333333,85.375,81.79166666666667,57.16666666666666,57.75,13.655451444996858,10.254275869660967,127.0,104.0,17.633333333333333,17.534166666666668,19.77083333333333,19.695833333333333,15.525,14.75,1.6895409468583786,1.9029203616488455,24.68,25.520000000000003,66.75833333333333,63.58333333333333,82.25,72.29166666666667,54.0,55.0,12.019168717788542,7.504801703650213,93.2,92.2,1075.2666666666669,1005.1891666666667,1381.5500000000002,1090.7708333333333,911.6291666666666,935.5583333333334,201.76339168431505,60.86780962268879,1254.6,1123.22,17.148828121934056,16.964338613924593,19.034075739748065,19.019428054115195,14.953217592592592,14.168171296296295,1.5725127834425006,1.861217080064368,23.934186695441777,24.790368048759138,13.241095587205134,12.753024207154235,14.907338223639426,13.52722484772234,11.750788060918346,11.487094620889671,1.1598570195730786,0.786492002291199,15.935522882194396,15.863762268700814,,,,,,,,,,,5.0,5.0,2.0,0.0,152.0,17.0,149.0,149.0,-3.0,132.0,-11.691666666666663,-10.591666666666669,-3.859166666666667,-1.9674999999999976,-7.014166666666664,-2.5833333333333286,-0.09916666666666529,-3.174999999999997,-70.07750000000021,-0.18448950800946307,-0.4880713800508989,,-135.0,135.0,5,2,avg,home_minus_away
MLS-MAT-0006BG,Ventura County,Austin,Dignity Health Sports Park,454,382,86.34361233480176,83.24607329842932,11,11,1,6,0,0,16,7,2,2,,,1.0257,0.8954,0,1,392,318,0,0,11,11,2,2,599,510,ASA,3.0975390363724387,9,0,,0.13030000000000008,72,0,-5,0,2025-05-13,MLS-STA-00000G,63.916666666666664,57.55833333333332,72.625,68.25,54.083333333333336,44.91666666666666,8.230933354662085,10.149131052021705,74.2,88.6,48.791666666666664,43.75833333333333,61.29166666666666,48.29166666666666,41.958333333333336,39.458333333333336,7.376118088503975,4.1301945407503995,67.2,70.0,14.865,8.4625,21.60833333333333,10.4875,9.958333333333334,6.658333333333334,4.558883269690798,1.5987109607778103,23.04,11.379999999999999,16.091666666666665,13.73,22.804166666666664,17.695833333333333,10.616666666666667,9.216666666666669,4.8292844032239595,3.436103756841136,24.18,19.36,21.3325,10.965,55.25833333333333,11.5625,3.975,10.408333333333331,23.235548151844117,0.5429040354120304,40.3,22.419999999999998,79.15833333333333,87.225,99.375,97.95833333333331,53.625,76.29166666666667,20.70257716780423,8.856328167537097,123.2,140.4,20.7725,20.682499999999997,22.0375,23.229166666666668,17.75,17.404166666666665,1.7274705536966164,2.502024180538632,25.54,26.24,67.41666666666667,61.791666666666664,73.08333333333333,68.20833333333333,62.083333333333336,52.125,4.637651614772285,6.579376447995998,89.6,87.2,1351.5408333333332,1190.1033333333332,1552.9541666666669,1253.5,1235.6708333333331,1099.1541666666667,119.28023141284893,73.12276358166062,1529.04,1472.58,20.684356440215538,20.34706351554019,22.317790181932867,22.922458470983432,17.445324074074076,16.931087962962962,1.8825218376539787,2.5398414884710205,25.39478322794133,25.60088842063601,16.47115688446898,15.456056117036706,18.38512420882411,17.07414849490177,14.238225804907753,13.293204084974882,1.475494510899086,1.478170885298272,18.12727464058805,17.8347822831141,,,,,,,,,,,5.0,5.0,2.0,0.0,164.0,25.0,13.0,13.0,-151.0,-12.0,-6.358333333333341,-5.033333333333331,-6.4025,-2.3616666666666646,-10.3675,8.066666666666663,-0.09000000000000341,-5.625000000000007,-161.4375,-0.3372929246753493,-1.0151007674322727,,-139.0,139.0,5,2,avg,home_minus_away
MLS-MAT-0006BI,Whitecaps FC 2,Tacoma Defiance,Swangard Stadium,383,498,81.72323759791122,88.95582329317268,9,13,1,1,0,0,14,11,8,3,,,2.8881,1.2216,5,0,313,443,0,0,13,7,3,8,506,637,ASA,-7.232585695261463,3,5,,1.6665,-115,-4,0,0,2025-05-14,MLS-STA-00001E,48.43333333333333,68.6,61.16666666666666,80.29166666666667,34.25,61.66666666666666,9.586484989006365,8.577445391516312,55.0,73.8,37.46666666666666,45.033333333333324,48.25,49.083333333333336,27.75,41.29166666666666,8.246758622499982,2.9500176553144035,46.8,58.0,8.688333333333334,19.1125,13.233333333333334,26.183333333333334,3.9125,14.8125,4.038275424333732,4.54024346967086,13.559999999999999,28.96,11.985833333333336,25.932499999999997,17.025000000000002,39.65416666666667,5.583333333333333,17.5125,4.986350814417739,8.639610913467756,18.34,39.7,10.061666666666666,28.627499999999998,18.28333333333333,32.858333333333334,1.3791666666666669,24.541666666666668,8.038823655479009,3.464885359655576,21.6,56.6,74.775,60.80833333333332,107.875,68.33333333333333,61.04166666666666,56.54166666666666,19.312434825492325,4.616884772224666,103.2,102.8,12.808333333333332,12.455,13.791666666666666,12.783333333333331,11.229166666666666,12.125,1.38125471341579,0.2489805603745889,17.533333333333335,15.940000000000001,68.29166666666667,74.05833333333332,78.70833333333333,80.20833333333333,62.0,66.20833333333333,9.08591324218124,5.5406170685222405,91.0,92.0,820.1555555555556,891.1216666666666,858.725,965.1333333333332,773.8458333333333,789.3166666666666,42.96570910115202,68.78227111287063,970.0666666666666,1017.24,11.927893518518522,11.689800925925926,12.84527777777778,11.84599537037037,10.462800925925928,11.438425925925928,1.282200179848904,0.17076802189883233,16.55203703703704,15.067444444444448,9.228068776451813,9.58733721278885,9.417835939875898,10.145596621460198,8.921373830361372,8.994704848904375,0.2680909105422204,0.4408660868079679,11.22661972080118,11.262838926914686,,,,,,,,,,,5.0,5.0,2.0,0.0,42.0,37.0,0.0,0.0,-42.0,-37.0,20.166666666666664,7.566666666666663,10.424166666666666,13.946666666666662,18.56583333333333,-13.966666666666683,-0.3533333333333317,5.7666666666666515,70.96611111111099,-0.2380925925925954,0.359268436337036,,-5.0,5.0,5,2,avg,home_minus_away
MLS-MAT-0006BH,Timbers2,LAFC 2,Providence Park,395,456,91.13924050632912,89.25438596491227,13,15,0,2,0,0,13,10,6,3,,,2.3129,1.1358,3,0,360,407,0,0,14,12,4,7,554,595,ASA,1.8848545414168427,3,3,,1.1771,-61,-2,-2,0,2025-05-14,MLS-STA-00000P,60.21666666666666,41.333333333333336,80.83333333333333,48.125,32.25,32.25,23.353997546220835,6.551081335677848,65.2,47.8,48.4,31.35,64.54166666666667,39.875,26.5,26.5,19.301149577162498,5.221283899153115,59.0,41.2,16.129166666666666,7.308333333333333,23.541666666666668,9.129166666666666,5.570833333333333,5.570833333333333,9.099427160694116,1.3224884477546275,24.78,10.52,18.543333333333333,10.01,27.27916666666667,11.316666666666668,7.7875,7.7875,9.245781508041622,1.4350601274665968,27.6,14.819999999999999,35.5125,9.886666666666667,58.225,11.975,8.341666666666667,8.341666666666667,24.663934251813473,1.5440252228797586,60.44,20.16,62.96666666666666,64.525,67.0,75.16666666666667,59.875,59.875,3.5010415117028675,6.348843398604195,117.2,96.0,20.71583333333333,13.666666666666668,28.33333333333333,16.470833333333335,11.704166666666666,11.704166666666666,8.006686333413258,2.052230324684722,28.139999999999997,18.78,55.775,65.125,80.70833333333333,80.70833333333333,37.41666666666666,52.125,20.290909465680553,12.668756680642868,82.4,88.4,924.4333333333332,819.035,1045.8041666666666,932.2208333333332,861.4916666666667,715.8708333333334,72.36281345299757,82.25703578274556,1167.94,933.3399999999999,19.791101890266397,12.789375000000001,27.05306598639279,15.550833333333337,11.037523148148148,11.037523148148148,7.806291725362665,1.9506233359351335,26.468424674889786,17.836333333333336,13.785916392644285,9.589732829792592,17.08350832360112,10.561262765697467,9.433529726408624,8.912217613641829,3.928960779641855,0.6026472393880136,16.17266199247254,11.806399041209863,,,,,,,,,,,5.0,5.0,2.0,0.0,87.0,31.0,13.0,13.0,-74.0,-18.0,-18.883333333333326,-17.049999999999997,-8.820833333333333,-8.533333333333333,-25.625833333333336,1.5583333333333442,-7.049166666666661,9.350000000000001,-105.3983333333332,-7.001726890266395,-4.196183562851694,,-56.0,56.0,5,2,avg,home_minus_away
MLS-MAT-0006BO,NYCFC II,TFC II,Belson Stadium,351,651,80.62678062678063,85.8678955453149,9,8,1,1,0,0,12,18,6,6,,,1.3748,2.1214,3,0,283,559,0,0,8,9,6,7,506,786,ASA,-5.241114918534265,-6,0,,-0.7465999999999999,-300,1,0,0,2025-05-15,MLS-STA-00000Z,52.85,50.56666666666666,60.04166666666666,60.04166666666666,43.79166666666666,39.79166666666666,7.336090864122842,8.998051486602833,62.4,58.4,39.625,42.30833333333333,47.91666666666666,48.625,33.458333333333336,32.25,6.987277625163537,7.3043104663540195,54.4,57.6,13.166666666666666,10.834166666666665,22.325,15.379166666666665,6.3625,3.8666666666666663,6.269270292466261,4.3842851865751395,24.7,17.98,14.449166666666667,12.419166666666666,22.445833333333336,18.091666666666665,6.620833333333334,3.9166666666666665,6.654478050531086,5.633205897227222,26.419999999999998,20.08,25.244999999999997,26.69166666666667,38.208333333333336,36.19583333333333,15.7375,15.591666666666669,11.036953160607526,9.873681786136764,50.46,55.760000000000005,67.75,63.08333333333333,78.08333333333333,78.08333333333333,57.66666666666666,54.04166666666666,7.653748174006719,9.212338872403693,96.0,102.0,12.125833333333334,16.115833333333335,16.325,17.104166666666668,8.012500000000001,15.408333333333331,3.6274421850052345,0.6921333766775828,15.5,20.68,74.9,76.39166666666667,93.95833333333331,93.95833333333331,58.375,64.91666666666667,16.07490063905701,14.276370580243576,84.2,92.8,949.4383333333333,1185.8541666666665,1459.0125,1459.0125,507.1458333333333,936.7208333333332,468.2566122137993,251.49159281908533,1162.3,1353.34,11.349694444444445,15.77764351851852,16.359791666666666,16.585856481481482,6.514305555555556,14.69976851851852,4.368497894281835,0.743396355769713,14.969888888888889,20.37022222222222,9.579921832945145,13.23349749483028,15.117101224177988,15.117101224177988,4.50697037628864,11.19692293880407,4.989538279777449,1.6704934871720398,12.334116379193212,15.393138892087839,,,,,,,,,,,5.0,5.0,2.0,0.0,87.0,27.0,51.0,51.0,-36.0,24.0,-2.2833333333333385,2.68333333333333,-2.3325000000000014,-2.030000000000001,1.4466666666666725,-4.666666666666671,3.99,1.49166666666666,236.41583333333324,4.427949074074075,3.653575661885135,,-60.0,60.0,5,2,avg,home_minus_away
MLS-MAT-0006BJ,Orlando City B,Inter Miami CF II,Osceola Heritage Park,268,455,86.56716417910448,90.989010989011,16,19,3,2,0,0,8,10,5,4,,,1.6721,0.976,3,0,232,414,0,0,18,16,5,5,414,585,ASA,-4.421846809906526,-2,1,,0.6960999999999999,-187,-3,1,0,2025-05-17,MLS-STA-000017,52.55,49.93333333333332,63.79166666666666,63.875,38.54166666666666,28.08333333333333,12.367611430668418,15.369144097111521,82.6,77.2,39.71666666666667,40.33333333333333,50.208333333333336,50.79166666666666,23.541666666666668,20.041666666666668,11.526290901432446,11.951507924386224,63.0,60.8,7.9125,8.000833333333333,10.208333333333334,10.283333333333331,6.433333333333334,4.033333333333333,1.604074672686891,2.52838126190564,12.379999999999999,13.5,10.235833333333334,9.343333333333334,12.504166666666668,12.666666666666666,7.633333333333333,4.508333333333334,1.9674821755510552,3.2327823843315597,16.04,14.74,8.569166666666666,10.489166666666666,14.795833333333334,16.125,5.441666666666666,6.504166666666666,3.6080477658361954,3.6778211016246503,17.919999999999998,25.8,83.01666666666668,79.05833333333334,106.5,93.54166666666669,51.66666666666666,54.625,20.45495134978869,14.773421846530873,126.8,123.8,25.92083333333333,24.820833333333333,27.245833333333334,26.84166666666667,24.925,23.191666666666663,0.9125047564564015,1.5616025200272825,29.9,29.339999999999996,76.23333333333333,77.74166666666666,87.125,91.58333333333331,69.04166666666667,70.875,8.15441257506907,8.573436851370888,91.6,95.2,1936.3008333333335,1875.1008333333332,2167.4500000000003,2119.875,1714.8666666666668,1754.4291666666668,198.40344045848568,143.48271776981053,2110.46,2104.42,27.138047863700773,25.78412164713878,28.908984484688457,28.4029883644918,25.747986111111118,23.957731481481485,1.3174410170303985,1.9264190516773636,31.892422580076037,30.738651964132476,22.51449212747072,21.63600343693639,23.433228957564456,22.513159363608803,20.935761752916715,20.693794489895687,1.0245501866258377,0.7620930495986866,24.07408825394599,23.63175926263907,,,,,,,,,,,5.0,5.0,2.0,0.0,6.0,39.0,23.0,23.0,17.0,-16.0,-2.6166666666666742,0.61666666666666,0.08833333333333293,-0.8925000000000001,1.92,-3.958333333333343,-1.0999999999999979,1.5083333333333258,-61.20000000000027,-1.3539262165619945,-0.8784886905343292,,33.0,-33.0,5,2,avg,home_minus_away
MLS-MAT-0006BK,Huntsville,Chattanooga,Wicks Family Field,707,282,91.37199434229136,75.88652482269504,11,10,1,2,0,0,19,7,9,3,,,2.8991,0.4305,1,2,646,214,0,0,9,11,3,9,826,402,ASA,15.485469519596322,12,6,,2.4686,425,1,-1,0,2025-05-17,MLS-STA-000013,40.791666666666664,39.56666666666666,54.29166666666666,52.083333333333336,34.083333333333336,33.75,7.981043077888441,7.4396647176543595,48.8,46.2,30.71666666666667,29.816666666666663,36.5,33.833333333333336,24.625,24.625,4.646758129181151,4.109778312485696,42.6,39.6,6.815,6.370833333333334,10.083333333333334,9.995833333333334,3.208333333333333,2.7916666666666665,3.177315701884918,2.908418396559279,11.54,10.14,7.205,6.789166666666667,10.658333333333331,10.129166666666666,3.358333333333333,2.9416666666666664,3.1823943314045087,2.918904796037947,11.9,10.42,3.2550000000000003,2.75,4.2250000000000005,3.091666666666667,2.4250000000000003,2.4250000000000003,0.791323390487943,0.28710721961587016,7.12,6.36,74.94166666666666,74.35,81.45833333333333,79.33333333333333,65.16666666666667,65.16666666666667,6.557081096036556,6.187366721347976,99.8,96.4,21.134166666666665,21.399166666666666,24.4,24.4,17.891666666666666,18.39583333333333,2.7655532398097527,2.592308669142455,26.04,26.5,84.85833333333332,83.33333333333334,92.20833333333331,90.95833333333331,74.95833333333333,74.95833333333333,7.435229578761422,7.0971678623706405,96.2,95.6,1747.8991666666666,1737.2583333333332,1946.9708333333333,1946.9708333333333,1634.2583333333332,1617.6375,123.75151764641795,127.17552639517123,1963.98,1921.6799999999998,21.635266725718093,21.896085468404838,25.25715191429047,25.25715191429047,18.144050925925928,18.665995370370368,3.010181622494383,2.8302673736374375,26.91470685655424,27.288287057443124,19.106589046960018,19.162290907607453,21.766024697134,21.766024697134,16.92115364826957,17.26771646418747,1.8852422751410984,1.79690105919484,21.36751466079991,21.252149540746654,,,,,,,,,,,5.0,5.0,2.0,0.0,206.0,190.0,197.0,197.0,-9.0,7.0,-1.2250000000000014,-0.9000000000000057,-0.4441666666666668,-0.4158333333333335,-0.5050000000000003,-0.5916666666666686,0.26500000000000057,-1.5249999999999773,-10.640833333333376,0.26081874268674454,0.0557018606474351,,-16.0,16.0,5,2,avg,home_minus_away
MLS-MAT-0006BL,Sporting KC II,Town FC,Children's Mercy Victory Field,359,480,74.65181058495821,80.41666666666667,12,13,2,4,0,0,20,10,4,4,,,,,0,0,268,386,0,0,13,12,4,4,492,611,,-5.764856081708459,10,0,,,-121,-1,-2,0,2025-05-18,MLS-STA-000026,42.08333333333333,52.725,48.833333333333336,57.833333333333336,33.166666666666664,46.375,7.649834330087011,5.1482872016925265,50.8,79.8,33.666666666666664,43.68333333333333,43.458333333333336,46.25,25.5,41.04166666666666,8.131621233732472,2.191880534558804,46.6,66.0,6.398333333333333,5.83,9.475,7.995833333333334,4.7,4.791666666666667,2.153938172923674,1.3777825380742137,9.08,9.64,7.826666666666666,6.451666666666666,11.879166666666668,8.608333333333333,5.429166666666667,5.025,2.8991491807463494,1.548208530133385,11.22,10.64,5.850833333333333,4.906666666666667,9.225,7.029166666666668,3.9875,3.8958333333333335,2.2458688927302353,1.2671312196366162,12.78,11.6,78.71666666666667,99.50833333333334,101.625,102.625,62.458333333333336,96.25,18.659722480668233,2.801196420976025,104.8,131.4,17.52833333333333,22.101666666666667,21.58333333333333,24.241666666666664,14.433333333333332,19.14583333333333,2.8616892956783375,1.991053340013216,23.72,27.160000000000004,56.60833333333333,52.675,68.33333333333333,68.75,37.66666666666666,37.66666666666666,14.906467649237959,13.504513134504338,78.0,74.6,896.5116666666667,1134.955,1009.475,1621.6916666666666,778.6875,778.6875,103.19400803051877,359.4206227248661,1036.6399999999999,1464.96,16.814828703703704,21.820096421857187,20.780740740740743,24.89222870735936,13.707777777777778,18.245277777777776,2.7804329214124386,2.5239106089227445,23.040555555555557,27.013167351349352,11.940754293898461,15.628246006432017,12.959477727592892,19.889259550382903,10.647360473493933,11.90703167844736,0.8772105129262713,3.2267545955328947,14.570363435511368,18.605560078841552,,,,,,,,,,,5.0,5.0,2.0,0.0,17.0,276.0,280.0,280.0,263.0,4.0,10.641666666666673,10.016666666666666,-0.5683333333333334,-1.375,-0.9441666666666659,20.79166666666667,4.573333333333338,-3.93333333333333,238.44333333333327,5.005267718153483,3.6874917125335553,,259.0,-259.0,5,2,avg,home_minus_away
MLS-MAT-0006BM,Columbus Crew 2,FC Cincinnati 2,Historic Crew Stadium,401,314,88.7780548628429,85.03184713375796,17,16,4,2,0,0,8,18,3,5,,,0.9809,1.398,1,0,356,267,0,0,15,15,5,3,556,477,ASA,3.7462077290849294,-10,-2,,-0.4170999999999999,87,1,2,0,2025-05-18,MLS-STA-000012,45.54166666666667,41.74166666666666,56.208333333333336,49.958333333333336,33.041666666666664,30.08333333333333,8.932423772103768,7.715728434683131,51.8,47.8,33.7,32.40833333333333,40.25,38.25,28.375,23.5,4.240839801527786,5.412771035040906,50.8,48.0,8.255833333333333,6.988333333333332,11.1,10.070833333333333,5.166666666666667,4.391666666666667,2.189914540443175,2.2688550251172948,14.4,11.0,8.633333333333333,7.364999999999999,11.158333333333331,10.875,5.270833333333333,4.570833333333333,2.1697394076760053,2.5236599166686466,14.780000000000001,11.540000000000001,7.249166666666667,4.9025,11.716666666666669,6.345833333333334,3.345833333333333,3.345833333333333,3.7566739222792993,1.1665089179065695,20.64,11.58,74.675,78.04166666666666,85.58333333333333,85.58333333333333,57.375,63.083333333333336,11.55258208271111,9.13327250588017,108.8,105.0,20.7475,20.189166666666665,23.008333333333336,22.77083333333333,19.075,18.70833333333333,1.9630430954119282,1.861296217991942,24.98,24.380000000000003,80.35833333333333,81.08333333333334,87.16666666666667,88.29166666666667,68.04166666666667,68.04166666666667,7.799216484864218,8.242052148046087,97.2,96.8,1637.09,1609.2083333333335,1833.1916666666664,1833.1916666666664,1290.4666666666667,1290.4666666666667,207.46536885958017,197.3236414823303,1896.2400000000002,1871.98,21.066740513032613,20.41965065217169,23.84201617560528,23.253052130298524,18.814699074074078,18.814699074074078,2.3036272229118215,2.0756433812260426,25.546773289776024,24.820538568725354,18.19362321100772,17.75721260283953,20.301469367810952,20.301469367810952,15.116665759804723,15.116665759804723,2.103484923352352,1.941648153379614,21.028039873363916,20.6117780213304,,,,,,,,,,,5.0,5.0,2.0,0.0,160.0,231.0,227.0,227.0,67.0,-4.0,-3.8000000000000114,-1.2916666666666714,-1.267500000000001,-1.2683333333333335,-2.3466666666666676,3.36666666666666,-0.5583333333333336,0.7250000000000085,-27.881666666666433,-0.6470898608609232,-0.4364106081681882,,71.0,-71.0,5,2,avg,home_minus_away
MLS-MAT-0006BN,MNUFC2,St Louis CITY2,National Sports Center Stadium,341,325,78.88563049853373,79.07692307692308,20,14,4,1,0,0,19,7,10,3,,,2.2178,1.494,1,3,269,257,1,0,13,20,4,11,520,519,ASA,-0.19129257838935132,12,7,,0.7238,16,6,3,0,2025-05-18,MLS-STA-000015,45.49999999999999,43.52499999999999,53.54166666666666,51.66666666666666,24.95833333333333,25.75,12.064137050687785,10.163404531291008,64.0,61.6,35.766666666666666,34.641666666666666,44.083333333333336,41.333333333333336,19.58333333333333,19.791666666666668,10.303156541673152,9.013521863782705,52.0,50.2,6.621666666666667,5.8125,10.379166666666666,10.4,1.9333333333333331,2.441666666666667,3.377439190586725,2.906323923791015,14.479999999999999,12.8,7.1208333333333345,6.149166666666667,11.733333333333334,11.166666666666666,1.945833333333333,2.458333333333333,3.778364946199172,3.1723227995341903,15.919999999999998,13.8,6.7075000000000005,5.1075,10.866666666666667,6.679166666666667,3.9958333333333336,3.454166666666667,3.0730874246341324,1.4538812996023212,14.559999999999999,8.82,79.94166666666668,84.01666666666668,90.66666666666669,97.125,56.66666666666666,57.333333333333336,13.749861110409656,15.825370804853558,111.8,108.8,17.649166666666666,17.535833333333333,25.15833333333333,22.516666666666666,8.316666666666666,8.354166666666666,6.812764011194149,6.284041046571863,22.139999999999997,21.78,75.78333333333333,64.0,82.20833333333333,74.875,64.58333333333333,53.75,6.697286452984772,7.607619079288575,95.4,84.0,1309.4241666666667,1069.9308333333333,1861.0833333333333,1423.0416666666667,637.7583333333333,622.4375,545.2305682353057,345.36233497357927,1508.8,1360.6799999999998,17.646272869560914,17.009754903130116,26.599948652582796,22.557665744954733,7.214444444444446,7.200208333333333,7.823616949032212,6.770922081629088,22.61188066518049,21.32949002133115,14.68715148182606,13.069094255952127,21.753276759486948,17.802862913941496,6.045253573130194,5.883461980804372,6.707442927967024,5.170784137879929,17.259161939297258,15.725298107150124,,,,,,,,,,,5.0,5.0,2.0,0.0,152.0,257.0,275.0,275.0,123.0,18.0,-1.9750000000000014,-1.125,-0.809166666666667,-0.9716666666666676,-1.6000000000000005,4.075000000000003,-0.11333333333333329,-11.783333333333331,-239.49333333333334,-0.636517966430798,-1.6180572258739332,,105.0,-105.0,5,2,avg,home_minus_away
MLS-MAT-0006BR,RBNY II,New England Revolution II,MSU Soccer Park,539,293,83.6734693877551,68.60068259385666,15,13,0,3,0,0,16,9,7,5,,,1.5909,0.8978,4,1,451,201,0,0,13,15,5,7,687,439,ASA,15.072786793898445,7,2,,0.6930999999999999,246,2,-3,0,2025-05-18,MLS-STA-000014,56.108333333333334,65.09166666666667,68.79166666666667,75.75,44.5,58.125,11.214976346138435,8.109889795798706,64.4,70.0,39.93333333333333,46.50833333333333,48.625,54.125,27.08333333333333,36.875,8.94837624935385,6.4812362718165994,55.2,60.6,12.0575,17.106666666666666,20.133333333333333,24.3125,6.745833333333334,13.304166666666667,5.14779432945153,4.212643832031798,18.0,23.96,13.519166666666667,18.973333333333333,20.741666666666667,24.808333333333334,8.691666666666666,16.504166666666666,4.550304858529322,3.345232148147569,19.9,26.060000000000002,12.760000000000002,32.21,25.90416666666667,47.82083333333333,6.379166666666666,16.441666666666666,8.282848430642685,11.532442764267731,24.839999999999996,55.5,80.08333333333334,61.09166666666666,90.54166666666669,78.70833333333333,64.54166666666667,43.333333333333336,11.217855310966431,16.631170534070453,114.4,100.6,17.933333333333334,18.425,22.2625,21.90416666666667,15.4125,15.729166666666666,2.995149435151591,2.4303349106198873,22.839999999999996,21.98,79.95833333333334,89.19999999999999,95.29166666666669,94.70833333333331,62.75,76.95833333333333,13.113652502047035,7.0572067184309315,95.8,99.2,1405.8683333333333,1612.8325,1778.0583333333334,1769.3833333333332,918.4625,1489.825,360.1190760653768,118.32888512766246,1664.4599999999998,1794.5400000000002,17.887394296141704,18.660869041280648,22.614517777004817,22.20311835455139,14.647777777777778,15.830578703703702,3.41277650951163,2.5365317864500607,22.993103700819564,22.290382936417323,15.440332709495049,17.033869346743536,18.95710750937418,18.760142016516006,11.004964338148511,15.101607210745462,3.5154187638673866,1.6633884314066365,18.298797685955186,19.294105135516663,,,,,,,,,,,5.0,5.0,2.0,0.0,79.0,4.0,5.0,5.0,-74.0,1.0,8.983333333333334,6.575000000000003,5.049166666666666,5.454166666666666,19.45,-18.99166666666668,0.49166666666666714,9.241666666666646,206.96416666666664,0.7734747451389445,1.5935366372484872,,-75.0,75.0,5,2,avg,home_minus_away
MLS-MAT-0006BP,Whitecaps FC 2,Ventura County,Swangard Stadium,369,457,82.11382113821138,86.87089715536105,12,16,3,2,0,0,16,24,7,12,,,0.9932,2.772,0,2,303,397,0,0,15,11,12,8,544,636,ASA,-4.7570760171496715,-8,-5,,-1.7788,-88,-4,1,0,2025-05-18,MLS-STA-00001E,42.375,55.24166666666666,48.083333333333336,61.66666666666666,36.91666666666666,44.833333333333336,5.111177158389684,6.502430101294607,48.8,58.8,33.108333333333334,35.541666666666664,36.0,41.29166666666666,29.20833333333333,32.833333333333336,3.3030657056067714,3.5090409025195934,45.6,48.8,7.464166666666666,11.5975,9.095833333333331,14.8125,3.8625,8.8125,2.1318569924155577,2.1911311132735887,10.440000000000001,19.84,12.829166666666666,13.742500000000001,14.5,17.5125,10.479166666666666,11.104166666666666,1.8224916171122558,2.4671336128975434,17.3,21.8,6.105833333333334,18.96333333333333,10.566666666666666,24.541666666666668,3.3791666666666664,13.091666666666669,3.329323890738845,4.343315226043094,14.2,40.38,78.01666666666668,58.58333333333333,87.625,62.208333333333336,73.04166666666667,55.625,5.6056457156057276,2.795861276561801,104.6,85.0,16.369444444444444,11.113333333333333,16.920833333333334,12.345833333333331,15.916666666666666,9.891666666666667,0.5092944011444037,1.1213033401161139,21.333333333333332,13.680000000000001,66.45833333333333,85.14166666666668,68.70833333333333,91.41666666666669,64.29166666666667,80.20833333333333,2.209512263927132,4.847375435337265,87.66666666666667,94.6,1037.4958333333332,933.2858333333334,1125.5625,999.75,968.8791666666666,818.8000000000001,80.13203860573564,71.87542569922238,1168.5,1058.22,15.797245370370371,10.50336574074074,16.462523148148147,11.730300925925924,15.24261574074074,9.106875,0.6174348388116148,1.1646588256200765,20.74944444444445,13.025333333333332,12.312615714500525,9.493460735267695,13.13986890596187,10.145596621460198,11.621400447870926,8.1256953789907,0.7683204749963833,0.8830574842002854,14.549491291366536,11.083789359001127,,,,,,,,,,,5.0,5.0,2.0,0.0,25.0,37.0,0.0,0.0,-25.0,-37.0,12.86666666666666,2.43333333333333,4.133333333333334,0.9133333333333358,12.857499999999998,-19.43333333333335,-5.25611111111111,18.68333333333335,-104.20999999999981,-5.293879629629631,-2.819154979232831,,12.0,-12.0,5,2,avg,home_minus_away
MLS-MAT-0006BQ,Colorado Rapids 2,Real Monarchs,DICK'S Sporting Goods Park,271,581,74.90774907749078,89.84509466437177,15,19,2,2,0,0,6,16,5,5,,,,,2,1,203,522,1,0,17,14,5,5,374,697,,-14.937345586880994,-10,0,,,-310,-4,0,0,2025-05-18,MLS-STA-00000J,60.883333333333326,59.56666666666666,100.125,66.91666666666667,47.083333333333336,54.208333333333336,22.135324019413957,4.818637860779056,78.8,90.4,45.69166666666666,49.533333333333324,54.16666666666666,55.41666666666666,38.125,45.29166666666666,5.8091462845719,3.780363188019548,63.2,68.2,9.075,5.4799999999999995,12.675,7.470833333333332,7.004166666666666,4.091666666666667,2.2732422238585435,1.7141501579175868,16.68,8.36,20.385,10.275833333333333,33.95,18.33333333333333,11.004166666666668,6.316666666666666,9.691011281222297,4.89887529609263,61.220000000000006,15.819999999999999,7.845000000000001,8.2025,13.220833333333331,10.991666666666667,2.9791666666666665,5.433333333333334,3.646696802511067,2.235205216777894,19.82,24.880000000000003,97.31666666666668,104.40833333333335,113.25,116.75,83.75,89.95833333333333,11.735718270874319,9.653295349833199,122.8,136.0,12.030833333333334,14.605,15.4125,19.254166666666663,8.620833333333334,12.545833333333334,2.666433258014241,2.6960883444559265,17.14,21.78,54.19166666666666,39.766666666666666,76.04166666666667,49.0,32.458333333333336,31.58333333333333,17.79399867620791,7.717989447460469,74.6,74.4,574.8116666666667,482.51583333333326,651.6208333333333,591.7833333333333,383.4666666666667,342.6041666666667,113.79827430315012,109.84513662393321,704.1,684.8,10.704476851851851,13.154367085688062,14.063541666666667,18.034613206218093,7.524004629629629,10.748101851851851,2.5056172914022476,2.877216920064903,15.88611111111111,20.4291514026009,6.894181567014186,7.2436247821448045,8.209768964366695,9.520293475232023,6.017568296359696,5.0373432369008135,0.8616414980613823,1.7815917104123369,9.411445518400955,9.952104079329409,,,,,,,,,,,5.0,5.0,2.0,0.0,1302.0,1597.0,1572.0,1572.0,270.0,-25.0,-1.3166666666666629,3.8416666666666615,-3.5949999999999998,-10.109166666666669,0.35749999999999993,7.091666666666669,2.5741666666666667,-14.424999999999997,-92.29583333333346,2.4498902338362107,0.34944321513061816,,295.0,-295.0,5,2,avg,home_minus_away
MLS-MAT-0006BU,North Texas SC,Houston Dynamo 2,Choctaw Stadium,410,302,83.65853658536585,74.17218543046357,20,12,5,2,0,1,12,6,6,1,,,,,2,1,343,224,0,0,12,19,1,6,559,424,,9.48635115490228,6,5,,,108,8,3,-1,2025-05-18,MLS-STA-000010,56.875,64.125,65.33333333333333,71.08333333333333,47.125,56.208333333333336,8.154167731221184,5.836085660212097,70.8,99.6,42.225,49.99166666666666,47.125,57.875,32.166666666666664,46.208333333333336,5.915830339953229,4.643394352315028,58.2,72.6,11.870833333333334,12.810833333333331,19.60833333333333,22.5625,6.4625,8.183333333333334,5.142098003247311,6.105667904132647,17.04,24.16,13.903333333333332,14.5525,20.491666666666667,23.495833333333334,8.720833333333333,9.05,4.442031528166163,5.788260839117968,19.4,26.52,9.433333333333334,12.213333333333335,16.604166666666668,16.1125,5.616666666666667,7.0125,4.689041413231494,3.830444337076894,23.660000000000004,34.8,86.35833333333332,95.75,103.70833333333331,114.375,73.20833333333333,78.125,15.159756896687579,16.652181205142128,118.0,143.0,26.121666666666663,26.5425,27.23333333333333,29.22083333333333,25.2,24.729166666666668,0.8268203822139626,1.9038507214181588,32.260000000000005,32.339999999999996,75.95833333333334,68.075,81.79166666666667,84.29166666666667,67.16666666666667,53.083333333333336,5.425553607185581,12.398700648768717,91.6,85.0,1937.6200000000001,1752.3375,2079.2916666666665,2101.4791666666665,1747.2041666666669,1457.9625,148.77761839193073,279.17430858632514,2142.04,1972.3799999999999,27.788389993695297,27.907586335438815,29.81126612306105,30.1441279231866,26.40719204751927,25.268471987884187,1.3668532069882593,1.9286791812240311,35.8465287106934,35.40625959625915,22.654490642489677,21.817229904696582,24.01843357180313,23.19165221533204,21.60378558318453,19.224575578110528,0.998463643478461,1.5412568393161528,24.96534553744639,24.925426847438562,,,,,,,,,,,5.0,5.0,2.0,0.0,20.0,219.0,187.0,187.0,167.0,-32.0,7.25,7.766666666666659,0.9399999999999977,0.6491666666666678,2.780000000000001,9.39166666666668,0.42083333333333783,-7.88333333333334,-185.28250000000003,0.11919634174351756,-0.8372607377930947,,199.0,-199.0,5,2,avg,home_minus_away
MLS-MAT-0006BT,Timbers2,Tacoma Defiance,Providence Park,419,555,85.68019093078759,87.56756756756756,10,11,4,3,0,0,8,25,5,4,,,0.9203,1.7991,2,1,359,486,0,0,11,9,4,5,594,718,ASA,-1.887376636779976,-17,1,,-0.8787999999999999,-136,-1,1,0,2025-05-18,MLS-STA-00000P,42.09166666666666,44.775,50.41666666666666,52.25,35.875,32.25,5.905167816789327,7.839292945724689,47.8,49.6,28.325,30.425,30.875,34.541666666666664,26.416666666666668,28.125,1.7866693874357393,2.598477118108475,39.8,42.4,6.701666666666666,8.363333333333333,8.424999999999999,12.225,5.6125,5.6125,1.2622820218864634,2.496816375685022,12.440000000000001,14.2,9.192499999999999,11.618333333333334,12.108333333333334,17.041666666666668,7.5125,7.5125,2.008887371711572,3.594735492896368,16.04,19.22,7.939166666666667,9.63,16.150000000000002,16.150000000000002,2.75,4.233333333333333,5.377679887481425,4.30851305234442,25.259999999999998,27.6,64.05,60.475,77.70833333333333,73.79166666666667,45.66666666666666,45.66666666666666,12.660682522851781,10.45329393859499,80.6,81.6,11.565833333333334,11.9275,12.6375,12.6375,9.775,10.554166666666667,1.1147581638583721,0.8083258161162488,14.719999999999999,15.62,76.31666666666666,75.175,80.41666666666667,80.41666666666667,69.08333333333333,65.91666666666667,4.707835519405687,5.959382192065815,95.0,94.4,862.9358333333333,868.2241666666666,1001.1958333333332,1001.1958333333332,720.4458333333333,762.6041666666666,119.63166860693929,101.19606842968255,969.5599999999998,1000.86,10.770685185185185,11.138708333333334,12.056574074074073,12.056574074074073,8.75877314814815,9.632175925925926,1.3000982197639992,0.9278790105190786,13.756777777777776,14.647555555555556,9.019070393724443,9.220410277721665,10.478350618590673,10.478350618590673,7.188570013284426,7.977966298614073,1.37427905183424,1.0530071731199042,10.26947832799738,10.824409318582996,,,,,,,,,,,5.0,5.0,2.0,0.0,42.0,31.0,13.0,13.0,-29.0,-18.0,2.683333333333337,2.1000000000000014,1.661666666666667,2.425833333333335,1.6908333333333339,-3.5749999999999957,0.36166666666666636,-1.1416666666666657,5.2883333333332985,0.36802314814814885,0.2013398839972229,,-11.0,11.0,5,2,avg,home_minus_away
MLS-MAT-0006BS,Atlanta,Crown Legacy FC,Sportsplex at Matthews,503,391,89.66202783300199,84.65473145780051,13,11,3,2,0,0,21,11,10,5,,,2.8294,1.605,2,2,451,331,0,0,11,13,5,10,638,523,ASA,5.007296375201477,10,5,,1.2244000000000002,112,2,1,0,2025-05-19,MLS-STA-00001C,50.041666666666664,49.516666666666666,57.25,62.79166666666666,42.66666666666666,39.458333333333336,6.604265246372565,8.701632190444371,65.8,63.6,41.05,39.55,45.583333333333336,49.583333333333336,37.25,33.958333333333336,3.192248641457757,6.393994035203836,59.0,58.2,8.379999999999999,8.4375,11.866666666666667,12.304166666666667,3.208333333333333,4.741666666666666,3.222569066581644,2.7923848578669177,17.2,15.3,8.896666666666667,9.022499999999999,12.991666666666667,12.679166666666667,3.4458333333333333,5.670833333333333,3.4704336504567017,2.6305737782426437,17.94,15.98,7.135,6.095000000000001,12.029166666666669,8.183333333333334,3.945833333333333,4.5625,3.072901271147875,1.4147640409858695,23.14,14.560000000000002,89.7,87.95,94.0,97.79166666666669,80.625,81.75,5.268107002414519,6.795717094857124,120.8,120.4,23.78333333333333,22.770833333333332,25.84166666666667,24.370833333333334,20.716666666666665,21.08333333333333,1.9799143324621116,1.2974166372278266,28.8,27.939999999999998,70.10833333333333,79.23333333333333,84.29166666666667,84.125,53.125,77.375,11.72435884292944,2.7992124388437913,87.2,95.8,1619.5483333333334,1761.5766666666666,1827.95,1851.7833333333333,1246.3791666666666,1605.2291666666667,220.37649800571717,103.36473374556556,1777.2,1909.08,24.272869515480433,23.347190947702693,26.48987537282372,25.285489266425383,21.04483796296296,21.368739632175743,2.2024624641497015,1.5082316045766018,29.676007425441345,28.963221069068982,19.619658581155907,19.9462783476819,21.43493283717836,21.26202935275277,17.58878912312211,18.24680014500106,1.5856409828738114,1.1507988709262107,21.64955175585135,21.815593152184267,,,,,,,,,,,5.0,5.0,2.0,0.0,239.0,316.0,228.0,228.0,-11.0,-88.0,-0.5249999999999986,-1.5,0.057500000000000995,0.12583333333333258,-1.0399999999999991,-1.75,-1.0124999999999993,9.125,142.0283333333332,-0.9256785677777408,0.3266197665259938,,77.0,-77.0,5,2,avg,home_minus_away
MLS-MAT-0006BV,NYCFC II,Chicago Fire FC II,Belson Stadium,401,477,85.03740648379052,87.21174004192872,9,4,5,0,0,0,19,19,7,5,,,2.0057,1.5771,2,2,341,416,0,0,4,9,6,7,575,668,ASA,-2.1743335581382013,0,2,,0.4286000000000001,-76,5,5,0,2025-05-23,MLS-STA-00000Z,34.108333333333334,38.358333333333334,41.125,54.208333333333336,30.45833333333333,28.041666666666668,4.214578699124162,10.213459597239542,39.8,47.2,27.73333333333333,28.28333333333333,30.375,32.541666666666664,25.70833333333333,22.875,2.190493982846995,3.8848888157978343,36.8,43.2,6.0183333333333335,5.680833333333334,7.954166666666667,8.012500000000001,4.779166666666667,3.4416666666666664,1.230132388990894,2.154957543407501,10.14,12.780000000000001,6.405833333333334,6.049999999999999,8.924999999999999,8.924999999999999,5.266666666666667,3.6125,1.4892543342969395,2.3804013871380785,10.440000000000001,13.26,11.3025,11.36,16.425,16.425,5.804166666666667,5.704166666666667,4.8433217552626004,4.824417603020425,21.3,24.84,63.86666666666666,65.41666666666666,72.20833333333333,78.125,58.25,57.25,6.180685079791364,8.947037451953957,76.2,82.0,10.016666666666666,14.227500000000001,11.841666666666669,18.7625,7.591666666666666,10.283333333333331,1.550739071109859,3.4304113779869345,12.260000000000002,17.32,83.64166666666668,69.53333333333333,89.91666666666667,89.91666666666667,78.91666666666667,57.708333333333336,4.565647696536484,14.184957554865413,89.4,80.2,835.5541666666668,944.4466666666667,933.3291666666668,1113.7875,628.9375,825.3000000000001,130.94690041832482,104.6042456017759,982.7,1113.78,9.257865740740742,13.521398148148148,11.141990740740743,18.262060185185184,6.580138888888889,9.715046296296295,1.6940636302998784,3.457619315677157,11.635666666666669,16.726444444444446,8.300333238899242,10.712144051020772,9.583658612999711,13.848215196226777,5.908727684014289,9.187664405114292,1.5100872557939966,1.9714215700741577,10.119416696503702,12.613230234393686,,,,,,,,,,,5.0,5.0,2.0,0.0,265.0,27.0,51.0,51.0,-214.0,24.0,4.25,0.5500000000000007,-0.33749999999999947,-0.3558333333333348,0.05749999999999922,1.5499999999999972,4.210833333333335,-14.108333333333348,108.89249999999993,4.263532407407405,2.41181081212153,,-238.0,238.0,5,2,avg,home_minus_away
MLS-MAT-0006BW,Sporting KC II,LAFC 2,Swope Park,429,630,81.81818181818181,86.34920634920636,11,7,1,1,1,0,13,10,3,6,,,,,0,3,351,544,0,0,7,11,6,5,546,740,,-4.531024531024542,3,-3,,,-201,4,0,1,2025-05-23,MLS-STA-00005B,54.416666666666664,35.23333333333333,75.20833333333333,39.25,28.875,28.95833333333333,22.21329681869748,4.474134770482938,61.2,47.2,43.858333333333334,29.291666666666668,61.458333333333336,35.125,27.70833333333333,25.125,14.890765454916458,3.786970535049531,59.8,43.8,14.168333333333333,4.3116666666666665,24.541666666666668,7.570833333333333,2.2875,2.245833333333333,9.95103227825022,2.1955356376317625,19.72,8.36,18.246666666666666,4.573333333333333,32.69583333333333,7.970833333333334,2.5,2.470833333333333,13.628270313437106,2.241762699306062,25.54,9.040000000000001,26.145833333333332,6.835833333333333,53.69166666666666,9.366666666666667,7.583333333333333,5.120833333333334,19.570363612984927,1.7919830147074491,60.92,21.48,63.608333333333334,69.23333333333332,66.16666666666667,82.83333333333333,55.91666666666666,61.91666666666666,4.35188337262029,8.067886873965888,112.0,96.8,18.776666666666664,18.27166666666667,23.425,20.775,15.883333333333333,15.7625,3.206722539360778,2.25416551139835,25.34,23.36,57.875,65.3,71.45833333333333,86.625,44.29166666666666,55.125,9.695673075598666,12.810396168737329,82.0,85.8,987.7725,1172.9508333333333,1157.1916666666666,1747.3333333333333,910.6791666666668,902.85,102.43044301500402,343.0523135721755,1159.72,1501.24,18.096672658753004,17.858744706925094,22.51916541903242,20.74826388888889,15.092800925925928,14.958796296296295,3.152302466082967,2.631852274836645,24.444071425354682,22.971015276449343,13.16699311204269,13.99362096869938,15.075248507888134,18.68150569877871,11.14745843493334,11.03503479436619,1.7352930112634986,3.085852653992736,16.291728951293965,17.37726417373813,,,,,,,,,,,5.0,5.0,2.0,0.0,87.0,276.0,270.0,270.0,183.0,-6.0,-19.183333333333337,-14.566666666666666,-9.856666666666666,-13.673333333333332,-19.31,5.624999999999986,-0.5049999999999955,7.424999999999997,185.17833333333328,-0.23792795182790982,0.8266278566566907,,189.0,-189.0,5,2,avg,home_minus_away
MLS-MAT-0006BX,TFC II,Huntsville,York Lions Stadium,458,572,80.34934497816595,85.13986013986013,10,7,1,4,0,0,9,20,3,6,,,1.0627,2.0689,1,2,368,487,0,0,7,9,6,3,616,724,ASA,-4.790515161694188,-11,-3,,-1.0062000000000002,-114,3,-3,0,2025-05-23,MLS-STA-00001H,40.62499999999999,32.45833333333333,55.04166666666666,40.333333333333336,29.58333333333333,29.20833333333333,10.26899493350953,4.762137271109362,47.0,39.6,29.675,25.741666666666667,35.25,26.625,25.416666666666668,25.20833333333333,4.017366813114169,0.6231918288581426,41.8,36.0,8.27,5.306666666666667,12.370833333333332,6.7875000000000005,5.479166666666667,3.983333333333333,2.7642911488400697,1.0118679440080667,12.9,8.86,8.8925,5.4,13.708333333333334,6.833333333333333,5.491666666666667,4.133333333333334,3.4238876944848013,0.9764056818533753,14.040000000000001,9.0,6.704166666666666,11.052499999999998,14.416666666666666,14.416666666666666,2.3875,9.104166666666666,5.02567971494625,2.0963108302974116,14.88,22.2,62.725,58.86666666666666,73.70833333333333,67.70833333333333,49.54166666666666,49.54166666666666,9.961758476516309,7.193590414775895,83.2,73.6,17.36583333333333,9.426666666666666,24.441666666666663,11.75,7.675,8.420833333333333,8.738730043763669,1.4362633569633243,20.580000000000002,10.78,87.33333333333334,79.01666666666667,97.875,96.58333333333331,79.625,66.04166666666667,7.560749338230672,13.385788743207385,98.4,86.0,1458.4575,737.1524999999999,2013.95,888.8041666666667,709.3416666666667,568.4958333333333,666.2874702721542,130.10104865492482,1635.1200000000001,824.24,17.62795996543741,8.488101851851852,25.532271340731292,10.955208333333331,7.053680555555556,7.087500000000001,9.647709428572844,1.4895005004991515,21.623697892263113,9.908444444444445,15.709793474762119,7.286675805668293,21.688380449183352,9.165741634206762,6.815394280809136,5.286125042980758,7.861843949585181,1.4865293708422753,17.331294529926346,8.364374023553225,,,,,,,,,,,5.0,5.0,2.0,0.0,190.0,87.0,165.0,165.0,-25.0,78.0,-8.166666666666664,-3.9333333333333336,-2.963333333333333,-3.4924999999999997,4.348333333333333,-3.8583333333333414,-7.939166666666665,-8.316666666666677,-721.3050000000001,-9.139858113585557,-8.423117669093827,,-103.0,103.0,5,2,avg,home_minus_away
MLS-MAT-0006BZ,St Louis CITY2,Timbers2,Energizer Park,293,359,81.91126279863481,83.84401114206128,19,15,2,5,0,0,22,8,11,3,,,4.505,1.6812,6,3,240,301,0,0,14,18,5,12,423,497,ASA,-1.9327483434264678,14,8,,2.8238,-66,4,-3,0,2025-05-23,MLS-STA-00000U,39.041666666666664,39.483333333333334,52.0,44.708333333333336,31.95833333333333,33.75,8.906000240162685,4.030978134674289,46.4,56.4,27.266666666666662,32.891666666666666,28.70833333333333,40.04166666666666,25.08333333333333,26.5,1.4638585807530884,5.791861507513985,39.8,51.2,5.295,4.465000000000001,8.125,8.137500000000001,2.6,2.6,2.5358119042801435,2.269040959304173,12.26,10.6,6.645833333333334,4.703333333333333,10.941666666666668,8.408333333333333,2.708333333333333,2.708333333333333,3.754377075124744,2.322120379212834,14.5,10.959999999999999,5.4383333333333335,6.55,7.254166666666666,11.0875,4.204166666666667,4.204166666666667,1.1660727655015548,2.957750822932107,17.3,16.3,65.13333333333333,77.00833333333333,72.08333333333333,85.08333333333333,56.875,70.95833333333333,6.512767908756871,5.710492292457998,84.4,112.6,13.915000000000001,19.28,18.2125,21.825,11.3875,15.795833333333334,2.965357857362619,2.4814002543366964,17.9,23.919999999999998,63.80833333333334,64.95,72.70833333333333,74.70833333333333,53.875,53.875,8.553579091688915,9.915152195279484,81.4,84.0,841.2700000000001,1243.31,963.8041666666668,1606.0208333333333,721.6583333333333,852.7916666666666,88.5954097385193,347.773993221332,975.2199999999999,1473.48,13.028162037037038,18.98348136989006,17.496041666666667,22.00615740740741,10.312754629629628,14.886666666666668,3.061096227160508,2.9936936264138754,16.962333333333333,23.878692952800023,9.790753016716243,14.921832564635816,12.56567207701156,18.47872413928044,7.797111753161577,10.622100935440663,1.863861621933115,3.4500902699270886,11.661776144069922,17.31518037521159,,,,,,,,,,,5.0,5.0,2.0,0.0,31.0,152.0,142.0,142.0,111.0,-10.0,0.44166666666667,5.6250000000000036,-0.8299999999999992,-1.9425000000000008,1.1116666666666664,11.875,5.365,1.1416666666666657,402.03999999999985,5.955319332853023,5.1310795479195725,,121.0,-121.0,5,2,avg,home_minus_away
MLS-MAT-0006C0,Austin,MNUFC2,Parmer Field,397,373,83.37531486146096,84.71849865951742,12,19,3,5,0,0,8,11,4,5,,,2.3114,1.606,1,1,331,316,0,0,18,12,6,4,537,516,ASA,-1.343183798056458,-3,-1,,0.7053999999999998,24,-7,-2,0,2025-05-23,MLS-STA-000018,42.075,55.266666666666666,63.208333333333336,63.208333333333336,30.416666666666668,49.04166666666666,14.925288476646312,6.546879557808016,68.0,84.6,33.041666666666664,39.40833333333333,50.79166666666666,50.79166666666666,22.166666666666668,28.875,12.473722379466363,8.763848168597066,48.6,59.4,4.485,7.569166666666666,9.195833333333333,11.9125,2.4708333333333337,2.4708333333333337,2.678067426128193,3.4934718384597163,8.02,14.24,4.835,8.530000000000001,10.395833333333334,13.2125,2.620833333333333,2.620833333333333,3.1465846233125,3.9176200080888113,8.559999999999999,15.440000000000001,4.446666666666667,3.2383333333333333,5.8625,4.258333333333334,3.3541666666666665,2.3208333333333333,0.9164507321424562,0.8047245474211796,7.08,5.58,80.85,86.88333333333333,111.33333333333331,111.33333333333331,63.375,70.41666666666667,19.893588442287403,16.97039395044597,109.0,123.4,16.544999999999998,28.252499999999998,29.15833333333333,29.15833333333333,7.120833333333334,26.954166666666666,10.591840986632638,0.871807668646652,21.74,34.14,64.18333333333332,59.55,93.08333333333331,71.625,44.583333333333336,44.583333333333336,17.713616858852458,10.436705724934898,81.4,86.4,928.0066666666668,1622.2966666666666,1694.2875,1972.4166666666667,548.0791666666667,1143.6041666666667,490.233213648248,326.93930114841913,1170.7,2073.92,15.973450053682138,29.101997728216816,30.30150762928706,30.547891996656706,6.31898148148148,26.513613009493994,11.460710325720717,1.75687476506745,20.975347226746695,34.680667236294724,11.845957664766766,21.868741825713027,22.882475564106908,23.808890968371315,5.531997091532836,18.363022334629303,8.175440390300858,2.307412338651656,14.147198138612534,23.885870372341,,,,,,,,,,,5.0,5.0,2.0,0.0,257.0,164.0,157.0,157.0,-100.0,-7.0,13.191666666666663,6.366666666666667,3.0841666666666656,3.695000000000001,-1.208333333333334,6.033333333333331,11.7075,-4.633333333333326,694.2899999999998,13.128547674534678,10.02278416094626,,-93.0,93.0,5,2,avg,home_minus_away
MLS-MAT-0006C1,Chattanooga,New England Revolution II,Finley Stadium,282,462,77.65957446808511,86.36363636363636,11,7,2,2,0,0,7,26,3,6,,,0.7575,2.3069,1,0,219,399,0,0,7,10,6,3,407,593,ASA,-8.704061895551249,-19,-3,,-1.5494000000000003,-180,4,0,0,2025-05-24,MLS-STA-00002S,32.625,43.641666666666666,39.333333333333336,53.875,26.25,34.291666666666664,4.830638616626632,7.4496341259897525,40.4,51.6,26.975,32.775,33.208333333333336,34.25,20.0,30.375,5.973509228251011,1.6203458992861182,36.0,44.8,3.9225000000000003,6.7958333333333325,6.3125,10.95,2.504166666666667,3.154166666666667,1.4455319090217276,3.6119148411119055,7.56,12.18,4.455,7.331666666666666,8.158333333333333,12.120833333333332,2.5458333333333334,3.454166666666667,2.161587395745183,3.947871701590899,8.32,12.940000000000001,4.904166666666667,4.608333333333333,6.175,6.0375000000000005,3.4916666666666667,2.308333333333333,1.1642460006373223,1.5334720272418843,10.879999999999999,12.76,69.30833333333332,73.11666666666667,82.25,82.25,57.79166666666666,62.708333333333336,10.041692600243143,7.496781716917675,87.6,99.8,13.896666666666667,21.068333333333335,19.391666666666666,23.754166666666663,9.041666666666666,17.925,4.558791681709334,2.3738421885439456,17.419999999999998,25.580000000000002,69.225,76.45833333333333,75.875,90.95833333333331,63.583333333333336,66.70833333333333,4.762100814416539,10.448825359287465,84.4,94.6,928.5674999999999,1587.9033333333332,1261.625,2027.7458333333332,680.6791666666667,1153.9333333333332,260.812949389873,391.6917733907797,1082.2,1814.8799999999999,13.149430555555558,21.34017790268295,19.164120370370373,24.775642826553625,7.982569444444445,17.514884259259258,4.943409762393642,2.9861626411082542,16.679777777777776,26.283314675269345,10.40035051972949,17.997955788599146,15.260127465887445,21.469013095779065,6.613839211783454,13.799603086181866,3.8765710784031686,3.479934517854897,12.339321412010742,20.230102152024287,,,,,,,,,,,5.0,5.0,2.0,0.0,79.0,206.0,209.0,209.0,130.0,3.0,11.016666666666666,5.799999999999997,2.873333333333332,2.876666666666666,-0.2958333333333334,3.8083333333333513,7.171666666666669,7.233333333333334,659.3358333333333,8.190747347127392,7.597605268869657,,127.0,-127.0,5,2,avg,home_minus_away
MLS-MAT-00068W,Philadelphia Union II,Inter Miami CF II,Subaru Park,383,356,83.28981723237598,80.89887640449439,14,13,1,4,0,1,23,3,6,1,,,1.8732,0.4532,0,1,319,288,0,0,10,13,1,7,556,529,ASA,2.390940827881593,20,5,,1.42,27,1,-3,-1,2025-05-25,MLS-STA-000002,46.55,36.825,55.79166666666666,52.25,37.04166666666666,29.0,7.4724261640900655,9.180217257172561,53.6,43.4,33.28333333333334,28.56666666666667,44.625,33.208333333333336,27.666666666666668,24.541666666666668,6.711205389330428,3.82920973860433,44.0,42.4,9.458333333333332,6.6291666666666655,12.204166666666666,9.825,7.7625,3.7,1.7408515835966916,2.8551184544408805,12.76,12.14,11.780000000000001,7.022499999999999,14.816666666666668,9.966666666666669,9.445833333333333,3.758333333333333,2.1609005806479034,2.791317764266747,15.819999999999999,12.48,7.777499999999999,9.894166666666667,11.625,11.625,5.433333333333334,7.649999999999999,2.4902581024196406,1.586098462685509,14.26,26.360000000000003,69.7,61.325,86.95833333333333,66.125,56.25,56.25,11.171112299140136,4.557826754301025,98.4,79.2,22.619166666666665,13.609166666666667,28.40416666666667,15.166666666666666,14.1625,11.766666666666666,7.643510432786176,1.3829862767456034,26.439999999999998,17.0,70.21666666666667,73.19166666666668,74.29166666666667,95.54166666666669,58.25,55.5,6.745651891733255,17.11771438695405,88.0,86.4,1588.0141666666666,959.29,2076.6916666666666,1122.9041666666667,803.2041666666668,803.2041666666668,639.7411120982304,141.17807474934114,1777.78,1116.8,23.962095651841754,12.936754629629629,31.45747876206553,14.188055555555556,13.155277777777778,11.493587962962962,9.628457719123373,1.1083493185662663,28.40985348290136,16.379666666666665,18.726485078673356,10.56650017725354,24.57925804512226,11.241779673763627,9.490265433519994,9.490265433519994,7.735700335100451,0.7436942899438126,20.417754158567014,12.67470055423588,,,,,,,,,,,5.0,5.0,2.0,0.0,6.0,10.0,8.0,8.0,2.0,-2.0,-9.724999999999994,-4.716666666666669,-2.8291666666666666,-4.757500000000002,2.116666666666668,-8.375,-9.009999999999998,2.9750000000000085,-628.7241666666666,-11.025341022212125,-8.159984901419817,,4.0,-4.0,5,2,avg,home_minus_away
MLS-MAT-0006C3,Columbus Crew 2,RBNY II,Historic Crew Stadium,403,348,77.1712158808933,77.29885057471265,12,15,3,1,0,0,3,18,1,7,,,0.3327,2.3612,0,1,311,269,0,0,15,12,8,1,526,478,ASA,-0.12763469381934556,-15,-6,,-2.0285,55,-3,2,0,2025-05-25,MLS-STA-000012,36.61666666666667,35.725,47.208333333333336,47.208333333333336,28.041666666666668,31.75,7.684106071047633,6.595097611104781,43.6,42.4,26.975,25.291666666666664,30.375,26.70833333333333,22.875,23.916666666666668,3.1697627408582703,1.2733922324946754,42.4,38.6,5.2941666666666665,5.648333333333333,7.954166666666667,7.7375,2.3666666666666667,2.3666666666666667,2.265595258425476,2.131936391588121,11.02,11.84,5.652499999999999,5.814166666666666,8.924999999999999,7.899999999999999,2.4166666666666665,2.4166666666666665,2.5672983530032756,2.202603809509705,11.34,12.219999999999999,10.773333333333333,5.735833333333334,16.425,7.0875,4.5375000000000005,4.5375000000000005,5.429370199561723,0.9568902177830477,26.18,11.0,61.45,63.758333333333326,69.33333333333333,69.33333333333333,57.25,58.0,4.823481338434118,5.048583409674882,80.4,87.4,12.069166666666666,13.098333333333334,13.966666666666669,16.425,10.320833333333333,11.520833333333334,1.3469377563363667,1.9570975710929126,15.76,17.080000000000002,71.16666666666666,72.89166666666668,91.08333333333331,84.41666666666667,59.833333333333336,59.833333333333336,14.05924345008965,10.681573242947143,83.2,88.4,825.0383333333333,944.6550000000001,962.4958333333334,1373.9166666666667,665.0958333333333,665.0958333333333,128.42532503122192,284.02777900808206,973.86,1160.3,11.18987962962963,12.36700462962963,12.995347222222222,16.32726851851852,9.78675925925926,10.290787037037036,1.2449752980460176,2.360005726214888,14.937333333333333,16.27,8.914303109458018,10.12359056342962,9.869169588880371,14.574381365931483,7.288356548152088,7.288356548152088,1.0400067853130468,2.8224417884794324,11.060415704793707,12.668878976559629,,,,,,,,,,,5.0,5.0,2.0,0.0,4.0,231.0,227.0,227.0,223.0,-4.0,-0.8916666666666657,-1.6833333333333371,0.35416666666666696,0.16166666666666707,-5.0375,2.308333333333323,1.0291666666666686,1.7250000000000227,119.61666666666679,1.1771250000000002,1.2092874539716014,,227.0,-227.0,5,2,avg,home_minus_away
MLS-MAT-0006BY,Atlanta,Orlando City B,Osceola Heritage Park,326,407,80.06134969325153,84.02948402948402,24,19,2,3,0,0,23,12,7,1,,,2.0603,0.7739,3,0,261,342,0,0,19,24,1,8,460,556,ASA,-3.9681343362324952,11,6,,1.2863999999999998,-81,5,-1,0,2025-05-25,MLS-STA-000017,59.29166666666667,56.21666666666666,69.875,61.75,50.5,49.66666666666666,7.27372793384215,5.364686487681377,85.8,83.0,42.94166666666667,43.18333333333332,53.833333333333336,50.91666666666666,32.416666666666664,36.91666666666666,7.612501140302781,5.378196723809945,66.2,62.6,10.319166666666666,7.010833333333333,17.158333333333335,11.125,6.825,2.4625,3.987315608763482,3.4549388461383153,16.94,15.819999999999999,11.595833333333333,7.905833333333334,19.008333333333333,12.733333333333334,8.033333333333333,2.708333333333333,4.285225749271818,3.9011056125155084,18.86,17.52,6.6708333333333325,6.168333333333333,7.375,8.4375,5.754166666666666,3.4791666666666665,0.6710856150878053,2.190524892703928,13.440000000000001,15.12,87.39166666666668,93.5,99.33333333333331,108.79166666666669,67.91666666666667,70.41666666666667,12.044679553875872,14.776664927814025,134.8,127.6,27.758333333333333,21.81416666666667,28.854166666666668,24.704166666666666,27.15833333333333,19.4125,0.6726876545288755,2.0616888135431313,32.96,26.560000000000002,70.84166666666667,66.325,80.125,72.625,64.33333333333333,58.625,5.739679748131527,6.403558038743427,94.8,86.4,1910.7375,1412.7858333333334,2128.8125,1722.2041666666669,1708.1416666666669,1207.2083333333333,156.3012524830744,216.46450746327784,2314.3599999999997,1679.8,29.37936587693452,21.818051756957857,31.26732717427252,25.28016619219669,27.830346721880563,19.305625,1.242334500439929,2.375790796879395,34.97709236039871,26.536280155015106,23.340972313839863,17.322308735111296,24.3580655719538,20.69731331629004,21.92820226126028,15.42790549841568,0.9980541377312131,2.2429358643269417,24.578435600374686,19.546606582371698,,,,,,,,,,,5.0,5.0,2.0,0.0,39.0,316.0,23.0,23.0,-16.0,-293.0,-3.07500000000001,0.24166666666665293,-3.3083333333333327,-3.6899999999999995,-0.5024999999999995,6.10833333333332,-5.944166666666664,-4.516666666666666,-497.9516666666666,-7.5613141199766645,-6.018663578728567,,277.0,-277.0,5,2,avg,home_minus_away
MLS-MAT-0006C4,Crown Legacy FC,FC Cincinnati 2,Mecklenburg County Sportsplex,391,469,80.56265984654732,83.7953091684435,12,21,1,2,0,0,7,11,4,5,,,1.9413,0.8721,2,0,315,393,0,0,20,12,5,4,557,630,ASA,-3.232649321896176,-4,-1,,1.0692,-78,-9,-1,0,2025-05-25,MLS-STA-000039,43.666666666666664,52.2,53.708333333333336,56.583333333333336,33.166666666666664,47.91666666666666,8.543140116816279,3.3073728664572735,60.2,76.8,34.56666666666667,44.35,45.5,45.5,25.95833333333333,43.125,9.36080406684051,1.0915553378347622,49.8,63.8,6.6175,5.828333333333333,11.15,9.0375,4.166666666666667,2.254166666666667,2.916810115520035,2.931221718650585,15.680000000000001,11.780000000000001,6.8225,6.175833333333334,11.366666666666667,9.558333333333334,4.354166666666667,2.475,2.9380312758338323,3.0924729406882268,16.240000000000002,12.36,5.7924999999999995,4.916666666666666,8.191666666666666,8.612499999999999,3.25,3.233333333333333,1.7590623488728936,2.3423653317154054,12.940000000000001,12.62,76.7,98.225,100.95833333333331,100.95833333333331,55.66666666666666,93.58333333333331,21.80443778097579,2.7892713604492223,100.2,127.4,17.530833333333334,21.895,20.175,24.92083333333333,13.233333333333334,19.48333333333333,2.7468330881014387,2.3088285419474337,21.04,27.360000000000003,63.04166666666667,52.8,81.54166666666667,73.0,41.125,42.458333333333336,20.19273452947316,14.131955023201066,83.4,81.8,1055.115,1116.0958333333333,1403.6083333333331,1625.3208333333332,752.4250000000001,773.0916666666667,311.16523697448724,408.7557576365643,1384.22,1493.7800000000002,16.985560185185186,21.520090347258453,19.324050925925928,25.02666627375465,12.521597222222224,18.604560185185186,2.676464226141487,2.830413068010776,20.690555555555555,26.922241884943578,12.864264446088317,15.389524859592797,14.928778476785448,19.409497703257635,10.299386329785328,11.875501714918755,2.0251676731848978,3.7550088256116316,15.69638641363639,17.529764103978984,,,,,,,,,,,5.0,5.0,2.0,0.0,160.0,239.0,228.0,228.0,68.0,-11.0,8.533333333333339,9.783333333333331,-0.7891666666666666,-0.6466666666666656,-0.8758333333333335,21.52499999999999,4.364166666666666,-10.241666666666674,60.980833333333294,4.534530162073267,2.52526041350448,,79.0,-79.0,5,2,avg,home_minus_away
MLS-MAT-0006C5,Colorado Rapids 2,Town FC,DICK'S Sporting Goods Park,384,425,79.6875,80.94117647058823,23,14,2,1,0,0,11,9,2,6,,,,,0,3,306,344,0,0,12,23,6,2,499,553,,-1.253676470588232,2,-4,,,-41,9,1,0,2025-05-25,MLS-STA-00000J,40.09166666666666,53.366666666666674,54.458333333333336,57.083333333333336,27.83333333333333,50.833333333333336,12.30068172230033,2.361878960112527,58.0,89.0,31.016666666666662,44.44166666666666,44.833333333333336,46.125,23.33333333333333,41.25,9.42355942424211,1.927640685167001,46.4,68.6,6.385833333333333,7.548333333333334,10.858333333333334,12.283333333333331,3.5541666666666667,5.558333333333334,2.9019757996349087,2.691099979046156,9.26,11.34,9.105,11.04,14.083333333333334,14.8875,4.441666666666666,7.7625,4.3709280653858595,3.029203346866411,12.78,17.44,6.592499999999999,8.773333333333333,8.112499999999999,10.470833333333331,4.008333333333334,7.033333333333334,1.9243536974209747,1.3780225617004802,14.219999999999999,21.64,75.30833333333334,94.39166666666668,99.79166666666669,103.375,61.875,87.16666666666667,15.96386979679079,5.84066503538386,105.6,136.8,17.245833333333334,15.24,18.7625,18.3125,15.2875,12.620833333333332,1.5059719083996523,2.0573517396292638,24.32,23.0,60.158333333333324,48.6,78.29166666666667,76.125,46.91666666666666,36.083333333333336,11.471409205789268,15.909618858483764,85.8,79.2,942.5866666666667,643.0833333333333,1173.5791666666669,1109.1333333333334,764.2916666666666,378.8833333333334,149.3476257867028,301.65894184688216,1112.3600000000001,838.76,16.59165708941413,14.088555555555555,17.89377155818176,17.436319444444443,14.916087962962962,11.003587962962962,1.4003333984954132,2.3458411782902107,23.645253574589784,22.00311111111111,12.090289033772384,8.844256959015569,12.831039724869866,12.188879438816798,11.188120146246767,5.61841066608904,0.7325825671394554,2.852506668662384,14.724627544142319,11.991110138667828,,,,,,,,,,,5.0,5.0,2.0,0.0,17.0,1597.0,1572.0,1572.0,1555.0,-25.0,13.275000000000013,13.425,1.1625000000000005,1.9349999999999987,2.180833333333334,19.083333333333343,-2.0058333333333334,-11.558333333333323,-299.50333333333344,-2.503101533858576,-3.2460320747568154,,1580.0,-1580.0,5,2,avg,home_minus_away
MLS-MAT-0006C2,Tacoma Defiance,North Texas SC,Starfire Sports Complex,441,402,81.859410430839,83.08457711442786,8,13,2,3,0,1,11,13,3,5,,,1.6215,1.656,2,3,361,334,0,0,13,7,5,3,624,577,ASA,-1.2251666835888528,-2,-2,,-0.034499999999999975,39,-5,-1,-1,2025-05-25,MLS-STA-00001D,55.1,41.291666666666664,60.875,50.41666666666666,48.29166666666666,30.666666666666668,4.656853521662696,9.157950401457494,72.4,47.2,44.358333333333334,30.95,57.083333333333336,37.875,35.625,24.45833333333333,8.888370210561664,6.204445091133362,66.0,39.6,10.096666666666668,7.196666666666667,12.545833333333334,11.295833333333334,8.237499999999999,2.6750000000000003,1.560260617475313,3.3102998458514974,17.740000000000002,12.2,11.091666666666665,8.744166666666667,14.158333333333331,13.804166666666667,9.9625,3.5375,1.7319580882470687,3.7666546828717924,19.080000000000002,13.459999999999999,22.044166666666666,9.911666666666665,35.3125,17.079166666666666,10.308333333333332,3.6791666666666663,10.344658864065499,5.807646121469715,60.5,23.66,66.75,65.24166666666667,93.66666666666669,68.58333333333333,48.708333333333336,57.708333333333336,17.609651512420374,4.322241413125063,119.8,96.0,19.83083333333333,12.9,24.125,15.975,12.75,10.804166666666667,5.231634211962622,2.0276581490587717,25.46,18.080000000000002,65.16666666666666,69.05,70.66666666666667,79.41666666666667,57.41666666666666,62.25,5.669499904459539,6.758443792767679,90.0,90.4,1220.3691666666666,828.3841666666667,1675.5916666666665,965.5666666666666,814.6999999999999,766.9541666666668,340.63813315150793,81.32723697481875,1616.22,983.0799999999999,19.66471531380395,12.048527777777776,25.122061840332798,15.34159722222222,11.887662037037035,10.013796296296295,5.813661659126716,2.1041884300533833,25.35643564786132,17.17077777777778,15.20814006000182,9.367627507183617,20.10878029919256,11.725173894847249,9.244040137060445,8.309514383442357,4.551132826879601,1.3613861560782416,18.402478181875047,11.582763840904652,,,,,,,,,,,5.0,5.0,2.0,0.0,219.0,42.0,45.0,45.0,-174.0,3.0,-13.808333333333337,-13.408333333333335,-2.9000000000000004,-2.3474999999999984,-12.1325,-1.5083333333333258,-6.9308333333333305,3.88333333333334,-391.9849999999999,-7.616187536026173,-5.840512552818204,,-177.0,177.0,5,2,avg,home_minus_away
MLS-MAT-0006C6,Real Monarchs,Timbers2,Zions Bank Stadium,372,375,86.82795698924731,81.33333333333333,14,11,5,2,0,0,19,5,10,2,,,2.9404,0.6383,4,1,323,305,0,0,11,13,2,10,489,473,ASA,5.494623655913983,14,8,,2.3021,-3,3,3,0,2025-05-28,MLS-STA-00001I,54.30833333333334,63.975,71.0,67.29166666666667,34.208333333333336,58.29166666666666,15.927913783669222,3.773721269810776,69.6,99.2,39.575,50.65833333333333,55.833333333333336,54.333333333333336,27.83333333333333,46.25,13.524489105158668,3.240156031908203,55.0,72.2,9.628333333333334,10.555,14.941666666666668,12.766666666666666,6.391666666666667,8.770833333333334,3.867709764116803,1.5170140398896181,13.88,15.4,17.121666666666666,22.858333333333334,29.075,25.52916666666667,8.520833333333334,19.604166666666668,10.098929226793196,2.155445703458,23.82,34.64,11.111666666666668,15.190000000000001,15.904166666666669,17.912499999999998,8.049999999999999,12.770833333333334,3.3671853973311308,1.9491442210479055,23.8,34.92,76.175,86.91666666666666,97.20833333333331,92.83333333333331,57.66666666666666,81.66666666666667,18.079286221468422,4.3272192443749375,119.0,144.0,16.994999999999997,18.41833333333333,20.691666666666663,19.95833333333333,14.033333333333331,17.529166666666665,2.9924781281109167,1.0780504201257624,23.44,25.04,55.108333333333334,56.05833333333332,67.58333333333333,60.29166666666666,41.25,52.79166666666666,12.099113259518926,3.105997782069753,85.8,94.4,808.49,882.2633333333333,922.2791666666668,933.7166666666668,676.6458333333334,812.1791666666667,109.8160700504232,55.04446911235597,1042.16,1184.6200000000001,16.183483389205925,17.776014640140296,19.865912316400003,19.436184311812596,13.116550925925926,16.742199074074076,2.9869021431433938,1.1477705509972596,22.594629427747556,24.259444444444444,11.036515589371596,12.337967824934605,12.102303788161455,13.334559443387946,9.71854134424582,11.525414161491751,0.9968637712239784,0.653446319620546,13.37858267421906,14.577112737166939,,,,,,,,,,,5.0,5.0,2.0,0.0,31.0,1302.0,1509.0,1509.0,1478.0,207.0,9.666666666666664,11.083333333333329,0.9266666666666659,5.736666666666668,4.078333333333333,10.74166666666666,1.423333333333332,0.9499999999999886,73.77333333333331,1.5925312509343712,1.3014522355630085,,1271.0,-1271.0,5,2,avg,home_minus_away
MLS-MAT-0006C7,MNUFC2,Whitecaps FC 2,National Sports Center Stadium,462,335,88.31168831168831,81.49253731343283,20,10,4,2,0,0,23,11,7,6,,,3.3536,2.374,2,3,408,273,0,0,9,20,7,9,641,490,ASA,6.8191509982554805,12,1,,0.9796,127,10,2,0,2025-05-28,MLS-STA-000015,61.3,51.391666666666666,65.375,60.54166666666666,57.54166666666666,37.375,3.7866725352067223,9.533320585655813,65.6,55.8,41.21666666666666,38.2,45.708333333333336,47.333333333333336,38.16666666666666,31.25,3.257123603222126,5.859865257267725,55.8,58.2,14.732499999999998,11.404166666666667,19.758333333333333,16.087500000000002,10.675,7.725,3.363476211038547,3.0824280765692214,23.8,22.84,17.025,11.990833333333333,23.041666666666668,16.708333333333332,11.583333333333334,8.316666666666666,4.0748583393918265,3.081447058156641,26.839999999999996,23.7,21.936666666666667,18.351666666666667,28.675,24.8,16.491666666666667,10.408333333333331,4.423118714964212,5.18661856634723,52.36,57.839999999999996,60.233333333333334,57.3,63.25,65.125,58.833333333333336,50.958333333333336,1.9251623308178458,5.33596940062857,106.4,108.0,14.494166666666667,14.2025,15.879166666666668,15.804166666666667,12.245833333333332,12.3,1.3443703348490792,1.3821078909485403,18.64,19.18,67.475,58.25,72.79166666666667,67.5,56.04166666666666,54.625,6.5937154422475155,5.432908342274474,87.0,84.0,932.9875,769.6850000000001,1023.8833333333332,996.725,814.5124999999999,631.15,90.0756614351852,139.5931289659842,1069.8,897.8799999999999,13.760986111111112,13.199277777777777,14.985949074074073,14.884953703703705,11.42664351851852,11.021666666666668,1.3573112536841245,1.5576524844019266,17.886000000000003,18.124888888888886,10.719786246799547,9.374168140545997,11.42859038252559,11.263706388374883,9.287322941450508,7.406676474523585,0.8732299759659777,1.499961312152089,12.61849233369729,11.41847560669882,,,,,,,,,,,5.0,5.0,2.0,0.0,37.0,257.0,275.0,275.0,238.0,18.0,-9.908333333333331,-3.0166666666666586,-3.3283333333333314,-5.034166666666666,-3.585000000000001,-2.933333333333337,-0.2916666666666661,-9.224999999999994,-163.3024999999999,-0.5617083333333355,-1.34561810625355,,220.0,-220.0,5,2,avg,home_minus_away
MLS-MAT-0006C8,RBNY II,Atlanta,MSU Soccer Park,425,375,84.0,80.0,15,14,2,1,0,0,6,8,3,2,,,1.0392,1.1403,1,0,357,300,0,0,12,15,3,3,592,523,ASA,4.0,-2,1,,-0.10110000000000019,50,1,1,0,2025-05-30,MLS-STA-000014,60.11666666666666,54.625,78.04166666666667,73.54166666666667,49.91666666666666,36.16666666666666,11.458462120488365,13.489740185703278,76.6,62.6,40.41666666666667,40.6,52.958333333333336,50.04166666666666,31.291666666666668,28.0,10.119211308199866,8.355210865747859,57.6,60.4,11.068333333333332,13.241666666666665,15.941666666666668,21.104166666666668,7.399999999999999,7.5375,3.1382781792816843,4.964865270355056,19.8,32.38,12.068333333333332,13.865833333333333,17.579166666666666,21.745833333333334,7.5375,7.774999999999999,3.6392769619191605,5.043613088462587,20.919999999999998,33.2,12.301666666666666,27.958333333333336,21.866666666666664,42.44583333333333,7.179166666666667,10.875,6.708360248393209,12.091645847673325,25.7,60.2,81.49166666666667,53.791666666666664,112.29166666666669,60.708333333333336,58.75,47.66666666666666,22.254747464804502,5.9265615616851965,115.2,89.8,18.304166666666667,15.700833333333332,21.3625,16.95,13.958333333333334,14.379166666666668,3.044914076966887,1.2347521399949946,21.74,20.22,85.8,72.34166666666667,98.04166666666669,85.66666666666667,75.20833333333333,64.5,8.857592474507085,8.27439574833112,97.6,93.2,1560.3433333333335,1090.6491666666666,1874.341666666667,1399.8625,1037.1416666666669,923.2833333333332,339.5824217600239,190.24335330227558,1698.3799999999999,1241.94,18.43047222222222,15.21539351851852,21.64645833333333,16.63949074074074,13.373495370370373,13.61011574074074,3.4439445390606758,1.4550674856941788,21.860000000000003,19.644888888888893,16.569626007992873,12.3929669649777,19.68939723868528,14.926675627366537,11.181853473817007,10.559993143117984,3.457096670450545,1.747623081273012,18.43021088488198,14.288773992082445,,,,,,,,,,,5.0,5.0,2.0,0.0,316.0,4.0,5.0,5.0,-311.0,1.0,-5.49166666666666,0.18333333333333002,2.173333333333334,1.7975000000000012,15.65666666666667,-27.70000000000001,-2.6033333333333353,-13.458333333333329,-469.6941666666669,-3.2150787037037016,-4.176659043015173,,-312.0,312.0,5,2,avg,home_minus_away
MLS-MAT-0006C9,TFC II,Crown Legacy FC,York Lions Stadium,318,511,79.24528301886792,87.67123287671232,5,7,2,2,0,0,19,11,9,3,,,2.8954,0.6434,1,0,252,448,0,0,7,5,3,11,481,694,ASA,-8.425949857844401,8,6,,2.252,-193,-2,0,0,2025-05-30,MLS-STA-00001H,58.88333333333334,59.05,73.79166666666667,83.625,45.25,31.25,10.738543637032189,20.380929607519544,82.2,68.8,40.08333333333333,39.21666666666666,53.833333333333336,53.91666666666666,29.08333333333333,29.166666666666668,9.75191398592548,9.290330621434066,54.2,56.4,10.805,16.505000000000003,14.6,27.454166666666666,3.6,7.8875,4.412850552647347,7.459884266118938,18.84,31.7,11.165833333333333,16.71333333333333,14.670833333333334,27.566666666666663,3.675,8.158333333333333,4.498407704399414,7.408471244498121,19.4,31.96,11.518333333333334,25.988333333333333,18.804166666666667,47.09583333333333,5.004166666666666,16.491666666666667,6.702927816965094,12.827455160817275,25.04,54.42,82.80833333333334,57.11666666666666,103.04166666666669,67.25,66.79166666666667,46.16666666666666,17.632007078353592,9.640022547806742,113.0,92.8,15.468333333333334,12.129999999999999,19.666666666666668,13.016666666666666,11.391666666666666,10.916666666666666,3.4784862109033083,0.9206230906293852,18.32,14.26,82.975,81.53333333333333,89.45833333333333,89.04166666666667,65.33333333333333,77.16666666666667,10.029323326570385,5.454626603983896,94.8,89.4,1255.6858333333334,981.5991666666666,1624.7041666666669,1148.4791666666667,953.0291666666668,849.1708333333332,246.582246544158,107.01543353939653,1400.98,1109.1399999999999,15.237291666666668,11.52748148148148,19.39481481481481,12.69886574074074,10.793865740740742,10.100555555555555,3.683060192114722,1.0478103037094004,18.061444444444444,13.590222222222224,13.440478388316311,10.117927108968221,17.002767792070074,11.767755710916049,9.70833024887593,8.60345045225174,2.862639885199884,1.131558273351996,14.945696678879107,11.522923756548945,,,,,,,,,,,5.0,5.0,2.0,0.0,239.0,87.0,165.0,165.0,-74.0,78.0,0.1666666666666572,-0.8666666666666671,5.700000000000003,5.547499999999998,14.469999999999999,-25.691666666666677,-3.3383333333333347,-1.4416666666666629,-274.0866666666668,-3.7098101851851872,-3.3225512793480902,,-152.0,152.0,5,2,avg,home_minus_away
MLS-MAT-0006CA,Austin,Houston Dynamo 2,Parmer Field,360,290,81.11111111111111,77.24137931034483,9,18,2,3,0,0,18,12,8,1,,,,,1,0,292,224,0,0,18,9,1,8,518,434,,3.8697318007662886,6,7,,,70,-9,-1,0,2025-05-30,MLS-STA-000018,54.325,50.94166666666666,58.333333333333336,53.833333333333336,51.79166666666666,45.458333333333336,2.426774837332695,3.194314610888123,63.8,61.8,37.55,34.46666666666666,46.125,39.41666666666666,32.958333333333336,29.08333333333333,5.378422682864889,4.680541130871278,54.0,53.4,10.91,9.620000000000001,13.620833333333332,10.058333333333334,9.1375,9.1375,1.6975181025053405,0.3934952879853415,14.419999999999998,14.9,13.125,10.86,15.7875,11.404166666666669,9.770833333333334,9.770833333333334,2.7889212246354718,0.6823455767506005,17.339999999999996,17.04,7.296666666666667,4.79,11.720833333333331,7.108333333333333,5.645833333333333,2.308333333333333,2.5344354099527213,1.8430438855027,17.419999999999998,8.940000000000001,78.11666666666666,75.8,88.79166666666667,83.66666666666667,71.20833333333333,68.25,7.729947175326194,7.579176974521118,116.0,110.8,26.630000000000003,27.239166666666666,28.058333333333334,29.98333333333333,25.3,25.3,0.9966323503010871,1.7586235937358652,30.98,32.64,77.925,70.69166666666666,82.75,76.58333333333333,70.95833333333333,63.708333333333336,4.485063947271116,4.82439907023547,94.0,91.0,2041.3583333333336,1869.0616666666665,2223.1375000000003,1990.5666666666664,1792.4375,1789.3083333333334,181.8801522275193,88.06137544625399,2277.6400000000003,2165.6400000000003,28.572539226828617,28.728613866037733,31.246369205669957,32.1818968941718,26.30817032034918,26.30817032034918,1.8452138383109287,2.2459313587626375,34.63051173047824,34.770782048905815,23.461620565262884,22.85843792214022,25.18881530137395,24.211085431457946,21.970952131861345,21.970952131861345,1.4036401437911148,1.014277349416468,24.764096032532652,24.11938883838383,,,,,,,,,,,5.0,5.0,2.0,0.0,20.0,164.0,157.0,157.0,137.0,-7.0,-3.38333333333334,-3.0833333333333357,-1.2899999999999991,-2.2650000000000006,-2.506666666666667,-2.316666666666663,0.6091666666666633,-7.233333333333334,-172.29666666666708,0.15607463920911613,-0.6031826431226648,,144.0,-144.0,5,2,avg,home_minus_away
MLS-MAT-0006CC,NYCFC II,New England Revolution II,Belson Stadium,420,325,85.23809523809524,75.07692307692308,11,13,1,1,0,0,7,9,4,3,,,0.1122,0.4618,0,1,358,244,0,0,12,10,3,4,592,480,ASA,10.16117216117216,-2,1,,-0.3496,95,-2,0,0,2025-05-31,MLS-STA-00000Z,56.05,61.09166666666666,68.5,73.54166666666667,51.91666666666666,51.958333333333336,7.002628474762573,9.625604237887845,64.4,68.4,41.65833333333333,45.3,51.5,51.5,34.958333333333336,38.333333333333336,6.437021287486593,5.675345682080618,60.6,65.0,12.551666666666666,16.019166666666667,21.425,21.425,9.575,11.775,5.047611508866788,4.8594352666859475,21.46,33.08,13.168333333333333,16.656666666666666,21.729166666666668,21.745833333333334,10.254166666666666,12.691666666666668,4.903529057956344,4.678197807085783,21.880000000000003,33.72,18.017500000000002,32.556666666666665,33.86666666666667,42.44583333333333,8.570833333333333,22.84583333333333,12.034220376469946,7.45279100404674,34.72,67.1,75.35,56.2,92.41666666666669,72.75,57.875,47.66666666666666,12.333635976016522,10.284385075875411,115.2,99.4,16.482499999999998,16.345833333333335,18.579166666666666,18.579166666666666,13.983333333333334,14.454166666666666,1.640400844475384,1.511940323447546,21.619999999999997,20.86,76.45,76.48333333333332,86.5,86.5,67.41666666666667,66.95833333333333,8.96004828546017,8.994288311046192,93.2,95.8,1216.4691666666668,1214.1158333333333,1581.4541666666669,1581.4541666666669,940.4291666666668,976.8083333333334,259.5286390613868,259.9903863640658,1420.7,1378.6,16.182499999999997,16.033037037037037,18.75125,18.75125,13.296550925925926,13.81664351851852,1.9343816834223948,1.835736857881721,21.273666666666664,20.432444444444446,13.60310056647682,13.504730899651396,16.883763499974602,16.883763499974602,10.63711420557202,11.19030734538971,2.330253549527517,2.3356184198737635,16.17390749913432,15.519936708664337,,,,,,,,,,,5.0,5.0,2.0,0.0,79.0,27.0,51.0,51.0,-28.0,24.0,5.041666666666664,3.6416666666666657,3.467500000000001,3.4883333333333333,14.539166666666663,-19.14999999999999,-0.13666666666666316,0.03333333333331723,-2.3533333333334667,-0.1494629629629607,-0.09836966682542503,,-52.0,52.0,5,2,avg,home_minus_away
MLS-MAT-0006CB,Tacoma Defiance,MNUFC2,Starfire Sports Complex,443,322,88.26185101580135,85.40372670807453,10,17,1,1,0,0,11,11,4,8,,,1.2018,1.3667,1,1,391,275,0,0,16,10,8,4,614,479,ASA,2.8581243077268255,0,-4,,-0.16490000000000005,121,-7,0,0,2025-05-31,MLS-STA-00001D,47.85,36.2,58.333333333333336,42.04166666666666,28.95833333333333,29.375,13.176637838319087,5.349779330859252,54.4,46.4,36.175,31.7,41.79166666666666,42.0,24.58333333333333,23.20833333333333,6.785490545601286,7.270290094319178,52.4,47.0,10.2125,6.2075,15.695833333333333,8.870833333333334,4.033333333333333,4.066666666666666,4.360108585230418,1.910807166560189,18.18,9.66,11.213333333333335,7.777499999999999,17.166666666666668,10.083333333333334,5.125,5.370833333333334,4.394677375656957,2.005051346668653,19.36,12.72,15.77,9.815000000000001,19.6875,16.754166666666666,8.904166666666667,5.379166666666666,4.529178549509098,4.720404511268075,43.06,20.46,58.18333333333332,65.59166666666667,63.375,69.29166666666667,54.458333333333336,59.958333333333336,3.925367109512748,4.0135837061990705,102.6,105.8,15.3225,16.001666666666665,16.808333333333334,18.579166666666666,14.445833333333333,13.75,0.9834772140500035,1.9804219703274224,20.32,21.72,67.46666666666667,66.16666666666667,76.625,70.83333333333333,55.333333333333336,61.083333333333336,8.047569077401917,4.044350483493404,88.6,91.0,983.1274999999999,989.1591666666667,1071.9166666666667,1076.3,795.5291666666667,947.5125,108.7437337993551,50.86611105119221,1138.98,1183.1799999999998,14.671935185185186,15.385074074074074,16.255,18.136550925925928,13.946736111111113,13.030092592592592,0.9601596424432574,2.080146512408474,19.551222222222222,21.01811111111111,11.453651507422276,11.85938553447642,12.458764091983914,13.72408315544326,10.366264481215364,10.464661772245323,0.7588291915949544,1.2742702206522105,13.382128498799933,14.522649922310809,,,,,,,,,,,5.0,5.0,2.0,0.0,257.0,42.0,45.0,45.0,-212.0,3.0,-11.649999999999999,-4.474999999999998,-4.005000000000001,-3.4358333333333357,-5.954999999999998,7.408333333333346,0.6791666666666654,-1.2999999999999972,6.0316666666667516,0.7131388888888885,0.4057340270541445,,-215.0,215.0,5,2,avg,home_minus_away
MLS-MAT-0006CD,Sporting KC II,Colorado Rapids 2,Children's Mercy Victory Field,333,346,81.98198198198199,81.21387283236994,7,12,1,3,0,0,8,21,4,9,,,,,1,4,273,281,0,0,12,6,10,4,509,531,,0.7681091496120445,-13,-5,,,-13,-5,-2,0,2025-06-01,MLS-STA-000026,60.025,50.83333333333333,63.708333333333336,62.66666666666666,52.79166666666666,34.083333333333336,4.406099780733274,11.729740216882705,70.8,58.0,42.65833333333333,37.875,51.375,44.25,35.625,27.125,6.241897525770689,6.538414796841477,61.6,51.8,12.615,10.942499999999999,16.7625,16.7625,7.55,5.733333333333333,4.269222867090554,4.749708872657354,20.880000000000003,20.240000000000002,14.2975,11.558333333333334,19.98333333333333,17.508333333333333,8.3125,5.991666666666667,5.063158050510021,4.926336712282035,22.580000000000002,21.1,11.309999999999999,10.231666666666666,18.933333333333334,12.075,7.225,8.933333333333334,4.558422454948398,1.4628548952115668,28.8,26.82,82.33333333333333,73.775,85.5,82.125,77.33333333333333,66.375,3.0580324556812717,6.367956348433576,125.0,110.2,15.606666666666666,17.6675,21.34583333333333,21.34583333333333,12.05,14.591666666666669,4.060418911406939,2.4704317408321788,22.2,22.259999999999998,72.40833333333333,73.26666666666667,80.70833333333333,85.41666666666667,66.20833333333333,66.20833333333333,7.460858511071113,7.901114109204268,95.4,91.8,1043.0283333333334,1239.8016666666667,1401.5791666666669,1401.5791666666669,772.2666666666668,1134.3458333333333,238.28112280324478,105.84739422670427,1274.66,1426.1,15.124433598971262,17.413762302674964,21.355061513374825,21.355061513374825,11.410324074074076,14.336712962962965,4.3500255888490225,2.570919919115896,21.759415847872006,22.055193625649785,12.182284045174764,14.310409666309775,17.058470204371954,17.058470204371954,9.472590248434438,12.92104626488696,3.2659193287562376,1.6067229679387074,15.197011583336533,16.549424443545725,,,,,,,,,,,5.0,5.0,2.0,0.0,1597.0,276.0,280.0,280.0,-1317.0,4.0,-9.19166666666667,-4.783333333333331,-1.6725000000000012,-2.739166666666666,-1.0783333333333331,-8.558333333333323,2.060833333333335,0.8583333333333343,196.7733333333333,2.2893287037037027,2.128125621135011,,-1321.0,1321.0,5,2,avg,home_minus_away
MLS-MAT-0006CG,Chicago Fire FC II,Columbus Crew 2,SeatGeek Stadium,471,365,86.83651804670913,82.73972602739725,11,16,0,2,0,0,17,7,10,3,,,2.6039,0.9735,5,0,409,302,0,1,16,10,3,10,612,497,ASA,4.096792019311877,10,7,,1.6303999999999998,106,-5,-2,0,2025-06-01,MLS-STA-00001B,59.141666666666666,71.85833333333332,93.5,96.125,31.45833333333333,34.541666666666664,28.117199535555148,24.99952430102977,72.0,84.4,40.7,45.375,58.125,57.875,23.95833333333333,32.0,14.016248011980005,10.57640028816778,53.0,57.4,15.921666666666667,22.754166666666666,35.858333333333334,38.3125,3.533333333333333,9.466666666666669,12.784491201364947,11.660773437160065,31.22,39.1,16.396666666666665,23.414166666666667,37.10416666666666,39.375,3.583333333333333,9.716666666666669,13.275523242460578,12.009665378352553,32.239999999999995,40.3,11.266666666666667,21.115833333333335,23.058333333333334,28.933333333333334,5.575,9.929166666666667,7.141629594419532,7.705731768192645,29.28,50.980000000000004,77.275,75.25,91.125,86.875,66.91666666666667,65.625,9.442516143015647,8.793838594278505,112.4,109.4,15.1875,12.226666666666667,17.404166666666665,15.1375,12.283333333333331,10.2125,2.0453856434803575,1.98298885313727,19.28,15.080000000000002,74.59166666666667,78.55,87.04166666666667,87.41666666666667,61.125,68.83333333333333,9.600139249568791,6.942684499208902,92.6,92.2,1106.6033333333332,941.1516666666666,1298.1375,1084.35,740.7375000000001,702.4708333333333,226.17696813541937,154.09490910524195,1351.8,1133.84,14.70947685185185,11.555916666666668,17.225925925925925,14.68363425925926,11.163263888888888,9.08662037037037,2.372916987920308,2.20708247125608,18.892888888888887,14.544444444444446,12.231549710862227,9.87367462935461,14.596489186327844,12.213056192431813,8.15705680789027,7.0597920919192845,2.492290088370866,2.0003073704284295,14.888725466163322,11.951351955799634,,,,,,,,,,,5.0,5.0,2.0,0.0,231.0,265.0,189.0,189.0,-42.0,-76.0,12.716666666666654,4.674999999999997,6.8325,7.017500000000002,9.849166666666667,-2.0250000000000057,-2.9608333333333334,3.9583333333333286,-165.4516666666666,-3.1535601851851816,-2.3578750815076166,,34.0,-34.0,5,2,avg,home_minus_away
MLS-MAT-0006CI,Inter Miami CF II,Carolina Core FC,Chase Stadium,537,478,88.26815642458101,86.61087866108787,13,7,2,2,0,0,5,13,2,4,,,0.2588,1.3392,0,2,474,414,0,0,7,13,4,2,628,576,ASA,1.6572777634931413,-8,-2,,-1.0804,59,6,0,0,2025-06-01,MLS-STA-000008,43.4375,44.56666666666666,43.708333333333336,49.25,43.16666666666666,38.875,0.3830161731427241,4.113894984615489,47.0,47.8,28.166666666666668,26.98333333333333,28.916666666666668,28.916666666666668,27.416666666666668,24.33333333333333,1.0606601717798212,2.050914430199369,35.5,33.0,8.595833333333335,8.293333333333333,9.029166666666669,9.433333333333334,8.1625,7.179166666666667,0.6128258770283433,0.9350783538173575,12.8,11.559999999999999,12.047916666666666,11.646666666666667,12.6375,12.9625,11.458333333333334,10.558333333333334,0.8337967461491358,1.1173637438681774,17.65,15.680000000000001,9.05,8.285833333333333,9.2875,9.670833333333333,8.8125,5.3500000000000005,0.3358757210636092,1.7189068110284509,20.75,18.380000000000003,57.77083333333333,54.4,61.5,61.5,54.04166666666666,49.91666666666666,5.273838076349674,4.308482428110084,83.0,74.0,28.260416666666668,28.368333333333332,28.383333333333336,28.53333333333333,28.1375,28.1375,0.1738304170416956,0.1660038905166585,31.700000000000003,31.419999999999998,71.70833333333334,72.19166666666666,72.79166666666667,73.58333333333333,70.625,70.625,1.5320646925708512,1.112039542662238,87.0,85.4,2006.5333333333333,2032.3125,2045.4625,2065.2875,1967.6041666666667,1967.6041666666667,55.0541554718827,37.777128887911694,2227.2,2226.7599999999998,30.83999500095109,31.288495346238342,31.253984942005484,31.84351431989717,30.426005059896696,30.426005059896696,0.5854701893251614,0.5647514887945365,34.796907294613334,35.06331317521692,24.140916810675037,24.336072263854412,24.420859938766345,24.499350909426525,23.86097368258373,23.86097368258373,0.3958993684398758,0.26720334426117115,24.790111297580744,24.996754566559723,,,,,,,,,,,2.0,5.0,2.0,0.0,,6.0,4.0,4.0,,-2.0,1.1291666666666629,-1.1833333333333371,-0.302500000000002,-0.4012499999999992,-0.764166666666668,-3.37083333333333,0.10791666666666444,0.48333333333332007,25.779166666666697,0.44850034528725047,0.19515545317937466,,,,5,2,avg,home_minus_away
MLS-MAT-0006CJ,Orlando City B,Chattanooga,Osceola Heritage Park,453,381,84.54746136865342,86.08923884514435,11,16,4,4,0,0,14,15,6,5,,,1.8071,1.2278,2,1,383,328,0,0,16,10,5,7,571,523,ASA,-1.5417774764909353,-1,1,,0.5792999999999999,72,-5,0,0,2025-06-01,MLS-STA-000017,45.508333333333326,45.84166666666666,55.29166666666666,49.54166666666666,31.08333333333333,40.583333333333336,9.06278256264475,3.6648196105371613,55.2,53.2,31.4,31.816666666666663,38.375,34.916666666666664,27.33333333333333,27.375,5.060107459333253,3.1491566331321144,45.6,46.4,7.933333333333333,7.935833333333333,13.141666666666666,10.420833333333333,4.716666666666667,6.358333333333333,3.1484219481970466,1.5411896784627126,14.0,11.22,8.751666666666667,9.343333333333334,14.058333333333332,12.945833333333333,4.808333333333333,7.399999999999999,3.3481216230563935,2.229099687467267,15.7,13.620000000000001,6.201666666666667,6.425833333333332,10.654166666666669,7.429166666666667,3.5708333333333333,5.220833333333333,2.684639304346945,0.8069866359212873,14.959999999999999,14.14,68.2,72.65,80.91666666666667,79.16666666666667,59.16666666666666,66.41666666666667,8.428179007881177,4.644814910796292,103.6,105.6,22.627499999999998,26.894166666666667,27.1125,27.5375,18.90833333333333,25.3375,3.45894899138452,0.9343307542478392,25.619999999999997,31.1,87.96666666666667,80.80833333333334,98.79166666666669,82.54166666666667,81.79166666666667,79.04166666666667,6.494816309095203,1.5231432230022863,97.4,95.8,1958.5925,2142.0474999999997,2198.179166666667,2194.2291666666665,1769.7333333333331,2078.733333333333,195.29828138022498,43.706633129467654,2121.7,2314.1400000000003,23.678925383749352,29.20260268196867,29.78845174861608,30.248360716063814,19.43428240740741,26.502306127964445,4.340869052726276,1.59022112146026,27.419632357340056,35.451438473727634,21.007072225699282,24.148471029956838,24.54723182979997,24.74137307152675,18.76365112896008,22.96007075373009,2.7064307305453386,0.6940400280511296,22.43609839564426,25.474671320622114,,,,,,,,,,,5.0,5.0,2.0,0.0,206.0,39.0,23.0,23.0,-183.0,-16.0,0.3333333333333357,0.4166666666666643,0.002500000000000391,0.5916666666666668,0.2241666666666653,4.450000000000003,4.266666666666669,-7.158333333333331,183.4549999999997,5.523677298219319,3.1413988042575554,,-167.0,167.0,5,2,avg,home_minus_away
MLS-MAT-0006CF,LAFC 2,Town FC,Titan Stadium,507,489,88.3629191321499,87.32106339468302,18,19,2,3,0,0,14,11,6,5,,,,,1,2,448,427,0,0,18,18,6,7,653,631,,1.041855737466875,3,1,,,18,-1,-1,0,2025-06-01,MLS-STA-00001F,59.483333333333334,76.1,92.54166666666669,87.625,29.83333333333333,69.875,28.13850910130892,7.1274118724821856,72.6,80.6,39.641666666666666,49.03333333333334,62.79166666666666,56.833333333333336,20.625,43.708333333333336,21.286989864703745,5.735443531236273,50.2,59.6,15.092499999999998,22.614166666666666,29.066666666666663,27.508333333333336,4.208333333333333,19.70833333333333,11.80769648070933,3.3235476151245402,19.279999999999998,29.5,17.927500000000002,25.488333333333333,32.170833333333334,30.291666666666668,5.4625,21.883333333333336,12.77846787840563,3.604141859259518,22.68,32.28,21.869999999999997,29.296666666666663,49.7125,41.56666666666667,3.85,18.704166666666666,22.81396521169776,9.546592342151317,34.239999999999995,51.14,67.475,73.84166666666667,87.5,83.79166666666667,55.333333333333336,61.208333333333336,14.880531184515334,8.750267853043132,110.0,122.4,19.210833333333333,21.403333333333332,23.829166666666666,25.75,14.9125,18.42083333333333,4.009243443108827,3.231568193015757,27.48,29.28,68.525,62.325,73.70833333333333,72.125,63.91666666666666,46.04166666666666,4.30777720459687,10.460051319716897,93.2,88.4,1200.1799999999998,1204.4783333333332,1395.4,1263.7458333333332,1031.2541666666666,1088.5416666666667,170.37553903171445,67.888732458278,1362.26,1370.48,18.89408714684763,21.02721194120612,23.74862106577305,25.04316037884529,14.350185185185184,18.201736111111117,4.212169844496706,3.0166431485624647,26.903281752666686,28.536448977312023,14.87916242045929,15.941855842285724,18.394764047723783,17.334901507149727,11.657578106646415,14.848971690522886,3.0381695633898445,1.2233509841839385,17.956844283982218,18.79866327802967,,,,,,,,,,,5.0,5.0,2.0,0.0,17.0,87.0,52.0,52.0,35.0,-35.0,16.61666666666666,9.391666666666673,7.521666666666668,7.560833333333331,7.426666666666666,6.366666666666674,2.192499999999999,-6.200000000000003,4.298333333333403,2.133124794358487,1.0626934218264346,,70.0,-70.0,5,2,avg,home_minus_away
MLS-MAT-0006CE,Ventura County,Real Monarchs,William Rolland Stadium,466,452,81.97424892703863,80.75221238938053,9,18,0,4,0,0,17,16,5,11,,,1.6166,2.0832,3,3,382,365,0,0,18,9,11,5,614,586,ASA,1.2220365376580986,1,-6,,-0.4666000000000001,14,-9,-4,0,2025-06-01,MLS-STA-00004W,63.55,47.45,68.625,63.708333333333336,55.625,36.083333333333336,5.148523251056239,12.315633414034737,92.6,62.6,49.975,36.59166666666667,54.41666666666666,49.0,38.875,27.666666666666668,6.653541767777185,9.672474907350928,66.8,54.0,11.581666666666667,8.713333333333333,14.145833333333334,12.875,8.779166666666667,5.908333333333334,2.089834855251061,2.7488403489269597,15.12,12.08,19.21333333333333,14.290000000000001,22.84166666666667,17.70416666666667,17.175,10.4125,2.337547162328733,3.2741856493892745,25.04,20.619999999999997,13.863333333333333,8.050833333333333,18.308333333333334,12.579166666666666,7.908333333333334,5.483333333333333,5.045297762658701,3.1263238862387026,32.019999999999996,17.2,89.25,81.35833333333333,100.41666666666669,99.5,81.66666666666667,67.66666666666667,6.972415889297874,13.689437331185104,135.6,118.2,21.985,19.22083333333333,23.625,22.60833333333333,19.95833333333333,16.408333333333335,1.522329743262684,2.6483059312616346,29.339999999999996,23.64,56.325,71.7,63.54166666666666,80.08333333333333,48.833333333333336,61.875,5.7342326087377264,7.855653042377965,92.0,90.0,1088.9241666666667,1322.1891666666666,1352.0958333333333,1371.1791666666668,909.6125,1284.5708333333334,238.3758942439383,34.168417841301626,1435.94,1421.24,21.55706560622067,19.081704696834336,23.51522590269408,22.574056723365103,19.436184311812596,16.19578703703704,1.700166881256128,2.724002954705182,28.278769530213328,23.58463629489558,15.413288399245918,15.57595100380559,17.942949348603577,17.489319894568876,13.334559443387946,14.014816567604605,2.205294777495476,1.4618730146732757,17.637894826535412,17.54730525616595,,,,,,,,,,,5.0,5.0,2.0,0.0,1302.0,25.0,272.0,272.0,-1030.0,247.0,-16.099999999999994,-13.383333333333333,-2.868333333333334,-4.92333333333333,-5.8125,-7.891666666666666,-2.764166666666668,15.375,233.26499999999987,-2.4753609093863354,0.16266260455967263,,-1277.0,1277.0,5,2,avg,home_minus_away
MLS-MAT-0006CH,FC Cincinnati 2,Philadelphia Union II,NKU Soccer Stadium,411,271,80.5352798053528,74.16974169741698,15,16,3,1,0,0,7,16,4,8,,,0.6752,2.8145,1,4,331,201,0,0,14,14,9,4,587,454,ASA,6.365538107935819,-9,-4,,-2.1392999999999995,140,-1,2,0,2025-06-03,MLS-STA-000016,65.13333333333333,70.15833333333333,86.75,86.75,42.458333333333336,60.29166666666666,16.481086592751637,9.853633706517726,84.4,84.6,44.574999999999996,48.58333333333333,60.66666666666666,60.66666666666666,32.125,40.75,12.22071329069352,7.970594830026451,63.2,62.8,17.3175,19.929166666666667,25.929166666666664,25.929166666666664,10.154166666666669,16.779166666666665,6.692309667114599,3.7709979245847123,28.360000000000003,33.739999999999995,17.82,20.475833333333334,26.8875,26.8875,10.3625,17.150000000000002,6.9677695498631405,4.018310305132411,29.160000000000004,34.46,14.811666666666667,14.364166666666666,24.8375,24.8375,8.075000000000001,6.208333333333333,6.237303353613641,6.965298161042512,37.019999999999996,39.5,80.175,80.39166666666667,98.125,87.75,66.75,72.41666666666667,12.12469214958558,6.514980067335414,128.6,126.8,17.4575,17.735833333333332,19.6375,19.066666666666663,15.275,15.875,1.668167033003589,1.3923513784641819,23.04,22.740000000000002,71.875,66.03333333333333,86.04166666666667,81.125,54.66666666666666,54.875,14.252101453236062,11.946582495983245,93.8,89.6,1211.9216666666666,1117.3941666666667,1610.4041666666665,1392.6166666666668,759.4291666666667,795.9333333333334,338.0209428916103,248.36315095736776,1475.16,1349.92,17.135541666666665,17.289175925925925,19.85122685185185,18.85548611111111,14.285462962962962,14.950902777777776,2.0373745074127894,1.591911638745556,22.642444444444447,22.21322222222222,13.953938073759554,13.461146982575205,17.5649880145072,15.89112699479339,9.829451442655182,10.380070690671715,2.8665059329286615,2.054749823860882,16.948970785330413,15.968057604277714,,,,,,,,,,,5.0,5.0,2.0,0.0,10.0,160.0,266.0,266.0,256.0,106.0,5.025000000000006,4.008333333333333,2.611666666666668,2.6558333333333337,-0.44750000000000156,0.21666666666666856,0.27833333333333243,-5.841666666666669,-94.52749999999992,0.15363425925925966,-0.4927910911843494,,150.0,-150.0,5,2,avg,home_minus_away
MLS-MAT-0006CK,Crown Legacy FC,RBNY II,Mecklenburg County Sportsplex,442,330,83.2579185520362,74.84848484848484,11,12,1,1,0,0,11,9,4,5,,,0.9605,1.8989,2,5,368,247,0,0,12,11,6,5,566,463,ASA,8.409433703551358,2,-1,,-0.9384,112,-1,0,0,2025-06-04,MLS-STA-000039,80.55,90.225,116.16666666666669,116.16666666666669,53.375,56.875,28.434400014184707,28.88222312253682,95.0,107.2,50.00833333333333,55.70833333333333,63.54166666666666,63.54166666666666,33.958333333333336,42.125,13.795234936181567,10.077003867442171,68.2,69.2,21.723333333333336,28.824166666666667,35.362500000000004,44.12916666666666,8.583333333333334,11.220833333333331,10.322556796619937,12.215873098373098,37.660000000000004,45.519999999999996,22.735833333333332,30.264999999999997,37.8125,45.65833333333333,8.691666666666666,11.7,11.337653358634473,12.762675004241427,38.839999999999996,47.46,15.690000000000001,6.407500000000001,33.86666666666667,7.991666666666667,6.5375000000000005,4.170833333333333,10.950478252493511,1.5701849899861415,38.56,14.02,85.575,98.35833333333333,115.79166666666669,115.79166666666669,57.208333333333336,78.75,24.791271005246095,14.067810725593064,130.2,138.8,18.4625,20.732499999999998,22.141666666666666,22.0875,14.458333333333334,19.716666666666665,3.3585969706279295,0.8679947756499193,23.52,26.4,70.95,67.74166666666666,84.54166666666667,84.20833333333333,61.04166666666666,60.41666666666666,12.413604208465985,9.55759224095925,91.0,89.0,1259.0258333333334,1347.8875,1589.4625,1693.4166666666667,848.8833333333333,1142.4041666666667,264.9981294548763,205.81291569617568,1492.98,1565.32,18.20994068910772,20.627333963518485,21.9705136307238,21.95678555833316,13.554675925925926,19.321435185185184,3.6112896091960724,0.9344982578491462,23.254969120417343,26.28595120065422,14.760254990189281,16.435537403752868,17.23710330711041,18.34324788382742,10.012458529828487,14.60246098255139,2.969535719067531,1.3551655444753345,17.386862255449863,19.00658436952265,,,,,,,,,,,5.0,5.0,2.0,0.0,4.0,239.0,228.0,228.0,224.0,-11.0,9.674999999999997,5.699999999999996,7.10083333333333,7.529166666666665,-9.2825,12.783333333333331,2.2699999999999996,-3.208333333333343,88.86166666666668,2.417393274410763,1.6752824135635862,,235.0,-235.0,5,2,avg,home_minus_away
MLS-MAT-0006CL,St Louis CITY2,North Texas SC,Energizer Park,374,410,77.27272727272727,77.5609756097561,17,17,6,4,0,0,11,4,4,1,,,0.8079,0.102,2,0,289,318,0,0,17,17,1,4,515,546,ASA,-0.2882483370288327,7,3,,0.7059,-36,0,2,0,2025-06-04,MLS-STA-00000U,79.83333333333334,86.66666666666667,105.16666666666669,105.16666666666669,54.54166666666666,68.45833333333333,19.326035799465515,14.04485003479924,115.8,109.2,54.016666666666666,54.783333333333324,61.66666666666666,61.66666666666666,40.208333333333336,45.875,8.519412065655963,6.008342001843026,80.0,75.6,20.18916666666667,25.925833333333333,37.06666666666667,37.06666666666667,8.354166666666666,18.995833333333334,11.503502863258653,6.747034713898809,31.82,44.0,21.346666666666668,27.469166666666666,39.54583333333333,39.54583333333333,8.700000000000001,19.70833333333333,12.385157307348894,7.367668554607729,33.76,46.12,11.544166666666666,7.340833333333333,23.683333333333334,9.995833333333334,5.416666666666667,5.416666666666667,7.288321613680646,1.793909448972024,28.880000000000003,15.64,102.68333333333332,100.35833333333332,112.375,112.375,87.29166666666667,83.58333333333333,11.642668770995373,11.763201803364026,154.8,147.2,23.789166666666667,22.238333333333333,25.141666666666666,25.141666666666666,22.35833333333333,18.83333333333333,1.0274175419738343,2.3397352651766203,28.82,27.8,67.675,65.0,77.41666666666667,69.0,62.41666666666666,60.29166666666666,6.383735844576702,3.58998897398493,86.4,83.8,1568.4783333333332,1392.2866666666666,1854.6791666666668,1597.7166666666665,1422.3875,1219.5916666666667,176.53163037418952,156.05568743752093,1839.52,1624.76,24.167847436865305,22.320776001372188,25.69917106392481,25.69917106392481,22.49708333333333,18.57388888888889,1.2912937570765266,2.6481614070758552,29.557063049978257,28.13552295342534,19.307439452501853,17.482183601826016,21.167651744238785,20.20236491102041,18.258857196163586,14.779036253486211,1.3059768852451366,2.0718570269089622,21.446977757891247,20.21710184192637,,,,,,,,,,,5.0,5.0,2.0,0.0,219.0,152.0,142.0,142.0,-77.0,-10.0,6.833333333333329,0.7666666666666586,5.736666666666665,6.122499999999999,-4.203333333333332,-2.325000000000003,-1.5508333333333333,-2.674999999999997,-176.1916666666666,-1.8470714354931168,-1.8252558506758376,,-67.0,67.0,5,2,avg,home_minus_away
MLS-MAT-0006CQ,Atlanta,NYCFC II,Turner Soccer Complex,511,387,87.27984344422701,85.27131782945736,15,11,4,3,0,0,20,12,8,6,,,2.6567,2.4155,2,3,446,330,0,1,11,14,6,8,650,537,ASA,2.0085256147696526,8,2,,0.24119999999999964,124,4,1,0,2025-06-06,MLS-STA-00006O,71.66666666666666,115.78333333333333,84.75,145.16666666666666,53.375,74.58333333333333,11.655053744096493,34.36206069603186,78.4,130.0,44.71666666666666,58.33333333333333,55.833333333333336,66.33333333333333,37.91666666666666,44.208333333333336,7.2293407760013375,9.884137825605,59.4,72.0,21.1525,37.36666666666666,28.125,58.10833333333333,15.816666666666668,18.879166666666663,6.309837584852896,17.991148238246367,40.9,54.6,21.850833333333334,39.40666666666666,28.98333333333333,60.48333333333333,16.066666666666666,20.48333333333333,6.384120926172998,19.000488526248766,41.980000000000004,57.7,17.29,9.860833333333334,37.579166666666666,14.516666666666666,2.3291666666666666,5.020833333333333,14.954459688779576,3.86310854609198,46.38,32.220000000000006,68.89166666666667,100.2,87.83333333333333,106.83333333333331,57.208333333333336,95.04166666666669,11.954107848118337,4.294638938387135,103.2,143.2,18.506666666666668,21.81,22.116666666666664,22.9625,14.395833333333334,20.579166666666666,3.505742560824706,0.8508043579787048,23.82,26.74,72.925,75.8,90.08333333333331,84.79166666666667,60.833333333333336,68.58333333333333,13.081555080850785,7.055422953697082,91.0,94.4,1335.1158333333333,1606.6783333333333,1947.9458333333328,1825.1791666666668,841.0041666666666,1355.6708333333331,513.7755747503662,195.33951618485534,1582.16,1838.1,18.360378228546114,22.070412862362968,22.664884783650184,23.26874685227307,13.479398148148148,20.483425925925925,4.226813023683461,1.0228571067169703,24.031221596168443,27.293550375046692,15.159065285625257,18.556433849862316,20.611819674521303,19.87184389324125,9.927280145429435,16.425636668267707,4.868544627534514,1.4089176643306416,17.589121008247808,21.205480210047842,,,,,,,,,,,5.0,5.0,2.0,0.0,27.0,316.0,224.0,224.0,197.0,-92.0,44.116666666666674,13.616666666666667,16.21416666666666,17.555833333333325,-7.429166666666665,31.308333333333337,3.303333333333331,2.875,271.5625,3.7100346338168535,3.397368564237059,,289.0,-289.0,5,2,avg,home_minus_away
MLS-MAT-0006CM,Huntsville,Orlando City B,Wicks Family Field,542,274,89.66789667896678,75.54744525547446,17,8,1,3,0,0,30,6,9,6,,,3.2702,0.6957,2,3,486,207,0,0,8,17,6,9,688,399,ASA,14.120451423492327,24,3,,2.5745,268,9,-2,0,2025-06-06,MLS-STA-000013,65.23333333333332,104.55833333333335,78.08333333333333,146.95833333333334,54.91666666666666,70.04166666666667,9.224749695490091,33.27247830414801,85.6,117.4,42.825,52.46666666666666,51.0,63.333333333333336,29.375,39.16666666666666,8.694935866481263,9.55527595682674,59.4,61.0,13.491666666666665,33.17166666666667,23.79583333333333,56.45416666666667,7.466666666666666,15.079166666666666,6.657415456132774,17.206278226759753,21.4,42.64,14.495,35.52166666666667,24.73333333333333,59.7,8.208333333333334,16.037499999999998,6.696006661311899,18.568380895953805,23.48,45.86,5.695833333333334,4.809166666666667,8.308333333333334,7.9125,2.2875,2.2875,2.5993171512491076,2.0963331908888487,12.540000000000001,12.06,88.80833333333332,86.28333333333333,101.0,95.375,69.91666666666667,76.91666666666667,14.445287101488995,6.9478089072103195,119.6,118.4,24.56833333333333,23.160000000000004,25.2,24.133333333333336,23.754166666666663,21.2375,0.6222341578716332,1.1969021065976015,28.660000000000004,27.659999999999997,77.01666666666668,75.625,84.41666666666667,80.625,70.91666666666667,71.95833333333333,5.714002659160117,3.8611985401772158,91.4,92.2,1862.7616666666668,1709.7641666666666,2056.4125,1898.0833333333333,1702.4416666666666,1506.7166666666665,139.3390829218919,139.8276182532939,2138.44,2014.4800000000002,25.397558482883216,23.690252853450268,26.036297545072586,24.74287358075355,24.600024546043983,21.325092592592597,0.6834115756656199,1.4351672439495373,30.123850776049256,28.48099981664087,21.39046866531611,19.828300929126623,22.506389711108213,21.16136059874091,20.26999228049843,17.673182583316756,0.8492165041546258,1.298176531222393,23.07867573520892,22.427861184296393,,,,,,,,,,,5.0,5.0,2.0,0.0,39.0,190.0,197.0,197.0,158.0,7.0,39.32500000000003,9.641666666666659,19.68,21.02666666666667,-0.8866666666666667,-2.5249999999999915,-1.4083333333333279,-1.39166666666668,-152.99750000000017,-1.7073056294329483,-1.5621677361894868,,151.0,-151.0,5,2,avg,home_minus_away
MLS-MAT-0006CN,Chattanooga,Inter Miami CF II,Finley Stadium,378,533,81.74603174603175,86.30393996247655,8,12,0,3,0,0,12,12,4,6,,,1.8001,1.5476,3,3,309,460,0,0,11,8,6,4,539,678,ASA,-4.557908216444801,0,-2,,0.25249999999999995,-155,-4,-3,0,2025-06-07,MLS-STA-00002S,60.016666666666666,92.96666666666667,71.16666666666667,143.25,46.75,63.875,9.928940233814822,32.76406345627274,66.2,102.2,38.733333333333334,50.31666666666666,47.708333333333336,61.25,27.5,41.16666666666666,8.690801730693336,8.306550711469967,48.6,61.4,16.085,26.563333333333333,28.46666666666667,49.9875,8.5375,16.462500000000002,7.856327951968968,13.87873273113299,24.56,35.6,24.506666666666668,28.22083333333333,60.34583333333333,53.79583333333333,12.983333333333334,17.4,20.15883082099367,15.061702664465852,42.279999999999994,37.68,7.524166666666668,6.2283333333333335,9.995833333333334,9.070833333333333,4.525,2.904166666666667,2.1465459981612836,2.500710662880543,18.0,15.080000000000002,66.10833333333333,85.24166666666667,81.41666666666667,96.54166666666669,49.25,77.75,14.811448040470442,8.799137820769083,88.8,123.0,25.07833333333333,23.580833333333334,26.579166666666666,24.7875,23.441666666666663,22.133333333333336,1.1676907707570148,0.9851483954771028,28.880000000000003,28.839999999999996,83.34166666666667,78.73333333333332,85.33333333333333,85.25,81.33333333333333,73.375,1.938821234095028,5.080651615032594,94.0,94.4,2069.4316666666664,1811.2683333333334,2185.5916666666667,2067.1833333333334,1870.7083333333333,1686.6125,123.2118670091279,160.32748810702523,2279.8599999999997,2111.7799999999997,26.49657660121495,24.38198071004338,28.890505786442237,26.45364714703862,24.227057721597134,22.633534771128904,1.7345063859536658,1.386111114344017,32.21753856871511,30.41448767066448,22.796793353023567,20.63816168730533,24.02803339664884,22.6972884196272,20.89306928692982,19.37661311751123,1.228141756066421,1.285149395154248,24.666493050976275,23.23924437788829,,,,,,,,,,,5.0,5.0,2.0,0.0,6.0,206.0,209.0,209.0,203.0,3.0,32.95,11.583333333333329,10.478333333333332,3.7141666666666637,-1.2958333333333343,19.13333333333334,-1.4974999999999952,-4.6083333333333485,-258.16333333333296,-2.1145958911715717,-2.158631665718236,,200.0,-200.0,5,2,avg,home_minus_away
MLS-MAT-0006CO,Houston Dynamo 2,Sporting KC II,Shell Energy Stadium,460,272,83.91304347826087,75.36764705882354,13,15,2,3,0,0,20,11,6,5,,,,,1,1,386,205,1,1,14,13,5,6,605,418,,8.545396419437338,9,1,,,188,-2,-1,0,2025-06-07,MLS-STA-00000H,66.21666666666667,65.2,91.5,76.45833333333333,57.458333333333336,59.708333333333336,14.345301447202532,6.507434316909301,72.4,77.8,42.68333333333333,45.125,55.333333333333336,52.16666666666666,35.75,38.04166666666666,7.623554052336017,5.210083039432073,54.6,63.2,16.130000000000003,15.1875,21.125,17.191666666666666,12.495833333333332,12.804166666666667,3.159781989666728,1.8011498063736946,27.360000000000003,20.880000000000003,19.320833333333333,20.365833333333335,24.48333333333333,24.48333333333333,12.9375,16.8625,4.737401054375701,3.3211279145796215,33.58,29.32,8.5825,9.469166666666666,11.4,11.733333333333334,5.979166666666667,6.820833333333333,2.536814699469483,2.0945046318348832,19.14,18.72,78.41666666666667,89.24166666666665,94.41666666666669,107.83333333333331,58.66666666666666,58.66666666666666,12.88329021122582,20.53677257452538,112.0,124.8,24.2625,27.488333333333333,28.416666666666668,28.416666666666668,18.820833333333333,27.054166666666664,3.9602670715215376,0.5594004106580944,28.98,31.5,75.68333333333334,78.7,83.58333333333333,81.04166666666667,64.5,76.66666666666667,7.8250510292975815,2.0506604627127643,94.2,94.8,1803.1066666666666,2132.865,2206.295833333333,2206.295833333333,1288.0333333333333,2043.6083333333331,407.81716021815805,80.61608739498004,2028.92,2342.1,25.698784444582742,30.16690877313792,31.77758832322449,31.77758832322449,18.61236111111111,29.229272836129557,5.545698525627063,1.0897128854198954,31.949952161665816,36.66154275501164,20.89836248076839,24.416044554243065,25.21957453386289,25.21957453386289,15.143895078601906,23.721571509415696,4.212232410644465,0.6642428244134889,23.07708522902151,25.756917465049433,,,,,,,,,,,5.0,5.0,2.0,0.0,276.0,20.0,14.0,14.0,-262.0,-6.0,-1.0166666666666657,2.44166666666667,-0.9425000000000026,1.0450000000000017,0.8866666666666667,10.824999999999974,3.225833333333334,3.0166666666666657,329.7583333333332,4.468124328555177,3.517682073474674,,-256.0,256.0,5,2,avg,home_minus_away
MLS-MAT-0006CP,FC Cincinnati 2,TFC II,NKU Soccer Stadium,406,516,84.97536945812809,87.79069767441861,14,8,1,0,0,0,11,14,2,2,,,0.8468,1.5664,1,1,345,453,0,0,7,14,3,2,525,650,ASA,-2.815328216290524,-3,0,,-0.7196,-110,6,1,0,2025-06-08,MLS-STA-000016,79.85833333333333,72.31666666666666,96.66666666666669,80.45833333333333,61.16666666666666,61.16666666666666,15.872746996730672,8.210215520246038,100.0,89.8,52.633333333333326,48.675,59.41666666666666,55.29166666666666,43.125,43.125,6.696249468504322,4.5779703472172,74.2,68.6,25.892499999999995,17.438333333333333,42.141666666666666,21.891666666666666,14.970833333333331,14.970833333333331,11.735412561393446,2.6586588750512705,43.22,25.6,26.725833333333334,18.23,43.30416666666667,22.78333333333333,15.708333333333334,15.708333333333334,11.907662099113608,2.7119053367615087,44.6,26.839999999999996,20.479166666666668,8.454166666666666,33.81666666666667,11.9125,9.916666666666666,4.75,10.728066691186982,2.678312785131715,47.519999999999996,19.8,86.46666666666667,96.13333333333334,115.20833333333331,112.66666666666669,60.66666666666666,83.66666666666667,19.473258908051314,11.640722641275808,134.8,137.0,18.959166666666665,22.889166666666664,22.641666666666666,24.495833333333334,15.458333333333334,21.775,3.1059368554431352,1.070661464806791,22.46,27.939999999999998,80.26666666666668,75.51666666666668,93.25,83.04166666666667,68.41666666666667,65.375,9.230488054389221,8.379538571226151,91.4,91.4,1501.4866666666667,1682.5516666666667,1787.8666666666668,1838.6666666666667,1120.7,1344.8833333333334,273.78578123271546,211.0058614863512,1705.64,1930.52,19.02721952003178,23.287861621034654,23.187648526084825,24.856506813864456,15.494583333333331,21.83177184984473,3.447503805992414,1.1831865058534505,22.617146474458682,28.384023679055154,16.49891502202887,19.531307616400145,20.06118535800354,20.648108829169622,12.77253788361466,17.01778421810407,3.079565725264289,1.4428531748344477,18.142852928937018,21.558023552537193,,,,,,,,,,,5.0,5.0,2.0,0.0,87.0,160.0,266.0,266.0,179.0,106.0,-7.541666666666671,-3.9583333333333286,-8.454166666666662,-8.495833333333334,-12.025000000000002,9.666666666666671,3.9299999999999997,-4.75,181.06500000000005,4.2606421010028726,3.0323925943712737,,73.0,-73.0,5,2,avg,home_minus_away
MLS-MAT-0006CR,Colorado Rapids 2,Austin FC II,University of Denver Soccer Stadium,354,404,83.89830508474576,85.39603960396039,11,11,2,2,0,0,11,5,2,2,,,,,0,0,297,345,0,0,11,11,2,2,510,539,,-1.4977345192146316,6,0,,,-50,0,0,0,2025-06-08,MLS-STA-00001G,59.783333333333324,58.275,67.83333333333333,67.83333333333333,50.41666666666666,47.583333333333336,6.5296731881805865,7.7490254763636734,70.6,73.8,39.5,44.65833333333333,47.833333333333336,47.833333333333336,33.791666666666664,41.958333333333336,6.5410695056525565,2.35193478273149,54.2,63.2,13.151666666666666,12.2175,15.7625,15.7625,11.241666666666667,10.325,1.7220753185554274,2.182685972730744,23.48,23.52,15.995833333333334,14.395,17.575,17.575,14.791666666666666,11.583333333333334,1.0819702963677984,2.3211688117794824,26.439999999999998,25.939999999999998,7.779999999999999,10.915833333333333,15.745833333333332,15.745833333333332,3.0500000000000003,4.329166666666667,6.275226451203882,4.75850244153674,19.02,29.660000000000004,76.425,87.28333333333333,90.70833333333331,98.20833333333331,64.70833333333333,77.08333333333333,9.37830497300373,8.010269016844694,109.4,127.2,23.34916666666667,14.140833333333333,29.1625,17.683333333333334,13.6875,10.916666666666666,7.199805528816578,2.4026919942939924,29.060000000000002,19.72,70.74166666666666,75.20833333333333,88.83333333333333,88.83333333333333,53.0,53.04166666666666,13.30375625737166,13.399283511110255,93.8,97.2,1569.7333333333331,977.3783333333333,2110.9333333333334,1198.4166666666667,758.0458333333332,763.7166666666667,571.8375594377137,169.82596390312352,1854.3600000000001,1251.34,24.529176301481463,13.574245370370372,31.255358127723728,16.892199074074075,13.431342592592593,10.188680555555557,8.694225407424202,2.372140884982236,31.128409960716887,19.04311111111111,19.1358198078628,11.067385793483815,24.308711803161128,12.464639031593585,11.101812044612371,8.893594927388895,6.773409385453492,1.3179879214319845,21.131242040882892,14.078674412467018,,,,,,,,,,,5.0,5.0,2.0,0.0,164.0,1597.0,1609.0,1609.0,1445.0,12.0,-1.5083333333333258,5.158333333333331,-0.9341666666666661,-1.600833333333334,3.135833333333334,10.858333333333334,-9.208333333333336,4.466666666666669,-592.3549999999998,-10.954930931111091,-8.068434014378983,,1433.0,-1433.0,5,2,avg,home_minus_away
MLS-MAT-00069T,Chicago Fire FC II,New England Revolution II,SeatGeek Stadium,460,296,84.34782608695652,77.36486486486487,14,16,2,1,0,0,11,13,5,6,,,1.528,2.2778,2,2,388,229,0,0,14,14,6,5,628,453,ASA,6.982961222091646,-2,-1,,-0.7498,164,-2,1,0,2025-06-08,MLS-STA-00001B,90.075,88.20833333333334,122.125,96.54166666666669,65.625,75.75,21.06655706063259,9.72776131891494,115.2,96.8,56.725,50.40833333333333,73.16666666666667,60.708333333333336,47.79166666666666,43.125,10.58282479093156,6.761012107829877,79.4,59.0,26.381666666666668,27.633333333333333,35.49583333333333,37.42916666666667,18.1,19.491666666666667,6.296174985214787,6.481565070558875,35.739999999999995,36.739999999999995,27.248333333333335,28.380833333333335,36.9125,38.50833333333333,18.991666666666667,19.991666666666667,6.494151081079719,6.715248506198412,36.980000000000004,37.54,11.854166666666668,14.969999999999999,16.616666666666667,18.166666666666668,8.15,8.487499999999999,4.298752241445573,4.194982328462316,18.3,31.54,104.91666666666667,91.85833333333333,140.83333333333334,120.04166666666669,84.45833333333333,78.79166666666667,24.101834733065445,17.802801940830676,149.6,117.8,19.033333333333335,15.458333333333332,23.54583333333333,20.67083333333333,17.104166666666668,12.2,2.6974557199537315,3.1425396665047125,25.06,18.919999999999998,68.23333333333332,79.575,75.83333333333333,92.16666666666669,64.95833333333333,65.29166666666667,4.679910522648911,10.991371300049675,86.2,89.8,1257.8725,1193.1274999999998,1716.275,1339.0375,1041.8833333333334,1082.3666666666666,268.20216083467506,106.26372066637381,1565.92,1396.16,18.89673452995369,15.13751388888889,24.5353088184966,20.498310185185183,16.582592592592594,11.882129629629633,3.320268947350571,3.2096171222412435,25.225782361866685,18.678555555555555,14.999488803507921,13.023918937817836,20.12987602472207,16.261128580284097,12.951253016167165,11.30314769093284,2.9994660656996617,1.9496558778647082,18.416879661175425,15.437330885104469,,,,,,,,,,,5.0,5.0,2.0,0.0,79.0,265.0,189.0,189.0,110.0,-76.0,-1.86666666666666,-6.31666666666667,1.2516666666666652,1.1325000000000003,3.115833333333331,-13.058333333333337,-3.575000000000003,11.341666666666683,-64.74500000000012,-3.7592206410648004,-1.975569865690085,,186.0,-186.0,5,2,avg,home_minus_away
MLS-MAT-0006CU,Atlanta,Huntsville,Turner Soccer Complex,319,493,83.69905956112852,86.00405679513185,18,17,2,4,0,0,13,11,3,5,,,0.95,1.2343,0,1,267,424,0,0,16,16,5,3,466,634,ASA,-2.3049972340033236,2,-2,,-0.2843,-174,1,-2,0,2025-06-11,MLS-STA-00006O,55.59166666666666,62.408333333333324,62.41666666666666,81.95833333333333,47.54166666666666,53.54166666666666,5.8580873585155775,11.661844241418725,62.2,75.2,37.8,43.99166666666666,43.54166666666666,56.625,32.666666666666664,35.583333333333336,4.504954833908497,7.8056581151822915,54.6,62.8,12.104166666666668,14.025,15.925,21.425,8.65,11.354166666666666,2.617847398149862,4.215850340942172,19.3,23.96,12.757499999999999,14.898333333333335,16.833333333333332,22.870833333333334,8.979166666666666,11.966666666666669,2.824200046522515,4.565912536576524,20.28,25.1,3.984166666666667,7.474166666666667,5.775,10.925,2.6750000000000003,5.479166666666667,1.2967554329085258,2.037899159946613,9.08,22.82,76.375,84.775,79.25,99.45833333333331,71.25,70.625,3.928837472954166,10.208273809350263,115.2,127.8,23.97083333333333,23.535,25.09583333333333,24.55,23.183333333333334,22.42083333333333,0.784235960452378,1.019474435677523,28.8,28.02,85.88333333333334,85.10833333333333,89.58333333333333,90.91666666666669,79.41666666666667,79.625,3.8441197879936615,4.882170652258883,99.0,98.4,2028.6316666666667,1968.8974999999998,2157.7916666666665,2065.525,1864.4333333333332,1884.4583333333333,118.12352970131408,80.07534102071207,2246.08,2151.2200000000003,25.061011183147762,24.462946549684226,26.87615711492685,25.7675874643702,24.011666724454347,23.182522958305555,1.137650426389155,1.2469488011499739,31.595189883496506,30.15910611918224,22.03377258145356,21.49749207097153,23.159661047252857,22.53102725351219,21.19659433788188,21.03056285509822,0.9016864426935735,0.6039718544471786,23.941968177665977,23.420379984666937,,,,,,,,,,,5.0,5.0,2.0,0.0,190.0,316.0,224.0,224.0,34.0,-92.0,6.816666666666663,6.191666666666663,1.9208333333333325,2.1408333333333367,3.49,8.400000000000006,-0.4358333333333313,-0.7750000000000057,-59.73416666666685,-0.5980646334635367,-0.5362805104820332,,126.0,-126.0,5,2,avg,home_minus_away
MLS-MAT-0006CV,Carolina Core FC,Orlando City B,Truist Point,476,512,87.18487394957984,88.671875,17,9,2,0,0,0,13,3,5,1,,,1.2276,0.0525,1,0,415,454,0,0,9,17,1,6,563,619,ASA,-1.4870010504201616,10,4,,1.1751,-36,8,2,0,2025-06-11,MLS-STA-00002T,66.69166666666668,,89.04166666666667,,52.958333333333336,,14.125479342899009,,85.6,,41.83333333333333,,50.04166666666666,,31.95833333333333,,8.239366042225441,,55.4,,13.069999999999999,,24.90833333333333,,7.6625,,6.8104478305598795,,19.64,,20.656666666666666,,47.208333333333336,,7.883333333333333,,15.648116954960143,,30.660000000000004,,7.211666666666668,,10.958333333333334,,4.5875,,2.6300668691330094,,15.48,,76.84166666666667,,104.45833333333331,,55.75,,24.520743061289505,,116.8,,25.97,,27.77916666666667,,23.116666666666664,,2.1155188817141055,,30.660000000000004,,76.8,,82.29166666666667,,70.20833333333333,,4.484483278793423,,97.4,,1951.1683333333335,,2188.025,,1651.45,,226.18576648425403,,2188.88,,27.639136808230557,,30.038284025755207,,23.661900289481025,,3.1507065835170023,,33.3493528714018,,22.638193145156997,,24.462875358638943,,20.10800184022013,,2.25892669487602,,23.815481121553752,,,,,,,,,,,,5.0,0.0,2.0,0.0,39.0,,288.0,288.0,249.0,,,,,,,,,,,,,,,,5,2,avg,home_minus_away
MLS-MAT-0006CW,Real Monarchs,Tacoma Defiance,America First Field,515,420,82.71844660194175,78.80952380952381,13,13,2,2,0,0,8,6,2,2,,,0.6566,0.8189,2,1,426,331,0,0,12,12,2,2,638,532,ASA,3.9089227924179397,2,0,,-0.1623,95,0,0,0,2025-06-11,MLS-STA-00000R,49.58333333333333,54.141666666666666,56.75,70.29166666666667,42.583333333333336,39.5,5.2538841451930685,14.691521317110462,61.0,69.0,40.825,45.883333333333326,46.875,52.79166666666666,32.958333333333336,41.66666666666666,5.145993587248238,4.778187563175903,53.6,61.8,8.836666666666668,10.290000000000001,11.9375,17.6125,6.3375,5.5,2.102091385845164,5.018184467237352,13.1,14.919999999999998,11.8,15.895,15.620833333333332,29.525,8.745833333333334,7.870833333333334,2.7390058009755607,8.85759120049012,17.84,23.380000000000003,14.569999999999999,14.528333333333332,16.5625,15.5625,11.870833333333332,12.8125,1.8514150931712279,1.1462968759347543,32.7,34.160000000000004,70.51666666666668,77.99166666666666,78.20833333333333,90.95833333333331,55.458333333333336,70.16666666666667,9.839757788346892,10.055462514916396,114.4,126.0,22.35,22.335,24.641666666666666,24.183333333333334,19.954166666666666,19.475,2.242961599339391,2.0341541205403044,29.160000000000004,29.1,52.916666666666664,47.641666666666666,67.5,51.04166666666666,31.416666666666668,43.66666666666666,17.280945471498047,2.662040257647006,85.8,92.6,1051.8083333333332,893.5533333333333,1296.2208333333333,982.3041666666668,654.0291666666667,841.5124999999999,315.5827077413261,60.09741313877182,1303.8600000000001,1308.6200000000001,21.748105479619532,21.54560171791036,23.35400434744209,23.296392021776214,19.766550925925927,18.810810185185183,1.7759137977458668,1.9149131828170867,28.105415642422354,27.56336620412001,15.24687412232567,14.202201368626755,17.297724946237366,15.73651624303289,13.426486261994008,12.53051617084783,1.5052322603636388,1.2805600793005198,17.697647453018146,15.659168665181074,,,,,,,,,,,5.0,5.0,2.0,0.0,42.0,1302.0,1362.0,1362.0,1320.0,60.0,4.558333333333337,5.058333333333323,1.4533333333333331,4.094999999999999,-0.041666666666666075,7.47499999999998,-0.015000000000000568,-5.274999999999999,-158.25499999999988,-0.20250376170917406,-1.044672753698915,,1260.0,-1260.0,5,2,avg,home_minus_away
MLS-MAT-0006CT,Timbers2,Ventura County,Providence Park,542,510,84.68634686346863,84.31372549019608,7,13,1,2,0,0,17,11,11,6,,,1.0009,1.2195,2,3,459,430,0,0,12,7,6,11,646,620,ASA,0.3726213732725512,6,5,,-0.21860000000000013,32,-6,-1,0,2025-06-11,MLS-STA-00000P,39.641666666666666,35.891666666666666,43.16666666666666,46.208333333333336,34.291666666666664,29.666666666666668,3.7306910292270987,6.464150605884393,48.4,52.8,32.516666666666666,30.983333333333338,34.833333333333336,41.625,30.041666666666668,21.25,1.7140655860652867,7.312387226100955,51.4,50.6,6.29,4.763333333333334,7.883333333333333,5.3875,4.016666666666667,4.016666666666667,1.5760980519766032,0.5149956175649567,8.459999999999999,6.92,9.177499999999998,5.6466666666666665,13.229166666666666,6.858333333333333,4.333333333333333,4.333333333333333,3.584052253463327,0.9898547873299396,15.14,8.48,6.456666666666666,7.076666666666666,7.7375,8.995833333333334,5.358333333333333,5.808333333333334,1.1233653247175548,1.2461837578516795,12.86,12.86,76.06666666666668,69.94166666666666,79.29166666666667,86.08333333333333,73.33333333333333,49.75,2.731725899296795,13.666590446941928,111.4,108.8,20.553333333333335,23.469166666666666,26.633333333333336,26.633333333333336,17.504166666666666,20.65833333333333,3.870203572739355,2.766217332989824,25.9,31.580000000000002,64.30833333333332,50.15,80.875,61.75,39.41666666666666,39.41666666666666,20.68758601861942,9.049756365658569,85.8,77.6,1212.3158333333333,1071.835,1417.35,1189.3375,775.0416666666666,775.0416666666666,275.4192998235197,170.6097978728313,1376.48,1285.74,20.18031494770245,22.887007225081287,25.99983669233677,25.99983669233677,17.421875,20.36499644692417,3.5670019051588704,2.755857229926746,25.156533743979576,30.39408190889826,15.473254396639621,16.052161177685598,17.857093909989114,18.236153374858564,13.213192810844262,13.213192810844262,1.6656328410772034,2.0462596191626736,17.308600877851244,19.040733179403027,,,,,,,,,,,5.0,5.0,2.0,0.0,25.0,31.0,13.0,13.0,-12.0,-18.0,-3.75,-1.5333333333333279,-1.5266666666666664,-3.530833333333332,0.6200000000000001,-6.125000000000014,2.9158333333333317,-14.158333333333324,-140.4808333333333,2.7066922773788384,0.5789067810459763,,6.0,-6.0,5,2,avg,home_minus_away
MLS-MAT-0006CX,Columbus Crew 2,NYCFC II,Historic Crew Stadium,379,488,83.11345646437995,86.27049180327869,10,12,5,1,0,0,8,14,1,6,,,1.0408,1.0157,1,1,315,421,0,0,11,9,7,1,503,615,ASA,-3.157035338898737,-6,-5,,0.0250999999999999,-109,-2,4,0,2025-06-12,MLS-STA-000012,74.35833333333332,72.575,85.375,82.08333333333333,58.833333333333336,58.833333333333336,9.724396582250687,8.512266475830955,95.4,90.0,49.141666666666666,48.21666666666666,55.75,55.75,44.125,41.16666666666666,5.047912797494736,6.056834408794384,67.6,62.0,21.195,21.246666666666666,34.00833333333333,30.25,12.570833333333333,12.570833333333333,8.63199414484664,7.591865278228913,32.2,31.580000000000002,21.759166666666665,21.877499999999998,34.56666666666667,31.34583333333333,12.85,12.85,8.6500910199129,7.882009997280022,32.8,32.36,18.500833333333333,9.726666666666667,34.11666666666667,12.008333333333333,8.929166666666667,7.854166666666667,10.102898717694838,1.5547239840777736,43.3,27.439999999999998,78.33333333333333,84.78333333333333,95.20833333333331,95.20833333333331,52.833333333333336,76.70833333333333,16.842174864508042,6.686065526318313,124.4,126.6,19.190833333333334,20.165,20.98333333333333,21.241666666666667,16.804166666666667,18.7625,1.6469073499879836,1.0449597945482028,22.9,24.08,81.2,76.44166666666668,93.29166666666669,85.625,68.33333333333333,68.33333333333333,11.954173202043062,7.798826923896239,93.8,93.2,1523.8825,1503.1950000000002,1886.6125,1683.7208333333335,1223.6875,1223.6875,258.09179533875266,209.6476849184523,1713.28,1701.8200000000002,19.29505115077963,20.242389113742593,21.48939814814815,21.45587962962963,16.976087962962964,18.478564814814813,1.7450315706411612,1.2144912687991039,23.08406714862399,24.166844926401765,16.778906209528564,17.105768698409086,19.74005923331583,18.55853160451261,14.699369494918823,14.699369494918823,1.8751202989162845,1.6068844151260526,18.719213962600076,18.936428969332336,,,,,,,,,,,5.0,5.0,2.0,0.0,27.0,231.0,227.0,227.0,200.0,-4.0,-1.7833333333333172,-0.9250000000000043,0.05166666666666586,0.11833333333333229,-8.774166666666666,6.450000000000003,0.9741666666666653,-4.758333333333326,-20.687499999999773,0.9473379629629619,0.32686248888052205,,204.0,-204.0,5,2,avg,home_minus_away
MLS-MAT-0006CZ,TFC II,Inter Miami CF II,York Lions Stadium,400,696,79.25,88.36206896551724,6,12,3,3,0,0,6,15,2,5,,,1.8778,1.0246,2,0,317,615,0,0,12,6,5,3,528,830,ASA,-9.112068965517238,-9,-3,,0.8532,-296,-6,0,0,2025-06-12,MLS-STA-00001H,67.76666666666667,94.09166666666667,83.125,126.33333333333331,48.66666666666666,74.83333333333333,13.339015716228005,19.723443819757005,78.4,107.8,40.35,49.733333333333334,54.375,54.375,24.375,45.458333333333336,11.641513062694598,3.498337898996545,50.6,64.0,16.205833333333334,26.87083333333333,22.20833333333333,33.65833333333333,7.195833333333333,21.1375,6.366218488806539,5.55506994405411,22.419999999999998,42.72,22.597499999999997,27.20916666666667,36.79166666666666,34.295833333333334,11.120833333333332,21.3125,9.167368628425736,5.804888534914155,32.64,43.260000000000005,12.2075,17.804166666666667,19.195833333333333,19.195833333333333,6.895833333333333,15.970833333333331,5.301093473415544,1.5005988387973643,19.4,34.32,62.6,77.80833333333332,92.95833333333331,92.95833333333331,42.79166666666666,61.833333333333336,23.623339153849052,11.508398201603322,96.8,117.0,23.513333333333332,16.160000000000004,28.03333333333333,17.729166666666668,16.233333333333334,14.004166666666668,5.72496315490327,1.6013817818094205,26.9,18.96,77.30833333333334,77.11666666666667,82.04166666666667,91.79166666666669,71.625,65.04166666666667,4.398606944881023,9.552095828781363,93.6,90.4,1807.8349999999998,1227.6525,2232.4666666666667,1391.8416666666665,1171.35,1054.3666666666666,541.3695050469612,133.26116170418894,1972.98,1371.98,25.332993129454028,15.845157407407408,31.559814920158317,17.494074074074074,15.84553240740741,13.433703703703705,7.670085392143368,1.6504843816301484,29.59725784597773,18.634888888888888,20.49693576245687,13.463322407323641,24.925492478272886,14.744171203652236,13.136857697107972,11.285858280151642,5.995807656646721,1.3286950835634095,21.6485407961005,15.13039106798357,,,,,,,,,,,5.0,5.0,2.0,0.0,6.0,87.0,165.0,165.0,159.0,78.0,26.325000000000003,9.383333333333333,10.664999999999996,4.611666666666672,5.596666666666668,15.208333333333321,-7.353333333333328,-0.19166666666666288,-580.1824999999999,-9.48783572204662,-7.03361335513323,,81.0,-81.0,5,2,avg,home_minus_away
MLS-MAT-0006D0,MNUFC2,Houston Dynamo 2,National Sports Center Stadium,416,336,78.60576923076923,74.70238095238095,12,12,4,3,0,0,20,11,7,4,,,,,4,1,327,251,0,0,11,12,4,7,572,488,,3.9033882783882774,9,3,,,80,0,1,0,2025-06-12,MLS-STA-000015,68.10833333333332,81.5,83.58333333333333,89.66666666666667,53.54166666666666,74.75,13.260726790036811,5.925096694007056,76.6,90.4,42.68333333333332,47.55,53.54166666666666,53.458333333333336,34.083333333333336,38.625,7.664888833723114,5.908180533990329,54.6,60.0,18.97416666666667,26.126666666666665,28.195833333333336,31.191666666666663,11.341666666666669,18.2375,8.282032929446999,4.7842457027669925,29.6,43.239999999999995,22.1375,27.159166666666664,29.59166666666667,31.4625,15.208333333333334,18.48333333333333,6.541477571576966,5.087815988002886,35.12,45.06,9.650833333333333,9.589166666666667,13.166666666666666,18.229166666666668,6.616666666666667,4.941666666666666,2.6972149988460314,5.550963067092252,24.78,21.06,75.03333333333333,82.65,97.5,94.54166666666669,62.083333333333336,76.875,14.44780476404634,7.163007786925523,113.4,115.2,25.121666666666663,18.148333333333333,29.3375,19.5625,19.2125,14.958333333333334,5.387648554280843,1.9405835677273306,30.18,22.839999999999996,71.3,66.325,76.33333333333333,71.16666666666667,63.79166666666666,63.04166666666666,5.329132460145632,3.293433070352109,91.2,89.2,1771.1950000000002,1164.5791666666667,2174.2375,1305.2458333333334,1177.3541666666667,982.9791666666666,500.9839579760071,128.1125981802727,2044.3400000000001,1423.4,27.11831099505692,17.750541666666667,32.91334774891494,19.29546296296296,18.87789351851852,14.279837962962963,7.492189379073946,2.122943761929951,33.18568294249025,22.38588888888889,21.121012775879723,13.963862532268283,25.42043753717656,15.384633103689817,14.605700247958962,11.240100772986423,5.705037276804557,1.7441046925436838,22.788181725418365,16.62423672670872,,,,,,,,,,,5.0,5.0,2.0,0.0,20.0,257.0,275.0,275.0,255.0,18.0,13.39166666666668,4.866666666666674,7.152499999999996,5.021666666666665,-0.06166666666666565,7.616666666666674,-6.973333333333329,-4.974999999999994,-606.6158333333335,-9.367769328390253,-7.15715024361144,,237.0,-237.0,5,2,avg,home_minus_away
MLS-MAT-0006CY,Whitecaps FC 2,LAFC 2,Swangard Stadium,426,568,86.61971830985915,91.02112676056338,12,11,2,2,0,1,15,7,7,3,,,1.5061,0.5697,2,0,369,517,0,0,9,12,3,7,550,697,ASA,-4.401408450704224,8,4,,0.9364,-142,1,0,-1,2025-06-12,MLS-STA-00001E,49.99166666666666,68.025,58.875,70.04166666666667,36.54166666666666,63.66666666666666,10.384884849305426,2.6282387427493954,54.4,78.6,33.4,45.041666666666664,42.333333333333336,51.5,24.791666666666668,41.208333333333336,7.053651044356785,3.883614975480676,39.0,63.0,10.781666666666666,17.598333333333336,18.0625,19.70416666666667,5.204166666666667,15.575,5.061691121936313,1.5257073723722754,14.520000000000001,26.060000000000002,13.293333333333333,19.480833333333333,21.225,21.791666666666668,6.583333333333333,16.954166666666666,5.555692307344684,1.7354869433549651,18.46,27.939999999999998,12.039166666666668,26.486666666666668,22.570833333333336,29.691666666666663,3.2583333333333333,24.70833333333333,8.33923884499592,2.0197750665468774,18.78,53.94,64.25,63.891666666666666,71.625,79.75,57.79166666666666,53.75,6.539941386077812,9.873180212069464,93.8,117.2,20.341666666666665,20.016666666666666,20.516666666666666,22.704166666666666,20.075,18.3625,0.23466879733881382,1.656615525702931,26.53333333333333,24.2,68.72222222222221,66.16666666666666,68.95833333333333,71.04166666666667,68.33333333333333,63.125,0.3393553256352968,3.199663610791335,90.66666666666667,88.6,1327.988888888889,1273.4941666666668,1336.6958333333334,1366.2416666666668,1318.5416666666667,1147.75,9.099695062554694,95.27910178056419,1426.8999999999999,1481.1399999999999,20.23241529221355,19.80382426203054,20.408148148148147,22.70053334718973,19.93645833333333,18.00810185185185,0.2578045704537028,1.797604282943185,26.509891839308903,23.937901979027107,16.172296628703695,15.61317603211614,16.279687003025728,17.601163285809765,15.97020905545354,14.341645693934518,0.17512800924465774,1.3442916185337257,18.571834502609523,17.499506499808835,,,,,,,,,,,5.0,5.0,2.0,0.0,87.0,37.0,0.0,0.0,-87.0,-37.0,18.033333333333346,11.641666666666666,6.81666666666667,6.1875,14.4475,-0.3583333333333343,-0.3249999999999993,-2.555555555555557,-54.49472222222221,-0.4285910301830107,-0.5591205965875545,,-50.0,50.0,5,2,avg,home_minus_away
MLS-MAT-0006D1,Carolina Core FC,Chicago Fire FC II,Truist Point,355,546,75.77464788732394,85.8974358974359,11,11,3,2,0,0,8,9,2,2,,,0.5021,0.5562,1,1,269,469,0,0,10,11,3,2,474,684,ASA,-10.122788010111961,-1,0,,-0.05410000000000004,-191,0,1,0,2025-06-14,MLS-STA-00002T,83.26666666666668,,105.66666666666669,,62.708333333333336,,15.687613434738182,,107.4,,51.95833333333333,,62.958333333333336,,36.04166666666666,,11.002801095377693,,69.0,,21.909166666666668,,32.625,,10.25,,8.497246490285347,,34.28,,22.455000000000002,,32.7625,,10.695833333333333,,8.294813263921819,,34.96,,11.020833333333332,,17.245833333333334,,5.1625000000000005,,5.7967536113376035,,26.0,,99.04166666666667,,119.29166666666669,,81.25,,18.43077796483071,,139.2,,20.921666666666667,,25.7625,,15.983333333333334,,4.246239553678314,,25.240000000000002,,69.075,,84.33333333333333,,62.625,,8.82322534879142,,85.6,,1419.0291666666667,,2019.5,,1077.375,,390.63781975630377,,1653.94,,20.899611471443453,,26.005179533444096,,15.432361111111112,,4.754160819521779,,25.449410792687566,,16.890136549050894,,22.04312564886851,,12.330090388556442,,4.303958804692263,,18.983007378163684,,,,,,,,,,,,5.0,0.0,2.0,0.0,265.0,,288.0,288.0,23.0,,,,,,,,,,,,,,,,5,2,avg,home_minus_away
MLS-MAT-0006D2,North Texas SC,Austin FC II,Choctaw Stadium,330,349,77.27272727272727,78.51002865329512,27,15,7,4,0,0,14,15,5,7,,,1.1646,2.1517,1,2,255,274,0,0,15,26,7,6,446,476,ASA,-1.2373013805678568,-1,-2,,-0.9870999999999999,-19,12,3,0,2025-06-14,MLS-STA-000010,50.291666666666664,55.883333333333326,62.375,69.33333333333333,45.375,36.0,6.85964193671944,13.632655851137573,71.6,86.8,36.63333333333333,42.58333333333333,46.54166666666666,55.625,25.5,31.70833333333333,7.943561771089279,11.408490076838975,62.4,70.6,8.4575,8.795833333333333,11.241666666666667,12.283333333333331,6.8625,6.6625000000000005,1.9518740994234234,2.097441811535609,13.16,16.080000000000002,9.880833333333333,9.209166666666667,12.670833333333334,13.133333333333333,7.604166666666667,6.8,2.4443770508386526,2.3466184299019637,15.080000000000002,16.54,7.061666666666666,12.423333333333332,11.933333333333332,18.65,4.216666666666667,10.095833333333331,3.3662945854620485,3.5553493049988143,16.5,32.220000000000006,77.84166666666667,83.55833333333332,89.75,96.83333333333331,66.20833333333333,69.25,8.634224133579632,12.830140295413756,126.8,140.4,26.543333333333333,24.449166666666667,30.079166666666666,25.9125,23.4375,22.704166666666666,2.7491280183198286,1.4411348971094502,31.439999999999998,28.04,75.78333333333333,83.31666666666668,88.66666666666667,89.16666666666667,61.29166666666666,78.875,11.827404618089302,4.3334935867803805,95.6,98.2,1944.8583333333331,2002.735,2183.579166666667,2033.7166666666665,1770.8875,1971.9583333333333,155.50334471326943,27.41038754717099,2192.62,2177.92,28.161420083456115,25.623213088976417,32.07189909134577,27.33314193119361,24.25637553159251,23.358379629629628,3.1706850281896655,1.8903862717829572,34.07679610584677,30.063999787323553,22.92683116420206,22.137025288218013,23.85654261700133,23.060739384760083,21.36914603465721,21.30965482131379,0.9780844703019853,0.7876399959713613,24.379934816989397,23.473496210792028,,,,,,,,,,,5.0,5.0,2.0,0.0,164.0,219.0,187.0,187.0,23.0,-32.0,5.5916666666666615,5.949999999999996,0.33833333333333293,-0.6716666666666669,5.361666666666666,5.716666666666654,-2.0941666666666663,7.533333333333346,57.87666666666678,-2.5382069944796974,-0.7898058759840474,,55.0,-55.0,5,2,avg,home_minus_away
MLS-MAT-0006D3,New England Revolution II,FC Cincinnati 2,Gillette Stadium,486,434,82.51028806584362,80.64516129032258,8,14,3,3,0,0,19,5,7,1,,,2.0095,0.2874,0,1,401,350,0,0,13,8,1,7,643,580,ASA,1.8651267755210483,14,6,,1.7221000000000002,52,-6,0,0,2025-06-15,MLS-STA-00000N,73.65833333333333,60.908333333333324,99.0,75.08333333333333,57.29166666666666,54.458333333333336,18.600687897972428,8.330905896453011,100.4,82.8,50.925,42.65,61.79166666666666,51.25,40.25,29.875,10.116311429787258,8.446759322696222,71.0,59.2,21.40416666666667,13.676666666666668,33.358333333333334,18.820833333333333,11.279166666666669,6.783333333333334,9.069145551906566,4.8439068971004975,30.8,26.860000000000003,22.476666666666667,14.309166666666666,36.07083333333333,20.2125,11.4875,7.541666666666667,9.893830323601785,5.068680555079836,32.44,27.9,10.223333333333334,7.361666666666667,13.754166666666668,9.054166666666667,6.941666666666666,6.65,3.2799443169392717,0.9933258179245903,19.68,12.540000000000001,90.66666666666667,88.88333333333334,104.0,106.625,75.25,73.91666666666667,12.775063872421333,15.878318769455559,138.4,121.0,19.607499999999998,18.466666666666665,23.291666666666668,22.454166666666666,13.866666666666667,13.9875,3.6561311709085165,3.2702945416107227,24.28,22.6,72.15,77.53333333333333,85.875,96.04166666666669,65.66666666666667,64.08333333333333,8.30210816600218,13.559840369021071,92.6,91.2,1347.5466666666666,1379.8775,1650.2583333333332,1604.9708333333335,1188.6583333333333,1201.9541666666669,189.7655341366828,173.4065456511166,1618.28,1606.4199999999998,19.54151599391206,18.39920172083878,23.76136997849946,22.45758267826797,13.551180555555554,13.689537037037036,3.9265777699954283,3.3499016616458364,24.15701140574715,22.539552534894217,15.93638480958171,15.587875904087591,19.61707629974144,17.602295365684103,12.274592293173733,12.414970373332878,2.814306603510749,2.113558506614234,18.309395430538228,17.756406368027708,,,,,,,,,,,5.0,5.0,2.0,0.0,160.0,79.0,91.0,91.0,-69.0,12.0,-12.750000000000007,-8.274999999999999,-7.727500000000001,-8.1675,-2.8616666666666672,-1.7833333333333314,-1.1408333333333331,5.383333333333326,32.33083333333343,-1.142314273073282,-0.3485089054941195,,-81.0,81.0,5,2,avg,home_minus_away
MLS-MAT-0006D6,RBNY II,Chattanooga,MSU Soccer Park,551,452,86.20689655172414,80.53097345132744,18,17,2,4,0,0,16,9,6,3,,,3.1517,1.6235,5,2,475,364,0,1,17,18,3,7,705,605,ASA,5.675923100396702,7,3,,1.5282,99,1,-2,0,2025-06-15,MLS-STA-000014,64.10833333333333,72.325,72.375,90.5,48.833333333333336,62.208333333333336,9.45836086633291,11.633337810409836,71.6,91.0,43.68333333333333,49.69166666666667,51.91666666666666,58.583333333333336,34.708333333333336,38.583333333333336,6.655954936078749,8.545913578365328,58.8,67.2,15.95583333333333,18.828333333333333,20.52083333333333,24.566666666666663,7.625,15.079166666666666,5.1206083826371,4.280233962971856,25.28,30.2,17.043333333333333,19.5,21.804166666666664,24.90833333333333,8.079166666666667,15.975,5.434079064365714,4.086256394237204,26.46,30.78,13.1375,25.343333333333334,22.10833333333333,39.45,4.2875000000000005,18.4375,7.559112533337934,8.13787046861087,25.14,41.5,78.23333333333333,78.575,86.875,106.625,69.70833333333333,59.29166666666666,6.255802861699245,19.001630960700894,119.2,130.2,21.988333333333333,21.044166666666666,23.875,24.3375,17.016666666666666,16.895833333333332,2.853800767300416,2.7859045010353265,25.919999999999998,25.419999999999998,77.60833333333333,75.625,89.66666666666667,88.875,61.958333333333336,64.41666666666667,10.42368929943286,11.649801798504749,96.0,91.8,1662.1658333333332,1532.5708333333334,1980.625,1726.975,1354.2458333333334,1382.4875,237.99718207438337,134.25011208742472,1957.36,1763.72,22.378228191199007,21.246143705327135,24.791766802237508,24.903094378378267,17.115185185185187,16.96159722222222,3.109650566126546,2.9118883530711153,26.658107517171118,25.564663296669814,18.96320384312586,17.761688231601617,21.684782376321483,19.82153503958608,15.780783979589492,15.57061488371941,2.4285934621240806,1.5727608378359554,20.86586061675724,19.623843047837045,,,,,,,,,,,5.0,5.0,2.0,0.0,206.0,4.0,5.0,5.0,-201.0,1.0,8.216666666666669,6.00833333333334,2.8725000000000023,2.456666666666667,12.205833333333334,0.34166666666666856,-0.9441666666666677,-1.9833333333333343,-129.5949999999998,-1.1320844858718715,-1.2015156115242434,,-202.0,202.0,5,2,avg,home_minus_away
MLS-MAT-0006D4,Philadelphia Union II,Crown Legacy FC,Subaru Park,323,346,74.61300309597523,76.878612716763,16,15,4,3,0,0,14,11,5,0,,,2.6067,0.6159,2,0,241,266,0,0,15,15,0,7,456,482,ASA,-2.265609620787771,3,5,,1.9908000000000001,-23,1,1,0,2025-06-15,MLS-STA-000002,66.03333333333333,70.84166666666667,78.08333333333333,94.5,49.16666666666666,51.083333333333336,11.418582564301833,16.427196284752238,90.0,96.4,45.891666666666666,47.983333333333334,57.66666666666666,63.375,36.583333333333336,36.583333333333336,8.308588260883363,11.163580108250816,65.2,70.2,14.031666666666666,17.355833333333333,17.175,24.054166666666664,9.133333333333333,11.770833333333334,3.1344061217575354,5.179428627057019,21.8,26.439999999999998,14.8475,17.9175,17.9,24.65416666666667,9.629166666666666,12.254166666666668,3.303392353576345,5.136830349706584,22.919999999999998,27.160000000000004,10.599166666666665,15.334999999999999,17.2625,17.2625,5.116666666666666,13.25,5.804912461058784,1.5825151394747112,22.96,33.84,89.42499999999998,89.925,111.45833333333331,118.5,74.5,74.5,15.20894405166468,18.169280201911015,130.4,137.6,23.074999999999996,22.833333333333332,24.79583333333333,25.454166666666666,18.85833333333333,18.85833333333333,2.438388370875777,2.53725539324593,27.54,27.22,79.775,73.84166666666667,89.95833333333333,89.95833333333333,64.91666666666667,64.54166666666667,9.839184346840497,11.099666849354831,96.4,93.2,1792.5458333333331,1627.4258333333332,1988.5541666666668,1750.2875,1555.4125,1439.0833333333333,173.96089267079384,127.72127759984281,2041.6599999999999,1903.5,23.77190270193091,23.19835067685382,26.02071591008353,26.27263269901724,19.148634259259257,19.148634259259257,2.6783315208675154,2.66882635344156,28.711175668826662,27.509829214668002,20.272815539495177,19.19923791537918,21.856365456599075,20.992728742184138,17.6278434351828,17.6278434351828,1.717033069197545,1.3065600218096463,22.300620016371184,21.303654887582628,,,,,,,,,,,5.0,5.0,2.0,0.0,239.0,10.0,8.0,8.0,-231.0,-2.0,4.808333333333337,2.0916666666666686,3.3241666666666667,3.0700000000000003,4.735833333333334,0.5000000000000142,-0.2416666666666636,-5.933333333333337,-165.1199999999999,-0.5735520250770882,-1.0735776241159982,,-229.0,229.0,5,2,avg,home_minus_away
MLS-MAT-0006D7,Colorado Rapids 2,St Louis CITY2,University of Denver Soccer Stadium,254,428,74.80314960629921,84.34579439252336,14,12,5,2,0,0,8,17,4,9,,,,,2,3,190,361,0,0,12,14,9,4,409,588,,-9.542644786224145,-9,-5,,,-174,2,3,0,2025-06-15,MLS-STA-00001G,79.10833333333333,55.133333333333326,106.75,66.04166666666667,59.5,43.66666666666666,19.414779951252488,8.32809210176951,109.6,90.2,53.891666666666666,45.15833333333333,64.25,49.66666666666666,45.125,42.5,7.173119672313668,2.9067390568202756,76.8,68.8,21.550833333333333,6.9575000000000005,34.11666666666667,9.041666666666666,4.4,4.4,13.955826391789838,1.9403169486223404,34.38,11.34,23.2975,9.046666666666667,35.4125,11.908333333333331,6.820833333333333,6.820833333333333,13.296961001484512,2.4565130973032123,36.7,14.48,11.705833333333334,11.1425,17.691666666666666,13.841666666666669,7.704166666666667,7.704166666666667,3.9512585899235257,2.3590222786381467,30.619999999999997,27.839999999999996,97.40833333333333,88.79166666666667,109.66666666666669,101.04166666666669,86.95833333333333,78.16666666666667,8.485557583329465,9.02908110250184,151.6,137.2,22.305833333333332,21.166666666666668,23.2625,22.55,21.245833333333334,20.425,0.938983086168815,0.8802373022846346,28.78,29.880000000000003,60.258333333333326,50.141666666666666,72.29166666666667,54.16666666666666,47.5,47.54166666666666,11.006169355815349,2.4346671572653746,84.4,79.6,1258.1533333333332,927.5033333333333,1658.7541666666666,995.5166666666668,923.7916666666666,852.6166666666667,329.1087472698255,50.627087868468884,1525.42,1267.56,22.033225928250044,20.398489898983023,23.46941177285909,21.67320963295815,20.625818657579824,19.584651487759363,1.3222342750394027,0.8223783034449804,28.035620023839567,28.14045252715645,16.58095550648551,13.852498042001613,19.46623771569589,14.467421361595632,14.018081532525168,12.97201352327901,2.444897512929677,0.5804951109662806,19.325677335582704,16.708417410671757,,,,,,,,,,,5.0,5.0,2.0,0.0,152.0,1597.0,1609.0,1609.0,1457.0,12.0,-23.97500000000001,-8.733333333333334,-14.593333333333334,-14.250833333333333,-0.5633333333333344,-8.61666666666666,-1.1391666666666644,-10.11666666666666,-330.64999999999986,-1.634736029267021,-2.7284574644838955,,1445.0,-1445.0,5,2,avg,home_minus_away
MLS-MAT-0006D8,MNUFC2,Ventura County,National Sports Center Stadium,463,476,83.8012958963283,85.29411764705883,10,7,3,2,0,0,18,11,6,4,,,1.4248,2.6748,0,2,388,406,0,0,7,9,5,6,588,622,ASA,-1.4928217507305277,7,2,,-1.2499999999999998,-13,3,1,0,2025-06-15,MLS-STA-000015,54.666666666666664,78.46666666666667,69.20833333333333,92.20833333333331,44.458333333333336,63.04166666666666,10.37583664631971,11.478709156037054,60.0,87.8,35.358333333333334,44.65,38.0,53.458333333333336,32.375,37.458333333333336,2.738073887080317,6.7405154558914155,46.0,53.4,10.715,23.21,14.154166666666669,31.191666666666663,8.058333333333334,14.8,2.847977779154108,7.778210640236535,13.84,32.42,15.121666666666666,24.200833333333332,17.570833333333333,31.4625,13.7875,15.079166666666666,1.488545384296733,8.182021810211568,20.880000000000003,34.2,5.308333333333334,8.377500000000001,5.983333333333333,11.608333333333334,4.15,4.770833333333333,0.7421346837932377,2.435281397726167,9.2,14.680000000000001,72.675,74.43333333333334,88.0,94.54166666666669,60.5,55.91666666666666,10.608827561150301,14.987656958681413,98.2,105.0,17.46333333333333,16.809166666666666,20.516666666666666,19.5625,13.258333333333333,13.754166666666668,3.574125038616676,2.7320395184835005,20.86,20.919999999999998,79.65833333333333,76.58333333333333,88.04166666666667,87.08333333333333,73.58333333333333,63.04166666666666,6.585337247754798,11.201632135541677,92.2,91.0,1347.6950000000002,1241.6225,1487.5166666666669,1378.9375,1129.3333333333333,1150.9041666666667,164.70380636645058,89.47338260312083,1490.48,1470.26,17.345189814814816,16.545314814814816,20.54523148148148,19.29546296296296,12.870046296296296,13.37738425925926,3.764117942540106,2.736627533134875,20.77711111111111,20.712555555555554,14.925157939008349,13.921705223029372,17.06267863506591,15.233700200232994,11.629787895738692,11.952519974313802,2.634082861825822,1.4105448726171084,16.683269504751056,16.22257231849928,,,,,,,,,,,5.0,5.0,2.0,0.0,25.0,257.0,275.0,275.0,250.0,18.0,23.800000000000004,9.291666666666664,12.495000000000001,9.079166666666666,3.0691666666666677,1.75833333333334,-0.654166666666665,-3.075000000000003,-106.07250000000022,-0.7998750000000001,-1.0034527159789768,,232.0,-232.0,5,2,avg,home_minus_away
MLS-MAT-0006D9,Real Monarchs,Houston Dynamo 2,Zions Bank Stadium,503,212,91.65009940357852,73.11320754716981,14,13,5,1,0,0,17,10,6,1,,,,,1,1,461,155,0,0,12,14,1,7,653,330,,18.536891856408715,7,5,,,291,1,4,0,2025-06-15,MLS-STA-00001I,60.43333333333332,61.266666666666666,75.41666666666667,72.83333333333333,41.41666666666666,39.625,14.011670482930379,13.880585712505875,84.0,94.8,43.05,50.291666666666664,55.208333333333336,55.75,27.83333333333333,42.16666666666666,12.49817347766376,5.563397243491511,64.6,68.8,8.528333333333332,9.349166666666667,13.354166666666666,12.629166666666668,4.7625,6.254166666666666,3.21560107565876,2.429372847167672,13.64,13.88,15.156666666666666,17.578333333333333,22.96666666666667,22.008333333333336,9.041666666666666,11.725,5.306207547925983,4.297514624110597,22.82,28.1,9.961666666666666,13.59,12.283333333333331,15.5625,6.958333333333333,10.675,1.949575719512096,2.0128506423312515,25.36,32.96,86.96666666666667,88.225,118.16666666666669,108.16666666666669,64.91666666666667,70.16666666666667,23.73989916785664,14.914239793268418,132.6,139.0,26.226666666666667,25.08,27.204166666666666,26.40416666666667,25.04583333333333,24.183333333333334,0.8748194258118519,0.9268581187119349,31.4,32.72,60.91666666666667,45.908333333333324,89.08333333333333,51.41666666666666,17.791666666666668,33.333333333333336,34.35765976783375,7.1775837392073125,78.4,89.6,1554.8300000000002,977.7891666666667,2286.829166666667,1102.0375,431.5833333333333,766.3833333333333,933.6431581993361,126.75198608870217,1800.78,1563.48,26.984190150665903,24.137017633993825,29.991714194529575,25.08107694030917,24.154820231321505,23.296392021776214,2.6149722479860418,0.7262543359040705,33.24563494251986,30.41283472288572,19.781105711035234,16.035355729810348,24.760996256030783,16.700802857898257,12.39639712284816,14.98113889443336,6.2393086054507165,0.705000448482611,21.258208512154027,17.64439866479719,,,,,,,,,,,5.0,5.0,2.0,0.0,20.0,1302.0,1509.0,1509.0,1489.0,207.0,0.8333333333333428,7.241666666666667,0.8208333333333346,2.421666666666667,3.628333333333334,1.2583333333333258,-1.1466666666666683,-15.008333333333347,-577.0408333333335,-2.847172516672078,-3.7457499812248862,,1282.0,-1282.0,5,2,avg,home_minus_away
MLS-MAT-0006DA,Colorado Rapids 2,North Texas SC,University of Denver Soccer Stadium,417,346,84.1726618705036,78.61271676300578,18,24,3,4,0,0,21,5,6,3,,,,,1,1,351,272,0,0,24,18,3,6,583,497,,5.559945107497825,16,3,,,71,-6,-1,0,2025-06-18,MLS-STA-00001G,56.35833333333333,53.958333333333336,69.33333333333333,66.04166666666667,45.583333333333336,45.583333333333336,9.82324694566697,8.575238901757912,84.2,90.4,44.71666666666666,45.75,53.5,49.66666666666666,38.04166666666666,43.583333333333336,5.5556996509090695,2.3966484120769733,68.8,68.8,9.651666666666667,5.49,14.4125,8.766666666666667,4.033333333333333,3.858333333333333,4.300935177700051,2.0929561098546188,14.66,9.120000000000001,11.050833333333333,7.325,16.920833333333334,11.483333333333334,5.170833333333333,5.170833333333333,4.786496667419943,2.451089256160752,16.759999999999998,11.42,11.230833333333333,9.775833333333333,12.041666666666666,11.0625,9.945833333333333,7.704166666666667,0.8426901780079743,1.2435158210582697,28.979999999999997,24.759999999999998,86.76666666666665,94.275,96.20833333333331,101.04166666666669,72.08333333333333,90.08333333333331,9.716493351799064,4.0763758754287975,135.8,137.4,23.85333333333333,21.4325,26.8375,23.1,17.583333333333332,17.683333333333334,3.8412931398307943,2.170686175434447,29.32,29.619999999999997,70.63333333333334,51.925,82.04166666666667,73.79166666666667,38.16666666666666,38.16666666666666,18.449052407162338,13.168756426987837,88.4,79.8,1653.6633333333332,973.4066666666665,2157.7833333333333,1278.0458333333331,771.4166666666666,775.2333333333332,606.501518296682,184.52342285356943,1861.42,1292.3600000000001,24.83146122786175,20.655008140872376,29.519055713198696,21.95933549076492,17.322916666666668,17.43400462962963,5.130015717700337,1.8576277038683806,31.486399513281356,27.935376152401794,19.654287911649064,14.262723707132446,24.205542919583763,14.647871217979777,13.524972812001373,13.60322722863267,5.24707801720302,0.4173271662473003,21.67316653833173,17.045473858421552,,,,,,,,,,,5.0,5.0,2.0,0.0,219.0,1597.0,1609.0,1609.0,1390.0,12.0,-2.3999999999999915,1.0333333333333385,-4.161666666666667,-3.725833333333333,-1.455,7.508333333333354,-2.4208333333333307,-18.708333333333343,-680.2566666666667,-4.176453086989376,-5.391564204516618,,1378.0,-1378.0,5,2,avg,home_minus_away
MLS-MAT-0006DC,Huntsville,Crown Legacy FC,Wicks Family Field,508,291,89.1732283464567,77.66323024054982,12,15,2,4,1,0,16,9,6,3,,,2.4652,1.7322,3,3,453,226,0,0,15,12,4,8,662,427,ASA,11.509998105906874,7,3,,0.7329999999999999,217,-3,-2,1,2025-06-20,MLS-STA-000013,51.291666666666664,47.8,57.083333333333336,52.66666666666666,43.958333333333336,43.208333333333336,5.306164522934095,4.101088100871651,55.0,51.4,35.55,28.81666666666667,45.625,31.25,26.875,26.875,7.905496505596597,1.582949514882476,49.4,37.6,10.025,8.735833333333334,13.2125,9.554166666666667,7.604166666666667,7.604166666666667,2.1029039115259427,0.8220570404648198,14.76,14.52,10.778333333333332,9.647499999999999,14.204166666666666,10.758333333333333,8.370833333333334,8.370833333333334,2.1807642327608203,0.9294310162077057,15.8,16.1,4.1241666666666665,2.8675,5.804166666666667,3.1125000000000003,2.529166666666667,2.529166666666667,1.3881767618794885,0.2115460614407915,10.4,6.16,75.68333333333334,60.666666666666664,87.875,65.16666666666667,58.25,56.04166666666666,14.549323437878472,3.576665307548674,106.8,87.4,25.144166666666667,24.571666666666665,26.370833333333334,25.27083333333333,24.058333333333334,23.766666666666666,0.8680007760493194,0.6709329636160863,29.660000000000004,28.3,84.50833333333334,87.21666666666667,86.79166666666667,92.16666666666669,80.5,84.0,2.4765216983144387,3.281550912128124,97.4,98.4,2094.0808333333334,2120.6191666666664,2115.295833333333,2184.266666666667,2066.8791666666666,2066.8791666666666,18.543266925326012,46.56749289039776,2239.82,2247.5800000000004,26.705480946327327,25.88124084779712,28.43388495402353,26.982287231093547,25.13500928575982,24.605462962962964,1.2537371499145835,1.0046371072028941,32.941815649690305,31.067360601107158,22.988191597001496,22.83043857471023,23.584592843378804,23.160027526454744,22.274013634776963,22.274013634776963,0.49382050592549276,0.34320409688214515,24.739217495696984,24.42749953070274,,,,,,,,,,,5.0,5.0,2.0,0.0,239.0,190.0,197.0,197.0,-42.0,7.0,-3.491666666666667,-6.733333333333327,-1.2891666666666666,-1.1308333333333334,-1.2566666666666664,-15.016666666666673,-0.5725000000000016,2.7083333333333286,26.538333333332957,-0.8242400985302076,-0.1577530222912671,,-49.0,49.0,5,2,avg,home_minus_away
MLS-MAT-0006DB,Timbers2,Austin FC II,Providence Park,329,545,78.419452887538,86.05504587155963,18,14,3,3,0,0,8,20,1,9,,,0.9423,2.4159,1,1,258,469,1,0,14,16,9,1,485,694,ASA,-7.635592984021628,-12,-8,,-1.4736000000000002,-216,4,0,0,2025-06-20,MLS-STA-00000P,40.74999999999999,35.15,51.54166666666666,45.208333333333336,25.45833333333333,25.45833333333333,12.565384549980505,8.567420524547892,47.2,42.6,26.708333333333332,26.43333333333333,31.625,30.58333333333333,19.0,19.0,5.469613027140647,5.164868638751187,36.2,40.6,7.040000000000001,5.029166666666667,10.4125,7.7625,3.325,3.325,3.0925462023854857,1.7105245093895096,10.26,7.32,9.209166666666667,6.371666666666667,14.275,9.570833333333333,4.325,4.325,4.148012827447219,1.9948967008901037,13.819999999999999,9.18,4.471666666666667,5.885,4.966666666666667,7.2625,3.470833333333333,4.770833333333333,0.6413040100711467,1.0551691544223818,8.86,12.1,59.65,64.9,66.70833333333333,75.125,50.75,50.75,5.84036778236896,9.277764263130543,87.6,97.2,23.055,17.205833333333334,27.7125,18.45,15.9875,15.9875,5.926542813666517,0.962854371993329,28.46,24.080000000000002,70.41666666666666,56.666666666666664,82.91666666666667,62.5,57.91666666666666,52.375,10.401822756933838,3.857149746466511,90.8,87.4,1617.5400000000002,881.7708333333334,2202.766666666667,1036.5625,842.0833333333334,800.975,631.4435740920583,90.3988757938486,1807.9,1044.26,24.24637931823976,16.461601851851853,30.333588441601435,17.718125,15.154074074074074,15.154074074074074,7.6674640904127935,1.0084773986621602,31.374476044042716,23.384333333333338,19.102560745397756,11.666774537835954,24.475949844953977,12.617571832680971,10.804589212630033,10.804589212630033,6.790175511119876,0.7843329028101248,21.101502109786395,14.321822190685305,,,,,,,,,,,5.0,5.0,2.0,0.0,164.0,31.0,13.0,13.0,-151.0,-18.0,-5.599999999999994,-0.27500000000000213,-2.010833333333334,-2.8374999999999995,1.413333333333333,5.250000000000007,-5.849166666666665,-13.749999999999993,-735.7691666666668,-7.784777466387908,-7.435786207561803,,-133.0,133.0,5,2,avg,home_minus_away
MLS-MAT-0006DD,Columbus Crew 2,Philadelphia Union II,Historic Crew Stadium,430,268,85.5813953488372,80.59701492537313,7,15,1,2,0,0,9,17,5,9,,,1.1966,2.3461,1,3,368,216,0,0,15,6,10,5,549,399,ASA,4.984380423464074,-8,-4,,-1.1494999999999997,162,-8,-1,0,2025-06-21,MLS-STA-000012,52.98333333333333,56.75,58.375,67.0,48.79166666666666,48.79166666666666,3.5358530716708865,7.417544423714478,60.4,69.2,36.15833333333334,40.25,42.833333333333336,48.41666666666666,33.25,33.458333333333336,3.964622197217117,5.727689203431962,51.8,57.4,10.0825,11.311666666666666,12.108333333333334,19.566666666666663,6.7875000000000005,6.7875000000000005,2.5071138369979673,5.001675413743322,17.76,17.28,10.526666666666667,11.594166666666666,12.695833333333333,19.716666666666665,7.075,7.075,2.6349260083433936,4.939883039551082,18.54,18.02,11.166666666666666,7.1875,14.129166666666668,9.658333333333331,4.716666666666667,4.716666666666667,4.036129153244067,2.136157391855239,22.7,17.3,71.4,83.13333333333334,83.29166666666667,85.125,56.125,81.54166666666667,12.747671355977145,1.3360649102661286,106.0,120.2,21.236666666666668,22.81,23.85,23.866666666666664,17.275000000000002,21.804166666666664,2.5655662549100797,0.7321522211944727,24.32,26.54,85.40833333333333,83.675,92.875,91.70833333333331,72.58333333333333,72.58333333333333,8.159616429574235,7.159480408676469,96.2,95.8,1784.5916666666667,1885.7633333333335,2106.7291666666665,2077.8250000000003,1602.4958333333334,1602.4958333333334,206.48055234879595,199.72948048982695,1990.0,2053.52,21.776316021784428,23.471843643789168,25.14750181536445,25.03588487822037,17.483125,22.188865740740734,2.875227950355182,1.0186444076442025,25.269280339295104,27.809713958396014,19.313338078539743,20.63099577733567,22.39897299519758,22.1967108499702,16.42453868372978,19.097702971096883,2.121681368652549,1.335571257790673,21.293148078080378,22.514613378927613,,,,,,,,,,,5.0,5.0,2.0,0.0,10.0,231.0,227.0,227.0,217.0,-4.0,3.766666666666673,4.0916666666666615,1.229166666666666,1.067499999999999,-3.979166666666666,11.733333333333334,1.5733333333333306,-1.7333333333333343,101.17166666666685,1.6955276220047395,1.3176576987959265,,221.0,-221.0,5,2,avg,home_minus_away
MLS-MAT-0006DE,Whitecaps FC 2,North Texas SC,Swangard Stadium,305,524,78.0327868852459,83.20610687022901,10,15,4,2,0,0,17,16,8,7,,,2.604,2.07,4,3,238,436,0,0,14,10,8,8,473,673,ASA,-5.1733199849831095,1,1,,0.5340000000000003,-219,-5,2,0,2025-06-21,MLS-STA-00001E,54.891666666666666,56.875,79.375,72.45833333333333,38.375,46.583333333333336,15.796080078086886,9.527691731065934,81.6,62.2,37.25,36.575,60.04166666666666,42.625,24.625,33.041666666666664,14.195375322813955,3.6117333865549317,59.2,49.6,9.645833333333334,12.145,12.883333333333333,17.912499999999998,6.4625,10.458333333333334,2.716272018880943,3.228189906037815,14.98,20.94,11.8875,14.6925,15.945833333333333,19.5875,9.058333333333334,13.0625,2.6276375637950276,2.77303390060217,18.54,25.839999999999996,7.8308333333333335,19.56083333333333,17.675,26.3125,3.6291666666666655,12.729166666666666,5.755183050472369,4.806616714083942,21.46,40.58,76.90833333333333,56.4,98.5,58.25,65.5,54.125,14.83969315907696,1.4865134450189883,120.6,86.8,27.5625,15.601666666666665,28.34583333333333,16.4,26.775,13.666666666666666,0.785424955747594,1.1280883535137358,32.0,18.5,75.31944444444444,67.84166666666667,78.875,75.45833333333333,72.83333333333333,61.875,3.1596230143155704,5.838792088741948,93.0,89.6,2036.9847222222222,1030.6425000000002,2046.8916666666669,1161.4125,2027.9833333333331,973.3916666666668,9.486637471162458,76.84287706227771,2333.1333333333337,1170.6,30.053647073250428,14.988810185185184,30.7881448697453,15.797129629629628,29.155481035440488,13.059189814814816,0.8285458761427138,1.1459927728344543,36.51796021382827,17.799888888888887,23.958322118252443,11.846867052067816,24.324198119178657,12.986925900845206,23.64031813650082,10.943711888207051,0.34444412513751616,0.7851540573453782,25.67067963987624,13.082282117211141,,,,,,,,,,,5.0,5.0,2.0,0.0,219.0,37.0,0.0,0.0,-219.0,-37.0,1.9833333333333343,-0.6749999999999972,2.4991666666666656,2.8050000000000015,11.729999999999997,-20.508333333333333,-11.960833333333335,-7.477777777777774,-1006.3422222222221,-15.064836888065244,-12.111455066184627,,-182.0,182.0,5,2,avg,home_minus_away
MLS-MAT-0006DF,Chattanooga,FC Cincinnati 2,Finley Stadium,393,429,80.1526717557252,85.31468531468532,11,16,4,1,0,0,10,13,2,4,,,0.4827,0.6817,0,0,315,366,0,0,15,11,5,2,509,548,ASA,-5.162013558960126,-3,-2,,-0.19899999999999995,-36,-5,3,0,2025-06-21,MLS-STA-00002S,58.48333333333333,50.541666666666664,77.16666666666667,57.208333333333336,44.41666666666666,44.41666666666666,12.636772563963213,5.022950798307929,76.0,57.2,39.725,31.958333333333332,54.75,45.708333333333336,26.75,26.375,11.004441969293834,7.9744056727340755,59.2,42.0,12.399166666666668,9.934999999999999,19.8,12.645833333333334,7.358333333333333,7.358333333333333,4.581866621379447,2.2992386270000096,19.619999999999997,15.74,12.940833333333334,10.925,19.95,13.783333333333331,7.95,7.95,4.453500495864648,2.5152986762123404,20.619999999999997,17.28,7.8566666666666665,4.296666666666666,12.066666666666668,7.462499999999999,3.8625,2.7541666666666664,2.955357364647765,1.8677415060262843,17.22,11.32,74.38333333333334,63.15833333333334,97.41666666666669,77.625,58.625,57.5,14.721500244351613,8.283046188852664,119.8,91.0,24.02,24.204166666666666,24.695833333333336,24.916666666666668,23.241666666666664,23.5125,0.6428182307447262,0.5562695065243903,28.46,28.78,86.325,88.42499999999998,92.20833333333331,93.08333333333331,81.04166666666667,81.04166666666667,4.357245721528418,4.508710705093213,97.6,98.6,2042.7658333333334,2115.774166666667,2133.2166666666667,2209.6875,1941.6375,1941.6375,83.14028166757613,114.43084806050865,2250.6400000000003,2315.8599999999997,25.148747459347128,25.457614494599177,26.29128955072622,26.53446083903418,24.164667934986664,24.41504509271037,0.8778766937618581,0.761694848421356,30.78943113863648,31.91953274250808,22.140474061243463,22.62324354650248,22.84472900247109,23.44238741165898,21.7720934620797,21.89932182544635,0.42734699601702303,0.673350451759922,24.129521124438785,24.73181633502185,,,,,,,,,,,5.0,5.0,2.0,0.0,160.0,206.0,209.0,209.0,49.0,3.0,-7.941666666666663,-7.766666666666669,-2.464166666666669,-2.015833333333333,-3.5600000000000005,-11.225000000000001,0.18416666666666615,2.09999999999998,73.00833333333367,0.3088670352520495,0.4827694852590163,,46.0,-46.0,5,2,avg,home_minus_away
MLS-MAT-0006DG,Carolina Core FC,RBNY II,Truist Point,440,425,83.86363636363636,85.17647058823529,11,12,1,3,0,0,16,18,4,8,,,1.9604,2.3111,1,2,369,362,0,0,12,11,8,4,599,594,ASA,-1.3128342245989302,-2,-4,,-0.35070000000000023,15,-1,-2,0,2025-06-21,MLS-STA-00002T,60.975,,79.08333333333333,,44.625,,12.611089696506532,,75.2,,43.05,,47.208333333333336,,36.125,,4.261259594689502,,58.6,,13.130833333333333,,20.204166666666666,,6.516666666666667,,6.009281449696516,,19.72,,14.269166666666667,,22.10833333333333,,7.175,,6.629123192817852,,20.82,,20.567500000000003,,34.30416666666667,,4.3500000000000005,,14.36701934263564,,35.8,,68.025,,98.0,,43.75,,23.15766461790903,,102.0,,21.851666666666667,,26.28333333333333,,17.383333333333333,,3.852455250659418,,25.7,,81.675,,93.58333333333331,,66.0,,12.44541554370747,,93.0,,1723.3349999999998,,1977.3,,1541.1333333333332,,186.41338793961393,,1911.0,,22.3727960897409,,27.381792691584653,,17.495671296296297,,4.139488324967587,,26.563752237697816,,19.29952439216502,,22.089537595171844,,16.044684717064534,,2.4612182220547174,,21.090609130010016,,,,,,,,,,,,5.0,0.0,2.0,0.0,4.0,,288.0,288.0,284.0,,,,,,,,,,,,,,,,5,2,avg,home_minus_away
MLS-MAT-0006DH,St Louis CITY2,Town FC,Energizer Park,413,368,78.93462469733656,71.46739130434783,10,17,1,4,0,0,13,11,4,3,,,,,3,1,326,263,0,0,17,10,3,5,545,482,,7.467233392988732,2,1,,,45,-7,-3,0,2025-06-22,MLS-STA-00000U,44.925,65.99166666666666,72.33333333333333,81.79166666666667,29.291666666666668,53.29166666666666,19.134969260783016,11.426979830889511,59.0,98.4,32.608333333333334,46.58333333333333,54.375,57.583333333333336,20.541666666666668,36.0,15.38579679625191,9.071427594988076,43.8,69.2,7.918333333333334,12.420833333333333,11.991666666666667,16.629166666666666,4.9625,9.2625,3.60212562631813,2.662967812318513,10.66,19.34,9.394166666666667,13.581666666666667,14.395833333333334,17.787499999999998,6.483333333333333,10.041666666666666,3.756879800224295,2.838816080007845,12.88,21.2,6.160833333333334,9.794166666666666,10.925,12.716666666666669,3.3083333333333336,5.254166666666666,2.8434616764703473,2.7760064491199516,15.540000000000001,30.0,73.21666666666667,90.30833333333332,102.08333333333331,102.08333333333331,49.25,64.79166666666667,24.27099248874855,15.330519442891966,99.0,137.6,21.780833333333334,25.843333333333334,29.08333333333333,29.08333333333333,16.45,24.133333333333336,5.437212316783093,1.9248344986575383,28.2,30.76,66.23333333333333,74.68333333333334,70.75,79.125,59.75,70.29166666666667,4.770478516645662,4.304451023198088,90.6,95.0,1383.655,1874.5808333333334,2015.7791666666665,2015.7791666666665,989.2083333333334,1735.9958333333334,463.7240264551811,128.34815057858998,1535.42,2093.38,22.390561210961913,27.306166334645972,32.26442749018566,32.26442749018566,15.910879629629628,24.695011830239167,7.0480888146624086,2.9422210260596993,29.372163628528035,33.04247554045514,17.18619795934131,22.177902981007556,24.67611621850625,24.67611621850625,12.501408917409371,20.49067270459141,5.555297866332351,1.5480067849700532,19.773035065989852,24.10348972899967,,,,,,,,,,,5.0,5.0,2.0,0.0,17.0,152.0,142.0,142.0,125.0,-10.0,21.066666666666663,13.974999999999994,4.502499999999999,4.1875,3.633333333333332,17.091666666666654,4.0625,8.450000000000003,490.92583333333346,4.91560512368406,4.991705021666245,,135.0,-135.0,5,2,avg,home_minus_away
MLS-MAT-0006DJ,Inter Miami CF II,Chicago Fire FC II,Chase Stadium,521,347,89.82725527831094,86.45533141210375,12,11,2,2,0,0,18,17,6,5,,,1.0837,2.5932,1,3,468,300,0,0,11,12,5,6,638,482,ASA,3.3719238662071973,1,1,,-1.5094999999999998,174,1,0,0,2025-06-25,MLS-STA-000008,55.21666666666666,35.449999999999996,68.125,38.91666666666666,35.25,30.125,17.09634666952108,3.3903201667885745,77.6,38.6,38.675,23.841666666666665,50.583333333333336,25.70833333333333,21.375,21.375,13.960646574488509,1.9345631864124309,58.4,30.0,8.772499999999999,6.2908333333333335,10.704166666666666,7.225,5.920833333333333,5.3625,2.0798191194054465,0.7980085891350628,14.2,9.34,10.463333333333335,9.206666666666667,11.491666666666667,10.6125,8.220833333333333,7.904166666666666,1.2992632794951315,1.1448465447871652,16.02,12.42,8.110833333333334,5.4799999999999995,16.379166666666666,6.904166666666666,4.483333333333333,4.483333333333333,4.801798708123169,0.937728675814302,16.34,12.9,82.93333333333334,57.766666666666666,112.54166666666669,63.875,47.41666666666666,47.41666666666666,28.907743580032143,6.456424449079127,118.6,73.0,25.855,27.9625,28.45,28.45,21.8875,27.48333333333333,2.723048804495922,0.402293770493377,28.52,30.18,72.275,72.41666666666667,74.70833333333333,77.08333333333333,70.29166666666667,70.29166666666667,1.721393169628724,2.823973510656371,81.8,82.6,1855.7758333333331,2014.4641666666666,2000.6916666666664,2115.266666666667,1567.3333333333333,1970.3375,176.79959283826915,57.543818720316786,1966.14,2142.1400000000003,27.499531226396336,30.69257742639811,31.39645904199821,31.39645904199821,22.008541666666662,29.96275499343372,3.92782148532798,0.568095574506597,30.853739089064,33.857422413026725,22.01054863705272,24.013511613368546,24.146894554408632,24.279736190911557,18.26522225920029,23.746522822360618,2.4347542400221447,0.22111263826044947,23.254307127857064,24.846471199084984,,,,,,,,,,,5.0,5.0,2.0,0.0,265.0,6.0,4.0,4.0,-261.0,-2.0,-19.766666666666666,-14.833333333333332,-2.4816666666666656,-1.2566666666666677,-2.6308333333333342,-25.16666666666667,2.107499999999998,0.14166666666666572,158.6883333333335,3.193046200001774,2.0029629763158248,,-259.0,259.0,5,2,avg,home_minus_away
MLS-MAT-0006DK,Orlando City B,TFC II,Osceola Heritage Park,617,441,89.78930307941653,87.52834467120181,8,13,1,0,0,0,11,12,2,4,,,1.0848,1.1874,1,2,554,386,0,0,12,8,4,2,732,556,ASA,2.2609584082147194,-1,-2,,-0.10260000000000002,176,-5,1,0,2025-06-25,MLS-STA-000017,54.93333333333332,38.50833333333333,80.875,51.41666666666666,31.666666666666668,28.25,22.905917933776173,10.380955452708148,74.2,42.4,41.483333333333334,26.65,56.833333333333336,33.708333333333336,24.041666666666668,21.166666666666668,16.082863766893144,6.204948741842182,60.8,35.2,13.183333333333334,6.533333333333333,18.758333333333333,8.679166666666667,5.4875,5.020833333333333,6.824532569463397,1.9314646141090845,20.96,9.76,14.253333333333334,8.624166666666666,19.245833333333334,11.2,7.470833333333334,7.033333333333332,5.9678067172026354,1.9969864448991916,22.32,12.040000000000001,13.941666666666666,7.058333333333333,22.741666666666664,9.258333333333333,6.554166666666667,5.05,6.647238618403885,1.8036734314232776,28.02,15.14,76.45,58.6,115.33333333333331,77.33333333333333,50.91666666666666,46.5,26.545515811945,13.203455986975527,125.6,86.4,23.4725,27.013333333333332,27.4625,27.433333333333334,18.5875,26.4875,3.976664352821343,0.4076673991544244,26.880000000000003,31.24,80.30833333333334,79.625,84.75,82.41666666666667,77.29166666666667,77.58333333333333,3.558611425511042,2.459392427228951,94.2,95.6,1859.7400000000002,2119.604166666667,2111.925,2175.070833333333,1414.3208333333332,2068.5750000000003,295.06554223642917,44.45372877201771,2050.88,2308.96,24.591698340827417,29.27423408423824,29.79199455324141,29.954694094596142,18.51997685185185,28.6527008682327,5.0809065540164795,0.5553266163559343,29.00270455852803,35.64956238175651,20.81895979330244,24.092549730250166,24.28952076019675,24.26058036094112,15.78159999223214,23.905286187525693,3.664430026969977,0.14564629734058837,22.582083011133808,25.429079673771987,,,,,,,,,,,5.0,5.0,2.0,0.0,87.0,39.0,23.0,23.0,-64.0,-16.0,-16.42499999999999,-14.833333333333336,-6.65,-5.629166666666668,-6.883333333333334,-17.85,3.5408333333333317,-0.6833333333333371,259.86416666666673,4.682535743410824,3.273589936947726,,-48.0,48.0,5,2,avg,home_minus_away
MLS-MAT-0006DI,LAFC 2,MNUFC2,Titan Stadium,362,558,84.25414364640883,88.70967741935483,9,10,1,0,0,0,13,16,5,5,,,1.8308,1.7105,1,0,305,495,0,0,9,9,6,6,497,692,ASA,-4.455533772945998,-3,0,,0.12030000000000007,-196,-1,1,0,2025-06-25,MLS-STA-00001F,52.666666666666664,68.70833333333334,67.20833333333333,73.91666666666667,38.5,65.04166666666667,12.536578425196849,3.6172090607108833,60.8,71.2,39.84166666666667,46.825,48.708333333333336,49.75,31.541666666666668,44.083333333333336,7.869122586272103,2.2818730123397386,55.4,60.0,9.725833333333332,19.159166666666668,17.575,22.8625,3.3166666666666664,17.091666666666665,6.710861583615357,2.3306074106931387,15.66,22.94,11.273333333333333,22.453333333333333,21.40416666666667,26.0875,3.520833333333333,19.316666666666663,8.208560487550653,2.516386228856329,18.16,26.82,12.145833333333332,26.05916666666667,26.191666666666663,31.258333333333336,3.716666666666667,22.425,10.37738970135982,3.2058383155667034,19.28,49.46,82.60833333333333,68.025,92.79166666666669,75.29166666666667,70.08333333333333,63.958333333333336,8.19455272998134,4.339598835786043,118.8,120.8,25.19833333333333,19.9725,30.6375,20.808333333333334,19.4625,19.316666666666663,5.443323509891116,0.7331356267582575,29.72,26.080000000000002,66.01666666666668,65.275,69.45833333333333,68.04166666666667,60.708333333333336,58.04166666666666,4.136935594266744,4.142492372419724,82.0,92.2,1618.155,1224.9341666666667,1890.7166666666665,1304.9416666666666,1285.6166666666666,1099.8875,292.5578954662695,75.84089387677187,1793.1200000000001,1410.5,26.888501543870046,19.721194793105038,34.56239869582847,20.555648148148148,19.259444444444444,19.07726851851852,7.424583113008861,0.717065102679625,32.55670130248359,25.74031350871645,20.380085508384727,15.327832970938577,24.86309564799059,16.173021912692477,15.425707261008275,14.969616392426213,4.552664869668719,0.48119412871385003,22.5223872478829,17.61583033533997,,,,,,,,,,,5.0,5.0,2.0,0.0,257.0,87.0,52.0,52.0,-205.0,-35.0,16.04166666666668,6.983333333333334,9.433333333333335,11.18,13.913333333333338,-14.583333333333329,-5.22583333333333,-0.7416666666666742,-393.2208333333333,-7.1673067507650075,-5.052252537446151,,-170.0,170.0,5,2,avg,home_minus_away
MLS-MAT-0006DL,Philadelphia Union II,New England Revolution II,Subaru Park,486,304,80.65843621399176,71.71052631578948,16,10,1,4,0,0,18,8,4,2,,,1.7286,1.4891,2,2,392,218,0,0,10,16,2,4,662,484,ASA,8.947909898202283,10,2,,0.23949999999999982,182,6,-3,0,2025-06-26,MLS-STA-000002,74.10833333333333,79.05,78.375,82.16666666666667,65.29166666666667,74.54166666666667,5.117847312211559,3.582170353911774,108.6,128.6,55.233333333333334,56.36666666666666,57.625,59.583333333333336,52.625,53.875,2.146460264404321,2.442285189007302,77.4,85.0,14.886666666666667,15.608333333333334,17.825,17.462500000000002,12.245833333333332,12.408333333333331,2.1850410783069716,2.1091998384063415,24.7,24.6,15.807500000000001,16.596666666666668,19.508333333333333,18.7875,12.8375,13.1125,2.698641955276353,2.2975160197724644,25.639999999999997,25.56,11.35833333333333,14.48333333333333,18.39583333333333,18.39583333333333,6.4375,11.954166666666666,5.494827112839855,2.776729316019916,31.18,39.260000000000005,102.31666666666668,105.025,118.54166666666669,118.54166666666669,93.875,93.875,10.367366669828307,10.734023981402945,151.6,163.4,27.3375,29.125,31.3125,31.3125,22.141666666666666,25.804166666666664,3.719128715543168,2.382699507794564,32.980000000000004,34.42,69.05,66.34166666666667,76.75,73.25,61.875,61.875,6.550909076015502,4.5775910998884335,87.8,85.2,1828.8483333333334,1883.3166666666668,2060.983333333333,2038.0958333333333,1491.8291666666669,1639.2375,207.25214100974915,154.23379703977187,2187.2400000000002,2179.88,29.662603656960073,32.09074964877468,34.95526773249487,35.23096207140539,22.29312300088686,26.440762285412053,5.161551826304936,3.735268127889174,36.34466995839604,38.304889957162274,22.706151527918163,23.962361474792647,25.108612571300423,25.759769856581222,18.0217929755204,20.79356471207332,2.9260169660319906,1.9375924626726677,24.974540619111078,25.707699472685146,,,,,,,,,,,5.0,5.0,2.0,0.0,79.0,10.0,8.0,8.0,-71.0,-2.0,4.941666666666663,1.1333333333333258,0.7216666666666676,0.7891666666666666,3.125,2.7083333333333286,1.7875000000000014,-2.7083333333333286,54.468333333333476,2.4281459918146098,1.2562099468744847,,-69.0,69.0,5,2,avg,home_minus_away
MLS-MAT-0006DN,Austin FC II,Sporting KC II,Parmer Field,517,286,87.62088974854932,79.02097902097903,12,17,1,4,0,0,14,5,5,0,,,,,1,0,453,226,0,0,17,12,0,5,640,405,,8.59991072757029,9,5,,,231,-5,-3,0,2025-06-27,MLS-STA-000018,39.141666666666666,41.31666666666666,41.29166666666666,53.04166666666666,35.75,35.75,2.489317454421768,6.842638481528075,48.2,48.2,32.483333333333334,29.15,36.66666666666666,30.83333333333333,27.20833333333333,27.20833333333333,3.7046564168174414,1.5214325303622385,45.8,41.0,5.69,5.6466666666666665,7.7375,8.558333333333334,3.983333333333333,3.954166666666667,1.6886765445822427,2.1308893063955976,9.86,9.1,7.206666666666666,8.355833333333333,9.9625,14.575,4.733333333333333,4.733333333333333,2.259470039879067,4.400933652520666,13.459999999999999,13.959999999999999,3.8108333333333335,2.8575,6.208333333333333,3.4416666666666664,2.85,2.245833333333333,1.361638361598915,0.5138819443975221,8.0,5.1,81.41666666666666,73.79166666666666,86.58333333333333,79.75,73.16666666666667,64.125,5.428512687652115,6.422751443977188,105.2,99.0,28.331666666666667,28.47,29.0,29.1375,27.666666666666668,27.666666666666668,0.6139339789876055,0.7333357007537536,33.1,34.1,67.9,69.56666666666666,74.0,74.0,60.458333333333336,66.95833333333333,5.832782712108061,3.5390431459490426,81.2,92.6,1892.94,1921.1241666666665,2000.875,2000.875,1728.3875,1860.9833333333331,115.76561534488795,63.57455995609494,2081.62,2271.2799999999997,30.4266097088473,30.304409571509545,31.227238334140495,30.99842165464587,29.506591624017343,29.506591624017343,0.8632359933426408,0.7506827054150624,36.6260612696027,36.677330228960045,23.57240935252809,23.79968541191308,23.93125455726132,23.95559539750909,23.02935138593624,23.62089470813165,0.3615140590076426,0.15143919605264528,25.264314020336244,24.781222954443116,,,,,,,,,,,5.0,5.0,2.0,0.0,276.0,164.0,157.0,157.0,-119.0,-7.0,2.174999999999997,-3.3333333333333357,-0.04333333333333389,1.149166666666667,-0.9533333333333336,-7.625,0.13833333333333186,1.6666666666666572,28.184166666666442,-0.12220013733775659,0.22727605938499096,,-112.0,112.0,5,2,avg,home_minus_away
MLS-MAT-0006DO,Columbus Crew 2,Carolina Core FC,Historic Crew Stadium,455,415,86.5934065934066,85.3012048192771,15,12,4,1,0,0,6,7,2,3,,,0.959,1.0132,1,0,394,354,0,0,12,15,3,3,576,550,ASA,1.292201774129495,-1,-1,,-0.05420000000000014,40,3,3,0,2025-06-28,MLS-STA-000012,70.875,68.65,78.0,78.0,63.75,62.208333333333336,10.076271631908302,6.261558756057114,120.5,106.2,52.75,51.30833333333332,57.458333333333336,57.458333333333336,48.04166666666666,47.16666666666666,6.658588856173333,4.460143713429479,76.5,72.0,11.339583333333334,11.6,14.1375,14.1375,8.541666666666666,8.541666666666666,3.9568516963897227,2.3188220638696904,14.05,14.8,12.035416666666666,13.495833333333334,14.991666666666667,17.025000000000002,9.079166666666667,9.079166666666667,4.1807688437654615,3.065672959473082,15.25,17.52,7.354166666666667,8.868333333333334,9.058333333333334,11.5125,5.65,5.65,2.4100556125441495,2.1292535044261665,15.1,20.939999999999998,107.85416666666666,102.35,116.25,116.25,99.45833333333331,96.04166666666669,11.873501367424124,8.222101397385515,152.5,143.4,26.731250000000003,27.384999999999998,26.808333333333334,28.14583333333333,26.65416666666667,26.65416666666667,0.10901229543292616,0.6642835008070284,31.6,32.04,82.4375,79.03333333333333,83.375,83.375,81.5,73.375,1.3258252147247767,4.319328329986291,98.5,95.8,2163.989583333333,2121.291666666667,2184.8125,2198.5291666666667,2143.1666666666665,1997.8958333333333,29.44805115816503,82.5305343325864,2367.7,2327.6,29.461240060073877,30.247124061715947,29.485432208675206,31.50306878020159,29.437047911472543,29.437047911472543,0.03421286465494699,0.8510087035948689,37.13270919503115,37.43330082385602,24.206336725525567,24.32310340946218,24.273873088847647,24.700322197870232,24.138800362203483,23.972579139881915,0.0955108409634443,0.2934002492602514,26.087531928552032,26.079409969978038,,,,,,,,,,,2.0,5.0,2.0,0.0,,231.0,227.0,227.0,,-4.0,-2.2249999999999943,-1.441666666666677,0.2604166666666661,1.4604166666666671,1.514166666666667,-5.504166666666663,0.6537499999999952,-3.4041666666666686,-42.69791666666606,0.7858840016420707,0.11676668393661416,,,,5,2,avg,home_minus_away
MLS-MAT-0006DW,St Louis CITY2,Houston Dynamo 2,Energizer Park,414,228,85.02415458937197,70.17543859649123,16,15,2,3,0,0,21,8,8,3,,,,,1,0,352,160,0,0,15,16,3,9,564,350,,14.848715992880742,13,5,,,186,1,-1,0,2025-06-28,MLS-STA-00000U,53.95833333333333,70.51666666666667,71.33333333333333,79.33333333333333,39.333333333333336,62.625,12.833400973847715,6.723882083869245,76.0,116.0,40.50833333333333,50.25833333333333,50.083333333333336,55.958333333333336,30.666666666666668,45.41666666666666,7.614314005724863,4.3214380001208985,62.2,77.0,8.132499999999999,9.876666666666667,9.7375,12.320833333333333,6.7250000000000005,8.1875,1.1006603131756867,1.5464329474992153,11.76,13.219999999999999,9.805000000000001,11.130833333333333,11.3125,13.804166666666667,8.779166666666667,8.779166666666667,1.0742948268515495,2.0290695561978382,14.080000000000002,15.3,10.261666666666667,9.3225,13.670833333333334,10.675,7.833333333333333,7.833333333333333,2.3854292212187826,1.2823575836022583,20.7,19.880000000000003,85.26666666666667,98.27499999999999,97.58333333333331,106.45833333333331,71.91666666666667,92.54166666666669,11.150236669137458,5.1309755137032305,127.4,151.6,27.432499999999997,28.561666666666667,29.04583333333333,29.04583333333333,26.191666666666663,27.120833333333334,1.0854442574868188,0.8161584302899363,31.060000000000002,32.88,80.0,72.53333333333333,88.66666666666667,75.875,68.91666666666667,68.58333333333333,7.899817596347114,3.5489386128500136,94.8,90.8,2166.4325,2033.1575,2314.925,2136.8625,1947.0,1947.0,162.97737038828583,83.10235674263727,2380.66,2322.3,30.099895498503322,31.4244932839106,31.42856039872048,32.23578103587697,28.558781944220296,29.43887470861947,1.2783709650676465,1.151220835485322,36.40129464094624,37.74191049484758,24.545581305750463,24.464214573444096,25.238271520827364,25.124933308576416,23.68587064121221,23.68587064121221,0.5961339912132838,0.5769228211434673,26.125056799131812,25.939953731301337,,,,,,,,,,,5.0,5.0,2.0,0.0,20.0,152.0,142.0,142.0,122.0,-10.0,16.558333333333337,9.75,1.7441666666666684,1.3258333333333319,-0.9391666666666669,13.008333333333326,1.12916666666667,-7.466666666666669,-133.27499999999986,1.3245977854072777,-0.0813667323063676,,132.0,-132.0,5,2,avg,home_minus_away
MLS-MAT-0006DP,MNUFC2,Colorado Rapids 2,National Sports Center Stadium,305,347,84.91803278688525,84.72622478386167,18,15,3,2,0,0,13,12,9,4,,,,,2,1,259,294,0,0,14,17,5,10,464,501,,0.19180800302358136,1,5,,,-42,3,1,0,2025-06-28,MLS-STA-000015,46.125,38.7,66.625,47.41666666666666,29.375,28.666666666666668,16.443189235127782,7.188037419521716,58.6,51.8,36.791666666666664,30.041666666666664,49.958333333333336,39.29166666666666,23.58333333333333,22.08333333333333,11.086269974362182,7.698022383126143,52.4,49.0,10.309166666666666,6.890833333333333,15.4125,8.450000000000001,5.195833333333334,5.55,4.1616995393175085,1.384664269376837,18.06,13.180000000000001,11.725,7.3125,17.316666666666666,8.875,5.279166666666667,5.704166666666667,5.144530030635559,1.4787704868497265,20.419999999999998,14.219999999999999,8.499166666666666,9.308333333333334,13.229166666666666,10.8375,4.45,7.9875,3.315045405671944,1.073666808962011,21.82,25.28,76.725,67.3,95.08333333333331,85.54166666666667,58.04166666666666,51.458333333333336,16.566616364779428,15.838661384234607,111.6,96.4,18.554166666666667,20.796666666666663,19.34583333333333,25.554166666666664,17.0125,17.391666666666666,1.0043611499079617,3.0460219959809876,22.880000000000003,24.04,76.75,76.08333333333334,92.20833333333331,93.66666666666669,68.08333333333333,57.79166666666666,9.784350103325432,15.525320939606301,94.8,90.0,1384.8041666666666,1538.9041666666667,1569.6541666666665,1772.0458333333331,1208.975,1216.2791666666667,142.85667767347374,207.18612572864143,1574.0800000000002,1811.9599999999998,18.46916666666667,21.01102855340493,19.318240740740745,26.261855729987605,17.176967592592593,17.63212962962963,0.9574962207344566,3.233490756033667,22.732777777777777,24.725760821934237,15.615685242552146,17.638865378869184,16.297799776984757,20.315049034960584,14.18266660871919,15.910804962085717,0.8894087413649191,1.8205300047607613,17.45716419609671,20.101466840098507,,,,,,,,,,,5.0,5.0,2.0,0.0,1597.0,257.0,275.0,275.0,-1322.0,18.0,-7.424999999999997,-6.75,-3.418333333333333,-4.4125,0.8091666666666679,-9.424999999999997,2.242499999999996,-0.6666666666666572,154.10000000000014,2.5418618867382605,2.0231801363170376,,-1340.0,1340.0,5,2,avg,home_minus_away
MLS-MAT-0006DQ,LAFC 2,Tacoma Defiance,Titan Stadium,566,476,85.68904593639576,85.71428571428571,6,11,0,2,0,0,13,14,6,4,,,2.6513,1.1436,2,3,485,408,0,0,11,6,4,6,680,599,ASA,-0.025239777889950687,-1,2,,1.5077,90,-5,-2,0,2025-06-29,MLS-STA-00001F,61.76666666666667,74.175,83.75,78.625,34.5,65.04166666666667,20.29225700715533,5.31093931323724,71.8,76.4,40.68333333333333,47.95833333333333,60.66666666666666,50.458333333333336,21.125,45.91666666666666,17.84728815379088,1.718213300042942,55.0,62.6,14.980833333333333,21.967499999999998,23.829166666666666,24.825,5.6875,18.97083333333333,8.625010366338374,2.4008613905568708,19.64,26.26,16.531666666666666,24.3525,25.90416666666667,27.004166666666663,7.2875,22.041666666666668,9.178986323693678,2.240842862877962,21.36,29.119999999999997,21.394166666666667,29.403333333333336,42.47083333333333,38.3125,4.55,23.7875,17.51728278531107,5.694962594989833,34.980000000000004,50.02,61.475,64.60833333333332,76.125,75.58333333333333,37.75,50.16666666666666,17.111577261868316,9.660854933987755,105.8,121.8,19.259999999999998,21.979166666666664,23.575,24.40833333333333,14.908333333333331,19.329166666666666,3.6325288195690892,1.8403770937561186,25.06,29.160000000000004,68.5,60.1,79.875,68.04166666666667,59.66666666666666,47.625,7.249401316277399,7.645555172051855,91.8,87.0,1233.0741666666668,1212.2375,1394.3625,1287.8208333333334,1086.3791666666668,1031.2583333333334,115.3626308299784,102.82118863151318,1417.1799999999998,1417.56,18.972402779907856,21.62895082355949,23.264523132637976,23.603719500460937,14.540347222222222,19.09428240740741,3.751962891082044,1.6584997839892968,24.51378342982224,28.23746101144844,15.052567494880009,16.24124321245729,17.52126807022323,16.778651948277766,12.58506158322112,15.129297274269032,2.4265964404226734,0.6723762568665819,17.098354484899087,18.448671802724782,,,,,,,,,,,5.0,5.0,2.0,0.0,42.0,87.0,52.0,52.0,10.0,-35.0,12.408333333333324,7.274999999999999,6.986666666666665,7.820833333333333,8.009166666666669,3.1333333333333186,2.7191666666666663,-8.399999999999999,-20.836666666666815,2.6565480436516324,1.1886757175772829,,45.0,-45.0,5,2,avg,home_minus_away
MLS-MAT-0006DT,Whitecaps FC 2,Real Monarchs,Swangard Stadium,354,465,84.46327683615819,86.88172043010752,9,10,0,3,0,0,11,20,5,8,,,1.3086,2.7632,2,3,299,404,0,0,10,9,8,5,519,617,ASA,-2.418443593949334,-9,-3,,-1.4546,-111,-1,-3,0,2025-06-29,MLS-STA-00001E,59.35833333333333,61.541666666666664,70.58333333333333,81.45833333333333,37.333333333333336,50.0,14.371394475369,14.671075331716104,88.0,67.0,45.71666666666666,37.4,56.5,48.25,26.291666666666668,30.041666666666668,12.342423451926555,6.768659907577308,61.6,50.2,10.325833333333332,14.261666666666667,15.908333333333331,26.691666666666663,7.145833333333333,8.541666666666666,3.308634274725583,7.270975046374453,14.2,21.64,19.151666666666664,15.650833333333333,39.7375,27.4375,12.045833333333334,10.3125,11.593928981846968,6.876316414371546,28.839999999999996,23.139999999999997,9.078333333333333,22.448333333333334,15.133333333333333,32.550000000000004,2.6916666666666664,15.733333333333334,5.636243700866345,6.272029647791678,21.14,43.239999999999995,87.30000000000001,46.15833333333333,97.66666666666669,65.54166666666667,67.75,34.208333333333336,13.69694308960945,12.188885248910632,128.4,74.0,22.39861111111111,15.9175,24.15833333333333,18.45,20.879166666666663,13.854166666666666,1.6527351768552692,1.76723998166004,28.900000000000002,18.32,40.819444444444436,79.89166666666668,43.5,85.54166666666667,38.54166666666666,72.66666666666667,2.5035853919558737,5.73326368659248,87.66666666666667,94.2,749.423611111111,1242.8041666666666,809.6041666666666,1293.1666666666667,684.4208333333332,1174.3666666666666,62.730830589762554,50.66560288768144,1229.3,1393.94,21.427244692104978,15.650865740740738,22.75763378625761,18.24796296296296,20.158472222222223,13.525462962962962,1.3006758494258024,1.8027137554705697,27.298765044527343,17.988333333333333,12.949954176714256,13.517705970975886,13.21905237624575,14.981862644458555,12.778744406915882,12.200829213323518,0.23591181714903678,1.0338594251255218,14.104600559514083,14.856882013317934,,,,,,,,,,,5.0,5.0,2.0,0.0,1302.0,37.0,0.0,0.0,-1302.0,-37.0,2.183333333333337,-8.316666666666663,3.935833333333335,-3.500833333333331,13.370000000000001,-41.14166666666668,-6.481111111111108,39.072222222222244,493.3805555555556,-5.77637895136424,0.5677517942616301,,-1265.0,1265.0,5,2,avg,home_minus_away
MLS-MAT-0006DV,RBNY II,FC Cincinnati 2,MSU Soccer Park,496,210,81.65322580645162,67.14285714285714,15,12,0,3,0,0,20,13,8,7,,,4.0121,2.1416,3,2,405,141,0,0,9,12,7,9,662,404,ASA,14.510368663594477,7,1,,1.8705000000000003,286,3,-3,0,2025-06-29,MLS-STA-000014,78.09166666666667,62.77499999999999,92.04166666666669,77.20833333333333,58.375,52.54166666666666,15.616230872610297,8.991247673277734,117.8,85.6,53.225,46.44166666666666,62.66666666666666,51.583333333333336,35.833333333333336,35.541666666666664,11.27711239142755,6.506447123174574,76.6,65.0,14.075,12.168333333333333,16.733333333333334,16.441666666666666,10.870833333333332,9.241666666666667,2.2180270731490688,2.9727153342244748,18.919999999999998,21.4,16.143333333333334,13.290833333333333,20.829166666666666,17.695833333333333,13.254166666666668,9.7875,2.826415574539596,3.217437569540221,20.9,22.32,9.334999999999999,15.541666666666666,11.8375,18.141666666666666,7.954166666666667,11.45,1.6184043496261644,2.5585962812752534,16.78,35.32,107.63333333333333,89.38333333333333,120.875,97.95833333333331,84.20833333333333,81.625,16.44246070054264,7.440994743834839,151.2,133.2,25.910000000000004,25.869166666666665,29.15833333333333,30.891666666666666,19.9375,19.97083333333333,3.9473120689203713,4.5828083032617055,30.54,30.279999999999994,75.4,69.71666666666667,79.20833333333333,78.625,68.95833333333333,63.79166666666666,4.636303754069616,7.028550407682469,93.2,87.6,1925.0408333333332,1761.6933333333332,2206.5750000000003,1901.6958333333328,1363.65,1312.0583333333334,341.2353476504319,252.70447033664624,2158.5,2168.12,28.217350182170634,27.485309044500077,32.51648209763004,34.25955797509365,19.78738425925926,19.75333333333333,5.64712322635505,6.064121248019118,34.31059926484536,32.59713595236133,22.433113286879916,21.501248450133254,25.340762192269707,25.021803047539507,16.03777301662206,15.720761743264076,3.9866328847393313,3.7127769673363926,24.177198910677284,23.562995116668795,,,,,,,,,,,5.0,5.0,2.0,0.0,160.0,4.0,5.0,5.0,-155.0,1.0,-15.316666666666677,-6.7833333333333385,-1.9066666666666663,-2.852500000000001,6.206666666666667,-18.25,-0.04083333333333883,-5.683333333333337,-163.34750000000008,-0.7320411376705565,-0.9318648367466622,,-156.0,156.0,5,2,avg,home_minus_away
MLS-MAT-0006DX,San Jose Earthquakes II,Ventura County,St. Mary’s College,430,447,86.04651162790698,84.3400447427293,14,13,3,2,0,0,13,12,4,5,,,,,1,1,370,377,0,0,12,14,5,4,548,568,,1.7064668851776759,1,-1,,,-17,1,1,0,2025-06-29,MLS-STA-000024,50.18333333333333,48.475,52.958333333333336,58.583333333333336,46.833333333333336,38.0,2.3549224450546613,8.327008016088373,52.2,53.4,36.06666666666667,29.366666666666664,37.875,35.666666666666664,34.125,22.416666666666668,1.6262281683563244,5.268766063637037,55.2,35.4,9.7225,9.74,11.208333333333334,13.2125,8.5875,6.208333333333333,1.1293918902075868,2.760325627429569,11.8,13.219999999999999,14.242499999999998,11.9725,16.383333333333333,16.291666666666668,11.483333333333334,7.816666666666666,2.122016696708843,3.3619547265442664,19.1,16.0,9.309999999999999,7.314166666666667,13.825,10.529166666666669,5.491666666666667,5.2375,4.087498513421409,2.1780422529316454,19.419999999999998,15.080000000000002,70.01666666666667,48.81666666666667,79.08333333333333,61.333333333333336,56.54166666666666,39.083333333333336,11.384824816882826,8.781570031732494,116.2,70.2,19.404166666666665,17.600833333333334,20.279166666666665,19.83333333333333,17.533333333333335,15.258333333333333,1.1072872569683267,2.0980281747922787,25.2,24.68,71.3,70.825,80.125,75.79166666666667,64.0,66.0,6.710882021016314,4.822851421444924,92.6,94.2,1314.9083333333333,1157.9858333333334,1459.8125,1215.4,1164.3375,1110.5666666666666,129.7339197378833,40.859921573250965,1406.26,1230.2,19.23218103718428,17.25189121153741,20.0775,19.57069719837639,17.434375,14.817638888888888,1.0645044635946987,2.16614164359245,24.855836825301346,24.2136483675267,15.623392451532123,13.828829729292504,16.762370558338116,15.258823441997553,14.979094187506334,12.372114252155846,0.7397058042725818,1.264676578082491,18.08342529813613,16.79255117823274,,,,,,,,,,,5.0,5.0,2.0,0.0,25.0,17.0,149.0,149.0,124.0,132.0,-1.7083333333333286,-6.700000000000006,0.01750000000000007,-2.269999999999998,-1.9958333333333318,-21.199999999999996,-1.803333333333331,-0.4749999999999943,-156.9224999999999,-1.9802898256468708,-1.7945627222396183,,-8.0,8.0,5,2,avg,home_minus_away
MLS-MAT-0006DY,Philadelphia Union II,Orlando City B,Subaru Park,404,319,82.92079207920793,77.4294670846395,13,16,2,4,0,0,34,6,14,5,,,2.761,0.9106,1,1,335,247,0,0,15,13,5,14,601,507,ASA,5.49132499456843,28,9,,1.8504,85,-3,-2,0,2025-06-30,MLS-STA-000002,49.36666666666666,72.44166666666666,87.79166666666667,87.79166666666667,30.95833333333333,59.16666666666666,24.410558109601308,12.93958316562014,74.8,114.0,37.525,50.041666666666664,60.91666666666666,60.91666666666666,24.291666666666668,34.125,15.427321768357734,10.529431305208801,57.6,79.6,9.6475,14.385000000000002,16.6125,16.650000000000002,4.1000000000000005,10.8875,5.306889684645801,2.454562079068282,14.220000000000002,21.740000000000002,12.274166666666666,15.374166666666667,17.724999999999998,17.320833333333333,5.554166666666666,12.7375,5.720853362431556,1.9161534639016313,19.06,22.46,9.385833333333334,13.3875,14.629166666666668,16.162499999999998,5.5125,8.079166666666667,4.2673325082668585,3.1282524740926303,18.32,31.639999999999997,76.63333333333333,93.50833333333333,115.83333333333331,115.83333333333331,56.66666666666666,78.20833333333333,24.08106967446974,14.525044224449784,120.8,152.0,26.314166666666665,26.027499999999996,27.2875,30.23333333333333,24.183333333333334,20.779166666666665,1.2250517279327886,3.6355409482099232,30.9,30.74,80.06666666666668,75.11666666666666,81.75,81.75,77.375,63.04166666666666,1.657684127530535,7.762948412527014,95.4,89.8,2073.1966666666667,1910.9266666666667,2159.241666666667,2159.241666666667,1949.5458333333331,1616.075,79.81572512625937,195.89674014732165,2328.62,2197.7200000000003,28.380470683317764,28.016741688861877,29.85383352889522,33.61002705140404,25.725151293872603,20.951481481481483,1.5615491752878439,4.835812642981011,35.09510628129475,33.81720386421829,23.480173685913332,22.45180019250264,24.467082135343656,24.525415087128263,21.700277466678045,18.01555364572564,1.0470632573670429,2.730102127223239,25.368639038644254,24.187343766375715,,,,,,,,,,,5.0,5.0,2.0,0.0,39.0,10.0,8.0,8.0,-31.0,-2.0,23.075000000000003,12.516666666666666,4.737500000000001,3.1000000000000014,4.001666666666665,16.875,-0.28666666666666885,-4.950000000000017,-162.26999999999998,-0.3637289944558866,-1.0283734934106938,,-29.0,29.0,5,2,avg,home_minus_away
MLS-MAT-0006DR,Chicago Fire FC II,Crown Legacy FC,SeatGeek Stadium,410,365,81.70731707317073,82.73972602739725,8,18,0,4,0,0,15,20,6,7,,,1.3192,3.0984,1,1,335,302,0,0,18,8,9,6,582,528,ASA,-1.0324089542265256,-5,-1,,-1.7792,45,-10,-4,0,2025-06-30,MLS-STA-00001B,83.74166666666666,70.74166666666666,99.33333333333331,88.375,67.08333333333333,57.16666666666666,12.606366887851197,12.883876390020726,143.2,118.0,58.3,50.45833333333333,66.125,62.29166666666666,52.41666666666666,40.54166666666666,5.515319573696527,8.766997379693663,92.0,82.4,12.858333333333334,11.510000000000002,14.691666666666668,14.895833333333334,9.829166666666667,8.625,2.3819689422128634,2.345090542554334,23.22,18.240000000000002,13.844999999999999,11.923333333333334,16.412499999999998,15.470833333333331,10.508333333333333,9.041666666666666,2.757433765699952,2.3963832702173864,23.82,18.839999999999996,11.519166666666667,12.034166666666668,14.3875,15.270833333333334,8.670833333333333,8.491666666666667,2.6735630226555562,2.4504701221284955,36.44,21.4,111.925,106.275,120.0,126.45833333333331,99.45833333333331,90.625,8.238913004759796,15.421215545114743,171.6,156.6,27.396666666666665,23.777499999999996,30.679166666666664,25.429166666666664,23.71666666666667,21.558333333333334,2.580602387148306,1.8855181832707009,33.18,26.5,70.04166666666667,82.95,77.125,93.625,61.375,74.79166666666667,5.8745567208655585,7.152019916701075,91.0,92.6,1850.8375,1954.8241666666665,1930.4958333333332,2161.366666666667,1789.3,1787.2375,58.44021272669752,142.06493567961385,2128.7,2081.7,29.105713385192917,24.784301926085416,32.91790799386429,27.23916661527096,24.40663464693714,22.214375,3.1735811361311,2.354235405670437,35.56737749229424,28.35947959164047,22.85425864697894,21.49636891572242,24.27206799728613,23.463975310680723,20.60394863707958,19.59950693288573,1.426511971013792,1.4342026998748716,24.524236960264695,22.984440276920992,,,,,,,,,,,5.0,5.0,2.0,0.0,239.0,265.0,189.0,189.0,-50.0,-76.0,-13.0,-7.841666666666669,-1.3483333333333327,-1.921666666666665,0.5150000000000006,-5.6499999999999915,-3.6191666666666684,12.908333333333331,103.98666666666645,-4.321411459107502,-1.3578897312565203,,26.0,-26.0,5,2,avg,home_minus_away
MLS-MAT-0006E1,North Texas SC,MNUFC2,Choctaw Stadium,325,341,79.6923076923077,84.1642228739003,16,18,3,3,0,1,17,12,9,2,,,2.0766,1.8283,3,1,259,287,0,1,18,16,3,10,454,471,ASA,-4.471915181592607,5,7,,0.24829999999999997,-16,-2,0,-1,2025-07-03,MLS-STA-000010,53.15,52.266666666666666,70.16666666666667,65.29166666666667,36.458333333333336,44.54166666666666,15.107157749814418,8.240082422726935,72.6,84.8,40.81666666666666,43.80833333333333,53.333333333333336,54.25,31.5,37.958333333333336,10.750710570831021,6.345834701247392,59.2,67.6,10.184166666666666,8.088333333333333,17.704166666666666,13.35,5.583333333333333,4.433333333333334,4.5777725736553485,3.3404967299456776,18.32,12.24,13.054166666666669,10.23,27.995833333333334,17.7375,6.283333333333334,5.070833333333334,8.706825527360065,4.752983712013609,24.660000000000004,18.02,11.174166666666666,9.536666666666667,18.0125,18.779166666666665,8.970833333333333,6.1125,3.8601309707199203,5.478183054931016,26.860000000000003,24.380000000000003,80.99166666666666,89.96666666666667,102.20833333333331,96.0,62.29166666666666,85.66666666666667,17.506531519216857,4.431030103461016,123.8,135.0,26.186666666666667,28.93416666666667,29.541666666666668,29.995833333333334,23.29583333333333,27.516666666666666,2.6776165162945462,1.005537618778025,30.6,33.339999999999996,68.09166666666667,65.13333333333334,75.33333333333333,71.125,61.91666666666666,58.083333333333336,6.443895151398901,4.939336859448961,87.0,86.4,1736.0349999999999,1840.2541666666668,1880.2041666666669,1909.1708333333331,1415.9375,1701.6291666666666,185.8627231430947,85.04894337437257,2029.4600000000003,2177.6,27.36606605442869,30.94018360840348,31.422372109757813,31.90382971870864,23.30934515304889,29.09793179547337,3.295535739656564,1.2065025106624079,32.39886125180091,36.26850450306407,21.547575097759857,23.62125896611187,23.674571968762063,24.112770425623623,18.09899017080812,23.228691762449262,2.258417637635275,0.35662026036380345,23.1972883400059,24.74395144128125,,,,,,,,,,,5.0,5.0,2.0,0.0,257.0,219.0,187.0,187.0,-70.0,-32.0,-0.8833333333333329,2.991666666666667,-2.095833333333333,-2.8241666666666685,-1.6374999999999993,8.975000000000009,2.7475000000000023,-2.9583333333333286,104.21916666666698,3.5741175539747907,2.0736838683520133,,-38.0,38.0,5,2,avg,home_minus_away
MLS-MAT-0006DZ,Ventura County,Whitecaps FC 2,William Rolland Stadium,577,353,90.81455805892548,83.28611898016997,17,13,2,1,0,0,15,14,3,4,,,1.0516,1.9974,1,2,524,294,0,0,12,17,5,4,742,514,ASA,7.528439078755511,1,-1,,-0.9458,224,4,1,0,2025-07-03,MLS-STA-00004W,58.208333333333336,57.641666666666666,70.91666666666667,65.83333333333333,51.5,50.29166666666666,8.299985358086152,7.116625195039197,66.0,65.6,40.516666666666666,40.416666666666664,54.208333333333336,47.0,29.5,34.5,9.890924220943383,5.937390349864716,53.8,55.6,13.62,11.6575,17.891666666666666,16.2,9.295833333333333,8.9625,3.5710878458500255,2.898804530894301,19.14,16.98,15.193333333333333,14.364166666666666,18.15,17.8,12.054166666666667,9.733333333333333,2.4054924853805337,3.263854816607028,20.6,20.759999999999998,16.56083333333333,9.975,28.191666666666663,11.170833333333334,2.4208333333333334,7.516666666666667,12.09555725083939,1.4763911753928156,34.38,22.66,68.58333333333334,77.68333333333334,83.04166666666667,92.04166666666669,43.75,69.375,15.09273993054645,9.059055858948863,109.6,118.4,19.909999999999997,20.7675,21.89583333333333,21.691666666666663,16.354166666666668,19.554166666666667,2.245063256965775,0.8272717039898204,24.54,24.759999999999998,70.79166666666667,68.38333333333333,75.79166666666667,76.41666666666667,65.75,61.79166666666666,3.7862828077152466,5.6241820392934665,90.6,87.4,1354.15,1378.7666666666667,1446.4125,1457.75,1209.3041666666666,1296.4916666666666,92.60983109784956,69.51087688418502,1516.7,1549.54,19.807558399152366,20.68537037037037,21.936111111111103,21.52983796296296,16.024143518518517,19.56046296296296,2.385254398296911,0.7816503632918271,24.452921852360884,24.571000000000005,16.097183219778078,16.615805822270726,17.67423028781398,17.199304490541255,13.46424136784836,16.316804385553755,1.6419579157804474,0.3390478822853415,18.112332097551285,17.862166593039667,,,,,,,,,,,5.0,5.0,2.0,0.0,37.0,25.0,272.0,272.0,235.0,247.0,-0.56666666666667,-0.10000000000000142,-1.9624999999999986,-0.8291666666666675,-6.585833333333332,9.099999999999994,0.8575000000000017,-2.4083333333333456,24.61666666666656,0.877811971218005,0.5186226024926484,,-12.0,12.0,5,2,avg,home_minus_away
MLS-MAT-0006E0,Tacoma Defiance,Town FC,Starfire Sports Complex,455,470,81.0989010989011,81.48936170212765,14,13,1,2,0,0,22,14,7,5,,,,,4,3,369,383,0,0,13,13,5,8,615,612,,-0.3904606032265576,8,2,,,-15,1,-1,0,2025-07-03,MLS-STA-00001D,46.075,40.08333333333333,55.875,50.16666666666666,31.541666666666668,26.541666666666668,10.186728839251805,9.59188929657644,49.8,52.0,33.958333333333336,33.95,39.208333333333336,43.75,30.291666666666668,16.25,3.540073170932426,11.086442233146252,44.2,49.4,9.320833333333335,6.408333333333333,12.466666666666669,8.616666666666667,4.933333333333334,2.45,3.222048606433836,2.3443767680463723,13.4,10.92,10.915000000000001,6.765000000000001,15.170833333333334,8.875,5.404166666666666,2.8791666666666664,4.313902348480113,2.3620748441665524,15.34,11.2,13.621666666666666,11.099166666666667,23.695833333333336,15.154166666666669,7.3875,3.704166666666667,6.810132361252444,4.770632637700046,27.26,24.84,50.58333333333333,66.16666666666666,67.04166666666667,77.20833333333333,35.0,43.04166666666666,11.838503858643247,14.33139521780378,86.2,105.4,19.814166666666665,20.126666666666665,23.041666666666668,23.2,17.9875,17.216666666666665,1.9211510041002913,2.4284886846898566,26.919999999999998,26.0,64.475,63.23333333333333,68.66666666666667,72.5,57.91666666666666,57.75,4.253532029058002,6.154591217583469,91.8,89.2,1193.4641666666666,1193.16,1264.3625,1254.95,1151.0625,1094.275,47.37972588932125,59.65373794984584,1356.2,1359.54,19.507488729197853,19.794109414800097,22.81215652500362,22.921466447887145,17.634768518518516,16.886944444444445,1.971730847043966,2.4679365557902297,26.451779213112456,25.41248503739379,15.061540168853668,15.201865380418116,17.09356645084105,17.14283809614524,13.928655282779664,13.84530272479954,1.2340706968695077,1.4732627349989418,17.643332136061126,17.321267176242625,,,,,,,,,,,5.0,5.0,2.0,0.0,17.0,42.0,45.0,45.0,28.0,3.0,-5.991666666666674,-0.00833333333333286,-2.9125000000000014,-4.15,-2.522499999999999,15.583333333333329,0.3125,-1.2416666666666671,-0.30416666666656056,0.2866206856022444,0.14032521156444844,,25.0,-25.0,5,2,avg,home_minus_away
MLS-MAT-0006E2,Carolina Core FC,Inter Miami CF II,Truist Point,442,361,87.33031674208145,83.93351800554017,9,15,0,1,0,0,20,10,7,3,,,1.6246,0.9522,1,2,386,303,0,0,14,9,3,7,598,515,ASA,3.3967987365412853,10,4,,0.6724,81,-6,-1,0,2025-07-04,MLS-STA-00002T,64.75,,76.25,,43.083333333333336,,13.273465856110574,,85.0,,40.93333333333333,,54.583333333333336,,24.33333333333333,,11.910932478189947,,56.6,,13.126666666666665,,22.83333333333333,,6.408333333333334,,6.144462841543684,,20.46,,28.045833333333338,,74.175,,10.029166666666669,,27.12782163383603,,41.720000000000006,,9.372499999999999,,10.933333333333332,,5.533333333333334,,2.2292028813257683,,23.080000000000002,,69.09166666666667,,103.33333333333331,,45.333333333333336,,30.11295863540774,,98.0,,26.225833333333334,,27.266666666666666,,24.46666666666667,,1.0734177632424593,,29.82,,81.43333333333334,,89.20833333333333,,72.25,,6.078879648239287,,95.8,,2104.903333333333,,2203.9333333333334,,1798.8541666666667,,172.04909776980148,,2292.4,,28.143194254704127,,30.091247589834,,25.86972407235557,,1.7246511283844075,,33.443882621402246,,23.58237552413828,,24.590216892696727,,21.84979196026011,,1.1449912238008342,,24.867923044148508,,,,,,,,,,,,5.0,0.0,2.0,0.0,6.0,,288.0,288.0,282.0,,,,,,,,,,,,,,,,5,2,avg,home_minus_away
MLS-MAT-0006E3,Austin FC II,LAFC 2,Parmer Field,482,506,87.96680497925311,85.7707509881423,10,13,1,2,0,0,10,14,5,6,,,2.16,2.2631,4,1,424,434,0,0,13,10,6,5,601,605,ASA,2.1960539911108157,-4,-1,,-0.10309999999999997,-24,-3,-1,0,2025-07-04,MLS-STA-000018,60.2,54.95833333333333,69.0,71.875,53.29166666666666,32.166666666666664,6.459099416929408,16.185100100950187,66.0,63.2,36.858333333333334,34.391666666666666,43.833333333333336,44.458333333333336,25.45833333333333,24.166666666666668,6.8559458177231525,9.078104381789554,47.2,40.0,12.686666666666667,13.284166666666668,17.395833333333332,22.704166666666666,7.420833333333333,5.0,3.668927333401109,7.180210917476202,18.2,16.84,15.880833333333332,23.866666666666667,24.191666666666663,45.520833333333336,9.741666666666667,7.508333333333333,5.669300552096349,15.877972982772917,23.0,34.68,17.7275,5.559166666666667,27.504166666666663,7.916666666666667,6.166666666666667,3.4125,10.49848476170093,2.0010357561078767,35.06,13.7,48.141666666666666,57.141666666666666,51.375,66.25,43.625,43.625,3.3825276134209985,9.382709792781379,82.6,84.4,25.948333333333334,28.306666666666665,28.883333333333336,29.1875,23.47083333333333,26.554166666666664,1.9852332461619395,1.0299490952900987,32.32,33.38,55.10833333333333,68.875,85.70833333333333,85.70833333333333,39.083333333333336,59.958333333333336,19.961390684407625,10.029773385608802,74.6,92.0,1395.8591666666666,1897.1924999999999,2263.525,2263.525,908.0125,1671.0791666666669,616.6374371549637,225.44860173893676,1660.4,2209.84,26.31864662930726,30.136380593354225,30.96807406761809,30.96807406761809,22.751483902287976,28.89373037652234,3.452503817207542,0.7743474924785433,32.78692812698006,35.86089948077962,19.183477164477047,23.566893711362184,24.58463720105152,24.58463720105152,15.604524339936605,22.788012266113807,4.48661170557959,0.6951985001876694,21.551153415371576,24.684589522251326,,,,,,,,,,,5.0,5.0,2.0,0.0,87.0,164.0,157.0,157.0,70.0,-7.0,-5.241666666666674,-2.4666666666666686,0.5975000000000001,7.985833333333336,-12.168333333333333,9.0,2.3583333333333307,13.766666666666673,501.33333333333326,3.8177339640469654,4.383416546885137,,77.0,-77.0,5,2,avg,home_minus_away
MLS-MAT-0006E4,Sporting KC II,Timbers2,Children's Mercy Victory Field,373,377,84.71849865951742,87.0026525198939,14,10,0,3,0,0,16,14,4,8,,,,,0,4,316,328,0,0,10,13,8,6,480,500,,-2.2841538603764775,2,-4,,,-4,4,-3,0,2025-07-05,MLS-STA-000026,41.00833333333333,53.791666666666664,54.958333333333336,62.29166666666666,21.25,49.5,15.80703407944985,5.2017458340659255,67.8,75.4,32.53333333333333,42.34166666666666,45.208333333333336,48.75,15.75,37.41666666666666,13.894893146604458,4.683878230460073,51.8,63.8,5.216666666666667,8.84,9.845833333333331,11.225,2.2041666666666666,7.2625,3.335255955945011,1.6697695075468744,7.8,15.2,6.2316666666666665,9.879166666666666,12.458333333333334,12.458333333333334,2.6916666666666664,7.404166666666666,4.188874774327828,2.272044783889614,9.940000000000001,17.8,5.871666666666667,10.018333333333334,7.325,12.983333333333334,3.279166666666667,6.3875,1.6916266415626247,2.9526832782516084,11.040000000000001,28.619999999999997,75.36666666666667,87.39166666666668,99.91666666666669,99.91666666666669,46.458333333333336,74.83333333333333,26.518245815119652,10.267371796672762,111.0,128.0,24.365833333333335,26.152499999999996,27.3375,27.3375,19.3125,25.125,3.2609676052089536,0.9582092310949404,30.580000000000002,30.839999999999996,58.49166666666666,66.58333333333334,65.66666666666667,76.875,51.91666666666666,59.875,6.301069133267965,6.244928497944905,84.2,89.6,1371.0408333333332,1693.1441666666665,1732.3166666666666,1941.1333333333328,1041.2,1476.45,332.4064584560051,174.81769804173447,1573.6,1946.72,24.58205950140691,27.022825244461245,28.56200037408448,28.56200037408448,18.77023148148148,25.441093337959085,4.076563112117579,1.3709111340156757,31.09748444276712,32.710437060971586,18.399477365037747,21.28098208042203,22.130314762709105,22.27892889617379,13.70407346046701,19.90234757523751,3.6182280410154113,1.159930407435743,20.908648336258015,23.544115775833312,,,,,,,,,,,5.0,5.0,2.0,0.0,31.0,276.0,280.0,280.0,249.0,4.0,12.783333333333331,9.80833333333333,3.623333333333333,3.6475,4.146666666666667,12.025000000000006,1.7866666666666617,8.091666666666683,322.10333333333324,2.4407657430543352,2.8815047153842848,,245.0,-245.0,5,2,avg,home_minus_away
MLS-MAT-0006E5,Columbus Crew 2,New England Revolution II,Historic Crew Stadium,619,386,92.73021001615508,85.75129533678756,6,3,2,2,0,0,14,15,5,6,,,1.7158,2.0682,1,2,574,331,0,0,3,6,8,5,726,480,ASA,6.97891467936752,-1,-1,,-0.35240000000000005,233,3,0,0,2025-07-05,MLS-STA-000012,69.3,47.80833333333333,94.75,65.58333333333333,40.125,37.375,24.996517118501842,11.057166793532598,114.8,63.0,53.75833333333334,39.7,71.04166666666667,45.625,39.125,32.25,14.114530288953219,5.608339524513667,80.2,57.6,11.234166666666667,7.970833333333334,17.0,14.083333333333334,6.970833333333334,4.4750000000000005,4.224741527267937,3.9037486435760975,20.419999999999998,14.88,11.779166666666665,8.523333333333333,17.25,14.529166666666669,7.6625,4.604166666666667,4.038549055319524,4.07228906076723,21.26,15.819999999999999,11.107499999999998,11.019166666666667,15.8625,13.808333333333332,5.479166666666667,8.966666666666667,4.07394051496146,2.033535252952354,25.7,27.54,101.14166666666667,78.625,133.5,84.375,75.625,75.625,25.389134678484456,3.3784704379348955,149.6,119.2,24.725,24.549166666666665,25.808333333333334,25.808333333333334,23.9625,23.73333333333333,0.7001549927615223,0.827182508747482,30.080000000000002,28.8,75.55,75.66666666666667,84.83333333333333,87.41666666666667,66.66666666666667,66.66666666666667,8.189084876291792,10.373033615528723,94.8,92.8,1810.6041666666667,1811.986666666667,2078.7875,2147.2791666666667,1633.8083333333334,1597.5,207.03774770725855,261.0326850576432,2046.8,2025.4,25.561056641440068,25.237989499446936,26.570823540193445,26.346568871344928,24.544745946280287,24.24723177371798,0.8633352505593443,0.9463246539795507,31.44083181012357,29.726460676068466,21.21302122716464,21.09879239162535,22.80820076570271,23.043505268620937,20.1302377491601,19.552589857837607,1.1403805552831496,1.4058855248643245,23.12760364374973,22.578635486399815,,,,,,,,,,,5.0,5.0,2.0,0.0,79.0,231.0,227.0,227.0,148.0,-4.0,-21.491666666666667,-14.058333333333337,-3.2633333333333328,-3.2558333333333316,-0.08833333333333115,-22.516666666666666,-0.17583333333333684,0.11666666666667425,1.3825000000001637,-0.3230671419931319,-0.11422883553928997,,152.0,-152.0,5,2,avg,home_minus_away
MLS-MAT-0006E6,Chattanooga,Chicago Fire FC II,Finley Stadium,328,430,78.04878048780488,84.65116279069767,9,14,1,2,0,0,18,15,6,6,,,2.5883,1.1967,0,1,256,364,0,0,13,9,6,7,468,581,ASA,-6.602382302892792,3,0,,1.3915999999999997,-102,-5,-1,0,2025-07-05,MLS-STA-00002S,67.48333333333332,56.083333333333336,81.70833333333333,61.833333333333336,60.04166666666666,49.875,8.535495738385672,5.469930428158012,104.8,73.2,48.96666666666666,41.05,55.29166666666666,49.66666666666666,43.25,31.375,4.790162807486004,6.5988345982874534,75.4,59.8,11.964166666666667,10.670833333333334,14.7,12.833333333333334,7.3625,7.3625,2.8524441274107373,2.6938668123680096,18.64,16.72,12.297500000000001,11.173333333333332,15.154166666666669,13.454166666666666,7.529166666666666,7.529166666666666,2.9550841899080393,2.8492195568845395,19.119999999999997,17.46,10.721666666666668,4.6450000000000005,18.15,5.416666666666667,4.879166666666666,3.704166666666667,5.7666556779760425,0.6814659443679728,25.380000000000003,13.440000000000001,98.875,85.575,117.25,101.91666666666669,91.33333333333331,74.33333333333333,11.18577345460643,11.028152106717107,149.0,124.0,24.73083333333333,25.535,26.3875,26.3875,23.20833333333333,24.67083333333333,1.2102448960162315,0.6137925703724717,28.580000000000002,30.68,71.99166666666667,78.38333333333333,83.54166666666667,91.83333333333331,67.08333333333333,69.0,6.61637278944354,10.419266342267626,87.0,93.8,1744.5558333333333,1953.5625,2024.4541666666669,2252.7208333333333,1593.0833333333333,1687.8208333333332,169.2462976730709,253.9693002827529,1964.2800000000002,2227.3599999999997,25.416373356819044,26.87974348791679,27.753795109120848,27.753795109120848,23.44296296296296,26.106218955718347,1.6238739253500127,0.732164753105427,29.51364896093247,33.2486629756227,20.805518025923693,22.41351753142676,22.183065513686174,23.708857694841736,19.410403544207952,20.88120636648649,1.2440961074915298,1.208672569360529,22.791024648974517,24.78941573207768,,,,,,,,,,,5.0,5.0,2.0,0.0,265.0,206.0,209.0,209.0,-56.0,3.0,-11.399999999999984,-7.916666666666664,-1.293333333333333,-1.1241666666666692,-6.076666666666667,-13.299999999999997,0.8041666666666707,6.3916666666666515,209.00666666666666,1.4633701310977472,1.6079995055030665,,-59.0,59.0,5,2,avg,home_minus_away
MLS-MAT-0006E7,Philadelphia Union II,TFC II,Subaru Park,402,423,81.34328358208955,75.88652482269504,15,8,2,1,0,0,22,7,11,1,,,2.4176,0.3572,5,0,327,321,0,0,7,15,1,12,580,583,ASA,5.456758759394518,15,10,,2.0604,-21,7,1,0,2025-07-06,MLS-STA-000002,66.35,76.375,102.625,102.625,49.708333333333336,63.583333333333336,20.90293789159792,15.382958644768788,86.2,111.8,48.34166666666666,54.666666666666664,72.83333333333333,72.83333333333333,36.583333333333336,48.25,14.620440884825143,10.21407151651311,73.2,86.0,16.473333333333336,19.123333333333335,30.133333333333336,30.133333333333336,9.295833333333333,13.304166666666667,8.89816158056758,6.869245445178905,29.560000000000002,32.96,16.734166666666667,19.424166666666668,30.3125,30.3125,9.491666666666667,13.683333333333332,8.88599641524048,6.831774085314722,30.0,33.339999999999996,19.770833333333336,18.970000000000002,35.56666666666667,35.56666666666667,13.341666666666669,12.266666666666666,8.988383707133707,9.512851960929256,53.58,51.18,84.14166666666668,92.93333333333335,97.79166666666669,104.0,74.875,80.29166666666667,8.515845116930892,9.348230298950826,139.0,160.6,23.154999999999998,25.475,24.816666666666663,26.73333333333333,21.10833333333333,24.3625,1.4897665971181142,0.9840437052737503,26.7,29.96,68.46666666666667,73.61666666666666,78.83333333333333,88.625,64.58333333333333,64.45833333333333,5.845478428285877,11.808821443687297,90.8,94.4,1546.2941666666666,1830.4875,1793.3958333333333,2350.608333333333,1376.4,1513.225,155.0768942779319,371.7123300844425,1828.98,2107.0,23.305628376724705,26.42022426884936,25.10453381718177,29.41146277650637,21.001319444444444,24.477936770145465,1.6227270858114369,1.9030900905219044,26.557269902577776,31.341739290993324,18.821910688851354,21.648018461263945,20.175430309971947,25.152279605957915,16.70649560891363,19.27116311049844,1.4339460007351301,2.424570792102802,20.321092146509162,22.98736669765665,,,,,,,,,,,5.0,5.0,2.0,0.0,87.0,10.0,8.0,8.0,-79.0,-2.0,10.025000000000006,6.325000000000003,2.6499999999999986,2.6900000000000013,-0.8008333333333333,8.791666666666671,2.320000000000004,5.1499999999999915,284.1933333333334,3.1145958921246546,2.826107772412591,,-77.0,77.0,5,2,avg,home_minus_away
MLS-MAT-0006E8,FC Cincinnati 2,NYCFC II,NKU Soccer Stadium,261,518,68.5823754789272,81.46718146718146,13,10,1,2,0,0,10,10,7,5,,,1.0673,1.7253,2,2,179,422,0,0,10,13,5,7,388,650,ASA,-12.884805988254257,0,2,,-0.6580000000000001,-257,3,-1,0,2025-07-06,MLS-STA-000016,77.36666666666666,63.31666666666666,87.0,78.45833333333333,72.5,49.79166666666666,5.821669887392946,12.37396881225529,112.2,89.8,55.55,49.38333333333334,58.25,58.25,52.625,40.125,2.5996460763385145,7.980738530988222,83.0,70.0,16.631666666666668,12.136666666666667,21.245833333333334,21.245833333333334,11.275,6.4750000000000005,3.9226755767658834,5.505544396081302,27.26,22.380000000000003,17.303333333333335,12.857499999999998,23.2375,23.2375,11.716666666666669,6.633333333333333,4.423855588046347,6.2252457001935095,28.0,23.44,20.836666666666666,14.559166666666666,27.59583333333333,21.375,13.45,11.066666666666668,5.071074186282209,4.1077590031278355,44.62,37.94,95.04166666666667,88.03333333333333,113.0,100.79166666666669,81.25,79.45833333333333,12.201754484499352,8.482129908093722,158.8,139.4,25.801666666666666,25.918333333333333,26.7875,27.3875,24.808333333333334,24.75,0.7116747169724217,1.117648045127703,30.48,30.68,75.08333333333333,69.9,88.75,83.375,66.125,65.08333333333333,10.421207343681436,7.610391287940163,95.2,92.4,1882.263333333333,1753.8,2264.1791666666663,2042.3583333333331,1692.5791666666669,1604.6583333333335,263.7636378517283,173.4403532548084,2167.5600000000004,2013.22,26.888439035441923,26.71369615511311,27.935656323433246,28.465683668289923,26.00129769606473,25.28653699042427,0.8700089353643535,1.330172023187278,32.22710067436403,31.35445590271736,22.15349931538552,21.507867985597827,24.24136465327332,22.46537791182182,20.996027156576805,20.12434217899372,1.3119755397467037,0.9877993454594656,23.742529830953735,23.04510620769173,,,,,,,,,,,5.0,5.0,2.0,0.0,27.0,160.0,266.0,266.0,239.0,106.0,-14.049999999999997,-6.166666666666657,-4.495000000000001,-4.445833333333336,-6.2775,-7.00833333333334,0.11666666666666714,-5.183333333333323,-128.46333333333314,-0.17474288032881446,-0.6456313297876939,,133.0,-133.0,5,2,avg,home_minus_away
MLS-MAT-0006E9,Crown Legacy FC,Orlando City B,Mecklenburg County Sportsplex,530,272,91.50943396226415,76.83823529411765,24,11,5,3,0,0,24,9,9,4,,,2.3719,2.4377,2,2,485,209,0,0,11,24,4,10,678,417,ASA,14.671198668146502,15,5,,-0.06579999999999986,258,13,2,0,2025-07-06,MLS-STA-000039,55.86666666666666,75.58333333333334,77.29166666666667,82.29166666666667,35.0,67.625,19.003846467374853,5.726097662845479,73.2,116.4,38.43333333333333,54.158333333333324,55.625,57.375,22.541666666666668,49.125,15.128948061396882,3.151608936541601,52.4,77.8,10.383333333333333,13.4725,15.716666666666669,15.75,5.591666666666666,10.341666666666669,4.30971830575967,2.4414490801798654,14.48,19.34,12.909166666666664,13.810833333333331,16.320833333333333,16.266666666666666,7.712499999999999,10.708333333333334,3.888727253585391,2.481318393963625,18.72,19.68,6.921666666666667,6.3175,7.658333333333334,8.975,6.0125,3.983333333333333,0.7194012749811084,1.9713032385539602,15.440000000000001,12.8,77.925,108.81666666666668,106.70833333333331,117.5,50.125,102.04166666666669,25.516052273247734,5.613537704118099,115.2,155.0,26.234166666666663,26.442499999999995,27.025,27.1875,25.79583333333333,25.429166666666664,0.49414453295007194,0.7088319323600868,30.7,31.619999999999997,75.05,71.13333333333333,89.08333333333333,85.79166666666667,60.833333333333336,59.54166666666666,12.968491463286442,11.279529146989157,93.2,93.8,1922.3925,1818.8208333333332,2284.8,2156.4958333333334,1561.2833333333335,1536.2666666666669,338.25561202435694,285.7950285163349,2129.06,2108.98,27.467405285237117,27.45606457797179,27.993959768758916,28.312885084989457,26.47565156811001,26.4094252942915,0.6066620954669136,0.7135808177793785,33.28940738763741,33.09761045249025,22.57183086269513,22.120634274452776,24.31541455043009,23.50905973255479,20.51901235756308,20.373642897768228,1.6868623013046247,1.4160913421710786,23.92188928399052,23.671712221486082,,,,,,,,,,,5.0,5.0,2.0,0.0,39.0,239.0,228.0,228.0,189.0,-11.0,19.716666666666683,15.724999999999994,3.0891666666666673,0.9016666666666673,-0.604166666666667,30.89166666666668,0.20833333333333215,-3.9166666666666714,-103.57166666666672,-0.011340707265325989,-0.45119658824235387,,200.0,-200.0,5,2,avg,home_minus_away
MLS-MAT-0006EA,RBNY II,Huntsville,MSU Soccer Park,503,450,79.92047713717695,82.66666666666667,16,7,3,3,0,0,9,12,3,4,,,1.4018,1.6313,1,2,402,372,0,0,7,16,4,4,633,597,ASA,-2.746189529489726,-3,-1,,-0.22950000000000004,53,9,0,0,2025-07-06,MLS-STA-000014,64.68333333333334,77.075,92.79166666666669,87.0,53.25,64.54166666666667,16.341637982296785,9.560361961418266,83.8,114.0,46.90833333333334,55.08333333333333,69.91666666666667,66.875,30.95833333333333,44.0,14.370391773442444,8.366029607220435,65.0,87.0,15.73,18.369999999999997,26.15416666666667,24.391666666666666,9.85,14.925,6.6415780525247,3.765285283200847,21.68,26.74,16.2225,18.66,26.33333333333333,24.59166666666667,10.829166666666666,15.0375,6.3999217388878185,3.7349264179127033,22.46,27.080000000000002,11.631666666666666,22.197499999999998,28.6875,28.054166666666664,3.0541666666666667,13.575,10.27634976941391,5.9911455209148246,31.52,48.38,81.70833333333334,91.43333333333334,96.29166666666669,113.0,69.0,77.41666666666667,9.821894830202346,13.944414702270183,129.0,161.2,24.895,24.8825,25.829166666666666,26.054166666666664,23.64583333333333,23.258333333333336,0.825938018928245,1.1520641197915635,29.619999999999997,29.8,73.53333333333333,74.25,87.54166666666667,88.79166666666667,65.0,66.41666666666667,9.225822381289984,10.28529661161451,93.6,94.2,1783.1233333333334,1799.4783333333332,2198.3166666666666,2283.641666666667,1488.8625,1488.6083333333331,291.8692494764232,343.8108702596249,2012.28,2074.58,25.68433236640083,25.735046357963586,26.899971861512523,28.281889177422062,23.75613611015825,23.379078633249083,1.3744764541089804,1.9110732618287676,30.874598776718262,31.309165754872538,21.109787610345357,21.187314267764002,23.5830282410416,24.47214284804707,18.7557257763514,18.55755417180732,1.9758936035383765,2.418157545091813,22.87195018261262,22.8016879234739,,,,,,,,,,,5.0,5.0,2.0,0.0,190.0,4.0,5.0,5.0,-185.0,1.0,12.391666666666666,8.17499999999999,2.639999999999997,2.4375,10.565833333333332,9.724999999999994,-0.01249999999999929,0.7166666666666686,16.35499999999979,0.05071399156275547,0.07752665741864462,,-186.0,186.0,5,2,avg,home_minus_away
MLS-MAT-0006EB,Colorado Rapids 2,Houston Dynamo 2,DICK'S Sporting Goods Park,395,430,87.0886075949367,86.27906976744185,13,10,3,1,0,1,19,16,9,3,,,,,2,1,344,371,0,0,9,12,3,9,561,575,,0.8095378274948501,3,6,,,-35,3,2,-1,2025-07-06,MLS-STA-00000J,78.175,62.6,99.95833333333331,68.41666666666667,61.91666666666666,47.833333333333336,16.356154337808817,8.431330048627492,107.8,106.0,50.775,48.858333333333334,61.958333333333336,52.125,38.29166666666666,41.125,8.46092940455651,4.835272599462321,72.2,73.4,18.555,5.969166666666666,34.21666666666667,9.191666666666666,9.383333333333333,2.6791666666666667,11.117769732254958,2.8672958369632293,24.880000000000003,9.14,32.614999999999995,8.3875,64.22916666666667,13.858333333333334,11.758333333333333,4.616666666666666,24.158025682185023,4.194511128976906,46.3,12.2,14.388333333333332,7.900833333333333,20.008333333333333,10.133333333333333,9.466666666666669,6.629166666666666,3.9359745722417117,1.3616982860465898,33.08,19.240000000000002,82.39166666666667,102.33333333333334,104.5,109.5,56.91666666666666,89.79166666666667,19.68514315698799,7.873952752235974,143.0,146.2,26.059166666666663,23.3875,27.933333333333334,24.5375,23.2875,22.570833333333336,2.2966657595547324,0.8612208711410152,31.26,31.060000000000002,67.15,43.88333333333333,85.58333333333333,52.458333333333336,42.958333333333336,34.625,20.165818680518665,7.2689168916543405,89.0,76.8,1727.45,905.9675,2343.9083333333333,1128.4166666666667,906.6833333333334,731.6291666666666,687.157814508378,153.55450459106808,1968.7600000000002,1264.1399999999999,27.738147030733238,22.4927502020691,31.30978648455705,23.305892462485662,22.75953152770205,21.819972108170656,4.482978536671538,0.6003100817182173,33.59867155317473,29.15750873022359,21.18554222576961,14.751463947912702,25.54009878418091,15.942381985785952,14.969810808701808,14.01150616269296,5.299895796188868,0.7448421601727009,22.46410936962885,16.61214125649533,,,,,,,,,,,5.0,5.0,2.0,0.0,20.0,1597.0,1572.0,1572.0,1552.0,-25.0,-15.574999999999996,-1.9166666666666643,-12.585833333333333,-24.227499999999996,-6.487499999999999,19.941666666666677,-2.6716666666666633,-23.266666666666673,-821.4825000000001,-5.245396828664138,-6.434078277856907,,1577.0,-1577.0,5,2,avg,home_minus_away
MLS-MAT-0006EC,Real Monarchs,St Louis CITY2,America First Field,373,339,82.03753351206434,82.89085545722713,16,4,0,1,0,0,13,19,4,3,,,1.3351,3.171,1,3,306,281,0,0,3,16,3,4,498,484,ASA,-0.85332194516279,-6,1,,-1.8358999999999999,34,12,-1,0,2025-07-06,MLS-STA-00000R,68.225,62.658333333333324,94.20833333333331,68.0,58.16666666666666,58.91666666666666,14.95452017321555,3.6412947941326865,108.4,101.6,52.99166666666666,49.733333333333334,72.41666666666667,52.083333333333336,39.375,46.75,12.192552371564103,2.2239229602963615,74.6,72.8,9.801666666666666,8.5825,14.6,11.091666666666669,6.295833333333333,6.5375000000000005,3.2729075164310872,1.8274227639857539,17.84,14.040000000000001,13.809999999999999,14.353333333333333,18.20833333333333,19.4375,9.729166666666666,8.754166666666666,3.2733159368173146,4.42637533554387,24.380000000000003,22.98,13.020833333333334,8.929166666666667,26.141666666666666,12.7125,5.154166666666667,6.8375,8.289984649329039,2.4688827320155253,41.7,21.3,98.88333333333334,100.45833333333333,111.625,107.20833333333331,78.66666666666667,95.75,12.53354526638191,4.788857872418246,144.8,145.2,24.91,26.006666666666668,26.1875,28.15416666666667,23.73333333333333,24.2,1.0219407258849311,1.665018977202497,30.52,31.76,59.533333333333324,42.3,70.83333333333333,50.083333333333336,40.91666666666666,36.583333333333336,14.48291018752792,6.262099399473703,86.8,72.8,1416.8174999999999,995.4908333333333,1782.7791666666665,1134.0041666666666,855.3000000000001,856.5500000000001,434.0029239112815,110.25352993372697,1821.64,1453.06,25.02008526457731,25.135397176105407,27.23849395816264,26.73681502078041,23.051939791505376,23.595997875794552,1.879583509024125,1.3270776572725722,30.12200225680097,29.864147275362676,18.84203534426659,16.660206569669295,21.85547562009215,17.02525857027611,14.656294220810304,16.390655221287386,3.305035882290278,0.32865382237425084,20.65402075894144,17.733834892624085,,,,,,,,,,,5.0,5.0,2.0,0.0,152.0,1302.0,1362.0,1362.0,1210.0,60.0,-5.56666666666667,-3.2583333333333258,-1.2191666666666663,0.5433333333333348,-4.091666666666667,1.5749999999999886,1.0966666666666676,-17.233333333333327,-421.3266666666666,0.11531191152809583,-2.181828774597296,,1150.0,-1150.0,5,2,avg,home_minus_away
MLS-MAT-0006EE,Crown Legacy FC,Carolina Core FC,Mecklenburg County Sportsplex,445,351,87.19101123595506,84.04558404558405,18,12,3,5,0,0,9,15,2,5,,,0.5223,1.1584,0,0,388,295,0,0,11,18,5,2,579,496,ASA,3.1454271903710094,-6,-3,,-0.6361000000000001,94,6,-2,0,2025-07-09,MLS-STA-000039,88.97916666666666,76.23333333333333,98.625,98.625,79.33333333333333,53.708333333333336,13.641268320390479,16.091092687847173,158.5,123.6,64.9375,54.31666666666666,70.83333333333333,70.83333333333333,59.04166666666666,32.708333333333336,8.337967461491381,13.826102527867754,98.5,78.6,14.983333333333334,13.583333333333334,16.525000000000002,16.525000000000002,13.441666666666668,8.262500000000001,2.1802459086585215,3.228235080676609,22.75,19.740000000000002,15.320833333333333,14.0,16.704166666666666,16.704166666666666,13.9375,8.808333333333334,1.9563287612827809,3.1419692051500294,23.4,20.32,8.641666666666667,7.236666666666667,11.3125,11.3125,5.970833333333334,5.366666666666667,3.7771287228381407,2.4130367854174493,21.85,17.96,117.66666666666667,104.275,131.95833333333334,131.95833333333334,103.375,77.29166666666667,20.21146882891549,19.404806821449625,178.5,152.0,28.54583333333333,27.250833333333333,28.754166666666663,29.04583333333333,28.3375,25.3875,0.29462782549439315,1.5432941859685878,34.8,32.519999999999996,64.39583333333333,63.19166666666666,66.375,71.375,62.41666666666666,59.54166666666666,2.7989643421967574,4.72770719035959,90.5,89.2,1767.8270833333331,1654.049166666667,1865.2541666666664,1792.725,1670.4,1536.2666666666669,137.78270259245338,120.51232271160993,2130.2,1984.44,30.141597671711466,28.074714504766927,30.85449368214836,30.81469406941059,29.428701661274573,26.290421792964462,1.0081872065215254,1.969313466278751,36.52114668387998,33.23250190399294,22.99906059948063,21.64138761358199,23.64070472709245,23.271490576877937,22.35741647186881,20.373642897768228,0.9074218274856889,1.1125859233993027,24.760773456519736,22.956384119080543,,,,,,,,,,,2.0,5.0,2.0,0.0,,239.0,228.0,228.0,,-11.0,-12.745833333333323,-10.620833333333337,-1.4000000000000004,-1.3208333333333329,-1.4050000000000002,-13.391666666666666,-1.2949999999999982,-1.2041666666666657,-113.77791666666621,-2.066883166944539,-1.3576729858986383,,,,5,2,avg,home_minus_away
MLS-MAT-0006ED,Atlanta,FC Cincinnati 2,Fifth Third Stadium,656,262,88.26219512195122,71.7557251908397,13,16,1,4,0,0,11,7,3,2,,,1.482,0.4242,0,0,579,188,0,1,15,13,2,4,787,385,ASA,16.506469931111525,4,1,,1.0577999999999999,394,-3,-3,0,2025-07-09,MLS-STA-000011,85.54166666666667,94.65,96.29166666666669,114.375,73.83333333333333,75.25,9.861233371699061,16.373452004863097,136.8,149.6,60.275,65.08333333333334,63.0,74.25,54.958333333333336,55.125,3.551530382181116,8.48891229454307,88.2,98.6,13.723333333333334,14.993333333333334,21.245833333333334,16.666666666666668,9.770833333333334,13.783333333333331,4.4415753977489665,1.2136041650573084,21.32,20.32,14.311666666666667,15.26,23.2375,17.0625,9.916666666666666,14.008333333333333,5.187379014653418,1.2845861039001378,22.0,20.48,10.7625,7.736666666666667,21.375,9.533333333333331,5.2125,6.616666666666667,6.720894683538957,1.2712751964071345,24.1,17.18,113.35,122.89166666666665,128.41666666666666,139.75,89.54166666666667,106.20833333333331,17.38590285419642,15.118932437694006,165.2,176.8,27.419999999999998,27.006666666666668,27.870833333333334,27.90416666666667,26.58333333333333,26.39583333333333,0.499421540384475,0.6954627256566515,32.5,32.3,66.85833333333333,63.15,70.16666666666667,69.58333333333333,61.375,58.66666666666666,3.3583178246126626,4.44688951840372,91.0,87.4,1773.9883333333332,1644.1358333333333,1884.4375,1860.625,1637.6291666666666,1499.4708333333335,99.7829558828672,137.91781034268996,2087.6400000000003,1959.9399999999998,28.738792814237037,27.81565574898956,29.835526893921955,29.21678574221289,27.614284838565663,26.693265935570665,0.8359582420377979,1.0643745038915744,34.21316707264805,33.12756523692224,22.43646407834724,21.468157521292476,23.16127411661758,23.011575663495183,21.80218133102934,20.29115166694613,0.6665976144614479,1.0207748096645188,24.11043054308049,23.3436542123669,,,,,,,,,,,5.0,5.0,2.0,0.0,160.0,316.0,336.0,336.0,176.0,20.0,9.108333333333334,4.808333333333344,1.2699999999999996,0.9483333333333324,-3.025833333333332,9.541666666666657,-0.41333333333333044,-3.7083333333333357,-129.85249999999996,-0.9231370652474773,-0.9683065570547633,,156.0,-156.0,5,2,avg,home_minus_away
MLS-MAT-0006EF,TFC II,RBNY II,York Lions Stadium,399,512,83.45864661654136,86.9140625,6,9,2,3,1,0,6,21,4,7,,,1.2624,3.7665,2,2,333,445,0,0,8,6,7,4,544,664,ASA,-3.4554158834586417,-15,-3,,-2.5041,-113,-3,-1,1,2025-07-11,MLS-STA-00001H,81.5,77.94166666666668,103.375,94.41666666666669,57.79166666666666,63.708333333333336,17.652854270312464,13.330227502851473,128.4,126.0,54.06666666666666,53.05833333333334,64.70833333333333,62.208333333333336,34.791666666666664,46.458333333333336,12.98609031489719,7.712194978661323,83.8,84.8,18.336666666666666,16.454166666666666,27.175,27.175,9.9375,9.0875,6.72893278747331,7.778735370118547,26.18,23.619999999999997,19.105,16.723333333333333,27.77083333333333,27.77083333333333,12.175,9.166666666666666,6.254270346686688,7.983255371052866,26.839999999999996,23.919999999999998,22.09583333333333,17.919166666666666,27.1875,27.1875,15.525,10.375,5.012473157312441,8.175656510336033,38.32,28.839999999999996,93.3,102.24166666666667,118.08333333333331,124.91666666666669,59.833333333333336,85.75,21.987970195844206,14.572567454715124,154.6,160.2,24.69333333333333,23.009166666666665,27.2625,25.15,21.741666666666664,21.4375,2.541565230216303,1.5124408849788327,29.22,25.119999999999997,80.10833333333332,80.13333333333334,84.70833333333333,85.75,66.08333333333333,72.75,7.866320172453928,5.575351882268165,95.4,89.0,1936.9199999999996,1830.5616666666665,2216.8166666666666,1896.4208333333331,1674.0083333333332,1746.325,251.27051779130616,58.4429229806978,2142.1400000000003,1968.52,26.01729074294257,23.513317236140875,30.1720712042992,25.89667877329696,22.141875,21.76703703703704,3.512624357422978,1.6360784735235532,31.49430368619869,25.71763030064713,21.8934744497532,20.392909868944958,24.78634299898717,21.4120172656822,19.522257231000136,19.10471185711277,2.3722398658242083,0.8477728627652578,23.269143913556697,21.485763057917435,,,,,,,,,,,5.0,5.0,2.0,0.0,4.0,87.0,165.0,165.0,161.0,78.0,-3.558333333333323,-1.0083333333333258,-1.8825000000000003,-2.3816666666666677,-4.176666666666666,8.941666666666677,-1.6841666666666661,0.025000000000019895,-106.35833333333312,-2.503973506801696,-1.5005645808082413,,83.0,-83.0,5,2,avg,home_minus_away
MLS-MAT-0006EG,Austin FC II,St Louis CITY2,Parmer Field,377,334,81.6976127320955,78.44311377245509,18,21,3,3,0,0,9,7,3,7,,,0.199,1.8248,2,4,308,262,0,0,21,18,7,4,487,436,ASA,3.254498959640401,2,-4,,-1.6258,43,-3,0,0,2025-07-11,MLS-STA-000018,54.33333333333333,48.18333333333333,69.70833333333333,61.958333333333336,33.291666666666664,33.291666666666664,15.317870373448715,10.631027701967485,78.4,56.4,41.05833333333333,31.858333333333338,53.79166666666666,39.75,22.416666666666668,22.416666666666668,12.244882718008276,7.0610925342880035,62.4,41.4,11.775833333333333,10.754166666666666,16.650000000000002,15.9,4.9875,4.9875,4.255877675834524,4.4808959840019105,16.04,15.739999999999998,14.996666666666666,15.790833333333333,25.5125,25.5125,5.525,5.525,7.329422134073357,8.453287390615165,22.72,24.3,9.640833333333333,5.006666666666667,17.179166666666667,5.754166666666666,4.275,4.275,5.06443670088019,0.6928240818081697,22.78,10.36,76.30833333333332,57.4,91.83333333333331,64.70833333333333,55.208333333333336,54.79166666666666,15.55882096182812,4.128323576896016,130.4,93.6,26.3525,26.28666666666667,26.95833333333333,26.95833333333333,25.46666666666667,25.825,0.6661821155743447,0.44931854265963456,30.74,30.26,80.75,83.54166666666666,87.875,87.875,74.20833333333333,74.20833333333333,5.991023377613472,5.719044087763081,96.0,96.6,2096.3025,2171.8658333333333,2259.9416666666666,2266.4,1963.0875,1963.0875,118.83865428275477,128.96702311190705,2301.68,2350.58,28.295274902513473,28.37653122601052,28.970357071685022,28.875275975715493,27.47452283466289,27.88542533197021,0.6392079388465443,0.44501955097901424,35.269107663681446,35.68496363236715,23.616127903657546,23.978497901659026,24.18818779762127,24.40507473825336,23.231297084117784,23.231297084117784,0.38350777719980533,0.4768193101587549,25.651472193870593,25.952872031585315,,,,,,,,,,,5.0,5.0,2.0,0.0,152.0,164.0,157.0,157.0,5.0,-7.0,-6.149999999999999,-9.199999999999992,-1.0216666666666665,0.7941666666666674,-4.634166666666666,-18.908333333333324,-0.0658333333333303,2.791666666666657,75.5633333333335,0.08125632349704759,0.36236999800147984,,12.0,-12.0,5,2,avg,home_minus_away
MLS-MAT-0006EJ,Chicago Fire FC II,New England Revolution II,SeatGeek Stadium,551,417,88.2032667876588,84.41247002398082,11,8,1,2,0,0,11,11,5,7,,,2.0921,2.5201,3,4,486,352,0,0,8,11,7,5,671,540,ASA,3.7907967636779887,0,-2,,-0.42799999999999994,134,3,-1,0,2025-07-13,MLS-STA-00001B,60.675,70.825,73.66666666666667,81.91666666666667,44.625,60.0,12.28832581716846,8.294827705664938,91.6,107.2,46.11666666666667,50.175,53.833333333333336,58.75,33.791666666666664,43.208333333333336,7.9286313096551835,5.744290643760986,69.6,80.2,8.526666666666667,13.2075,10.104166666666666,14.633333333333333,5.083333333333333,11.983333333333334,2.010131888293237,1.294695373866421,17.560000000000002,22.0,9.3325,13.8275,11.254166666666668,15.125,5.4375,12.241666666666667,2.265872639722817,1.260392906112129,19.020000000000003,23.240000000000002,8.231666666666667,13.291666666666666,9.629166666666666,16.683333333333334,5.729166666666667,9.491666666666667,1.5276832041435233,2.9446219810208425,15.86,30.22,102.31666666666668,103.40833333333335,115.29166666666669,123.25,83.5,92.79166666666669,13.06888134930539,12.638311189483433,140.4,154.4,23.96333333333333,23.218333333333334,26.52916666666667,24.816666666666663,19.70416666666667,21.820833333333336,2.784498570957914,1.3272798781718935,27.4,26.139999999999997,85.23333333333333,81.15,94.04166666666669,88.5,79.70833333333333,73.83333333333333,6.694836318636437,5.323118473017277,97.2,92.8,2007.3533333333332,1869.6649999999997,2123.1333333333337,2010.325,1851.1041666666667,1697.9875,101.10283223413623,150.19149699332925,2175.7599999999998,2055.06,25.18488708450366,23.90563474787271,28.55130162339835,26.184475408486875,20.18567129629629,22.126689814814814,3.424606562819475,1.6662507398755428,29.450136973908492,27.320785535967996,21.926785596009832,20.72340817568108,23.86476268178716,22.3393482742099,18.972716100537323,19.141240217125347,1.865969164863227,1.3458901534356535,23.691157562049284,22.41825785833874,,,,,,,,,,,5.0,5.0,2.0,0.0,79.0,265.0,189.0,189.0,110.0,-76.0,10.150000000000006,4.05833333333333,4.680833333333332,4.495000000000001,5.059999999999999,1.0916666666666686,-0.7449999999999974,-4.083333333333329,-137.6883333333335,-1.2792523366309503,-1.2033774203287528,,186.0,-186.0,5,2,avg,home_minus_away
MLS-MAT-0006EH,Philadelphia Union II,Chattanooga,Subaru Park,418,246,84.44976076555024,69.10569105691057,12,9,2,3,0,0,27,8,7,5,,,2.9317,0.9616,3,3,353,170,0,0,9,10,5,8,596,410,ASA,15.344069708639665,19,2,,1.9701000000000002,172,3,-1,0,2025-07-13,MLS-STA-000002,70.475,77.79166666666667,89.41666666666667,89.41666666666667,58.04166666666666,60.958333333333336,13.2516573911006,10.479063120760795,96.8,128.2,48.833333333333336,53.108333333333334,59.875,59.875,39.083333333333336,39.083333333333336,9.24704344642113,8.553173144122203,74.4,91.2,14.711666666666668,15.4875,19.7625,19.7625,10.358333333333333,10.845833333333331,4.0332519792070745,3.516074199697409,21.8,22.3,15.420833333333334,15.995833333333334,20.1625,20.1625,11.175,12.279166666666669,3.7155582708240344,3.2260724422705973,22.5,22.880000000000003,10.111666666666668,14.280000000000001,14.55,16.533333333333335,4.666666666666667,12.675,3.8266862659196117,1.5246510301996616,23.4,32.78,84.25,95.88333333333335,104.66666666666669,105.375,62.29166666666666,62.29166666666666,15.542699920970412,18.799734964148364,144.4,168.2,26.317499999999995,26.054999999999996,27.64583333333333,27.566666666666663,25.254166666666663,24.079166666666666,0.8785562651937049,1.2657699676920413,31.0,30.54,82.3,82.8,86.58333333333333,89.54166666666667,78.66666666666667,78.66666666666667,3.392111969129425,4.199805716405889,97.8,99.0,2126.729166666667,2112.3533333333335,2210.329166666667,2246.1375000000003,2020.4583333333333,2020.4583333333333,94.33126069756335,92.76592604357619,2338.86,2337.32,28.317312957159096,27.795422662653,30.595227578831047,30.62022846329281,26.83684169555613,24.8806712962963,1.4464176286172072,2.0430646171837656,34.48276323796139,33.521080794400945,23.775838154735645,23.570274115536215,24.877508692658957,25.09033735222715,23.00682108688969,22.69638211127152,0.7791136156871319,0.9380279639954638,24.932054447306164,24.544221891620435,,,,,,,,,,,5.0,5.0,2.0,0.0,206.0,10.0,8.0,8.0,-198.0,-2.0,7.316666666666677,4.274999999999999,0.7758333333333329,0.5749999999999993,4.168333333333333,11.633333333333354,-0.2624999999999993,0.5,-14.375833333333503,-0.5218902945060968,-0.20556403919943023,,-196.0,196.0,5,2,avg,home_minus_away
MLS-MAT-0006EK,MNUFC2,Real Monarchs,National Sports Center Stadium,370,406,79.1891891891892,83.49753694581281,12,16,1,3,0,0,12,8,6,3,,,2.4878,0.906,2,1,293,339,0,1,16,12,3,6,500,549,ASA,-4.308347756623618,4,3,,1.5817999999999999,-36,-4,-2,0,2025-07-13,MLS-STA-000015,57.258333333333326,54.516666666666666,62.958333333333336,62.66666666666666,42.91666666666666,39.875,8.128813207760818,9.092340717451263,91.6,79.8,48.699999999999996,42.275,55.16666666666666,46.75,39.54166666666666,31.58333333333333,6.3899199047318955,6.226316237462478,66.6,62.4,10.261666666666667,10.928333333333333,24.28333333333333,22.3,3.545833333333333,4.808333333333334,8.316404367106148,6.817898218007593,19.42,19.46,13.558333333333334,11.4475,24.77083333333333,22.808333333333334,7.220833333333334,4.95,6.610714419704488,6.949378969055837,26.52,20.28,9.8975,8.920833333333333,15.833333333333334,10.8875,6.8,7.587499999999999,3.7787469906629694,1.403749319778206,25.46,19.240000000000002,92.25833333333334,85.65833333333333,114.625,95.29166666666669,75.70833333333333,75.95833333333333,15.21405143645542,8.062333116274589,131.4,125.4,25.745833333333337,23.421666666666663,28.9,24.275,21.945833333333336,22.14583333333333,2.7986712496984842,0.831547043835231,30.98,27.4,50.18333333333333,72.45833333333333,80.0,79.625,30.291666666666668,69.08333333333333,22.950686869411502,4.3705334342617705,83.2,93.6,1151.2075,1662.25,1869.0458333333331,1873.0041666666664,734.7166666666667,1508.2291666666667,507.87295397761085,153.71557645918804,1669.06,1921.9599999999998,25.091025690454927,23.85583144066288,27.22762000135092,24.938646647546506,22.01613425925926,22.220902777777777,1.932105741577724,1.1343109057120535,29.659286450255326,28.19837592105244,17.2861534825629,19.65465685854739,21.121311001532963,21.22516304904099,15.376029220398712,18.04234215486129,2.3492846118463806,1.2896394379960074,19.159516498814902,21.478388197621335,,,,,,,,,,,5.0,5.0,2.0,0.0,1302.0,257.0,275.0,275.0,-1027.0,18.0,-2.74166666666666,-6.424999999999997,0.6666666666666661,-2.110833333333334,-0.9766666666666683,-6.6000000000000085,-2.324166666666674,22.275,511.0425,-1.2351942497920483,2.368503375984492,,-1045.0,1045.0,5,2,avg,home_minus_away
MLS-MAT-0006EL,FC Cincinnati 2,Huntsville,NKU Soccer Stadium,289,572,88.23529411764706,91.7832167832168,13,7,4,4,0,0,14,12,4,3,,,0.8753,1.1967,1,0,255,525,0,0,7,13,3,4,428,706,ASA,-3.547922665569743,2,1,,-0.32140000000000013,-283,6,0,0,2025-07-13,MLS-STA-000016,72.74166666666666,78.4,91.04166666666669,91.04166666666669,57.66666666666666,66.20833333333333,14.009774613541166,9.09009687028204,109.0,123.0,51.708333333333336,55.908333333333324,66.375,66.375,42.583333333333336,48.583333333333336,9.30702206520551,6.981088043978373,74.6,79.0,13.411666666666667,16.628333333333334,16.162499999999998,19.945833333333333,9.775,12.833333333333334,2.4945903276445565,2.553363454456799,22.06,22.839999999999996,14.323333333333334,17.47833333333333,16.591666666666665,20.683333333333334,10.433333333333334,14.841666666666669,2.3641080653059077,2.124937499080854,23.78,24.04,7.963333333333333,15.499166666666664,18.254166666666663,23.379166666666663,3.670833333333333,6.604166666666667,5.949235770248139,6.146573684220791,20.98,39.72,98.15,96.12500000000001,111.125,111.125,86.375,80.16666666666667,10.95724804511709,13.017516244148371,146.4,155.4,26.504999999999995,26.508333333333333,27.20833333333333,27.7125,25.275,25.27916666666667,0.8867925584186327,1.1188993537798138,31.560000000000002,30.639999999999997,79.2,73.75,87.79166666666667,78.5,67.625,67.79166666666667,8.994423426644865,4.226138078145997,94.2,92.2,2057.4841666666666,1910.2383333333332,2236.8166666666666,1974.1708333333331,1763.0791666666669,1808.5791666666669,204.908480701853,77.34352305802837,2280.2200000000003,2143.98,28.295614314818863,27.965311388506688,29.86000461149465,29.99670510268086,26.69763537663621,26.40495184830624,1.1893388960540985,1.5212583057678821,34.73488447266311,33.05508469131696,23.487474864884717,22.6967783984637,24.59830706660029,23.666870997190244,22.201565897423237,22.01813537321773,0.9290974661145369,0.6178899114768476,25.048135880776346,24.058678786298664,,,,,,,,,,,5.0,5.0,2.0,0.0,190.0,160.0,266.0,266.0,76.0,106.0,5.658333333333346,4.199999999999989,3.216666666666667,3.1549999999999976,7.535833333333331,-2.0249999999999915,0.003333333333337407,-5.450000000000003,-147.2458333333334,-0.33030292631217506,-0.7906964664210179,,-30.0,30.0,5,2,avg,home_minus_away
MLS-MAT-0006EM,Inter Miami CF II,Crown Legacy FC,Chase Stadium,534,279,87.45318352059925,78.13620071684588,13,9,3,1,0,0,11,10,6,4,,,2.0845,1.1677,3,3,467,218,0,0,9,13,4,6,691,438,ASA,9.316982803753376,1,2,,0.9167999999999998,255,4,2,0,2025-07-13,MLS-STA-000008,78.19166666666668,50.75,98.625,59.208333333333336,47.583333333333336,39.5,23.43713147858424,7.690576394378886,115.2,54.6,52.491666666666674,31.583333333333336,70.83333333333333,37.833333333333336,34.708333333333336,24.33333333333333,15.632009538834799,5.303382699330266,76.8,39.0,15.558333333333334,10.616666666666667,21.4125,14.1625,12.529166666666669,6.945833333333333,3.607974866720788,3.043056189461875,21.22,15.4,20.018333333333334,18.071666666666665,24.4875,24.4875,13.391666666666666,11.808333333333332,4.797446333148965,6.159153221245416,26.660000000000004,23.84,7.578333333333333,10.328333333333333,12.45,12.45,4.458333333333333,9.025,3.1888551041086832,1.3687560248472173,16.0,20.4,92.83333333333334,50.28333333333334,131.95833333333334,56.708333333333336,45.083333333333336,44.25,40.58624219554645,5.432301154513926,136.4,71.0,27.525,27.357499999999998,29.04583333333333,27.77916666666667,25.4375,27.079166666666666,1.3152616448617522,0.26957077508101424,31.98,29.9,77.64166666666667,82.96666666666667,85.875,84.0,62.708333333333336,80.20833333333333,9.256876197964647,1.5962738730486659,92.0,92.2,2101.059166666667,2259.8191666666667,2293.8875000000003,2293.8875000000003,1770.3958333333333,2218.820833333333,202.0368215889813,31.027386200652625,2297.2400000000002,2367.4,30.139711745664204,30.581459372299427,31.26801348899051,31.26801348899051,27.07726034727012,29.966921949115957,1.7270711267908065,0.5190858878442498,36.67371627120985,35.49333367149656,24.25066958549852,24.984982824761822,25.197074858287696,25.197074858287696,23.271490576877937,24.717871164061386,0.8773278085593463,0.179393756500389,25.970186336187634,26.127373892716967,,,,,,,,,,,5.0,5.0,2.0,0.0,239.0,6.0,4.0,4.0,-235.0,-2.0,-27.441666666666677,-20.90833333333334,-4.941666666666666,-1.946666666666669,2.75,-42.550000000000004,-0.16750000000000043,5.325000000000003,158.75999999999976,0.44174762663522316,0.7343132392633009,,-233.0,233.0,5,2,avg,home_minus_away
MLS-MAT-0006EN,Orlando City B,Carolina Core FC,Osceola Heritage Park,361,428,80.88642659279779,85.98130841121495,12,21,4,2,0,0,13,25,7,12,,,2.5876,2.7813,3,1,292,368,0,0,21,12,13,7,520,590,ASA,-5.094881818417164,-12,-5,,-0.19369999999999976,-67,-9,2,0,2025-07-13,MLS-STA-000017,52.75,54.758333333333326,55.25,56.91666666666666,50.25,52.5,3.5355339059327378,1.7796106003530316,59.5,61.8,39.77083333333333,40.62499999999999,42.04166666666666,43.375,37.5,38.29166666666666,3.2114432978888967,2.128673295740802,58.5,59.2,9.38125,10.853333333333333,9.5625,12.8375,9.2,8.1625,0.25632620818012397,1.760662951214053,13.850000000000001,16.46,10.75,13.458333333333332,10.891666666666666,15.808333333333332,10.608333333333333,9.383333333333333,0.20034692133618776,2.654380878325909,15.100000000000001,19.82,9.216666666666667,8.445833333333333,10.175,10.475,8.258333333333333,6.870833333333334,1.355287997274217,1.3299729790488226,21.55,19.32,74.6875,74.95833333333334,80.58333333333333,80.29166666666667,68.79166666666667,69.79166666666667,8.337967461491365,4.048748091831735,119.5,120.8,27.78333333333333,27.743333333333332,27.8125,27.995833333333334,27.754166666666663,27.45833333333333,0.04124789556921795,0.25782207473803087,32.1,32.28,81.66666666666666,80.16666666666666,82.70833333333333,81.0,80.625,78.70833333333333,1.4731391274719656,0.8625100643535188,95.0,96.2,2240.270833333333,2186.6858333333334,2271.420833333333,2220.820833333333,2209.1208333333334,2161.3708333333334,44.05275246792156,30.50855990423937,2382.6,2393.42,31.106705575538413,30.62792800219996,31.29648634389393,31.263804887408728,30.916924807182895,29.975702878014285,0.26839053648595984,0.5959902395655824,38.07409618584785,37.02722960311428,25.139656779183603,24.843104422041954,25.28346008018304,25.138470048034463,24.995853478184163,24.58231070556775,0.2033685785874281,0.254100715683813,26.441108328372934,25.770387871232145,,,,,,,,,,,2.0,5.0,2.0,0.0,,39.0,23.0,23.0,,-16.0,2.0083333333333258,0.8541666666666643,1.4720833333333339,2.708333333333332,-0.7708333333333339,0.2708333333333428,-0.03999999999999915,-1.5,-53.58499999999958,-0.47877757333845494,-0.29655235714164974,,,,5,2,avg,home_minus_away
MLS-MAT-0006EO,Atlanta,Columbus Crew 2,Fifth Third Stadium,391,328,83.88746803069054,79.26829268292683,16,11,2,3,0,0,25,6,10,4,,,3.1998,0.7507,3,2,328,260,0,1,11,15,4,10,534,456,ASA,4.619175347763715,19,6,,2.4491,63,5,-1,0,2025-07-13,MLS-STA-000011,60.275,83.3,69.33333333333333,106.20833333333331,44.958333333333336,70.70833333333333,9.143275078803363,14.192146204464242,82.2,128.8,46.983333333333334,58.525,52.91666666666666,67.29166666666667,36.708333333333336,53.41666666666666,6.182875656916353,5.325401002115558,66.0,88.0,13.439166666666669,14.516666666666666,15.570833333333333,16.741666666666667,7.7,12.345833333333331,3.283611716201807,1.7006330520655482,18.160000000000004,21.44,14.744166666666667,15.2125,18.775,17.6375,8.208333333333334,12.745833333333332,4.031238264410134,2.0769966130342032,20.0,22.44,9.3925,9.034166666666668,15.766666666666666,12.3,4.895833333333333,7.083333333333333,4.224563792406396,1.9697283724186727,21.119999999999997,20.52,88.25833333333334,108.575,96.75,124.45833333333331,78.29166666666667,96.125,6.842752654370088,10.598144164061086,131.8,165.8,24.945833333333333,25.96083333333333,25.6875,27.6,24.525,24.829166666666666,0.4373213921133959,1.1702422885406647,29.080000000000002,31.139999999999997,80.275,81.04166666666666,85.375,86.20833333333333,75.04166666666667,69.58333333333333,4.304652683111868,6.833396849298307,96.4,96.8,1969.855,2056.7775,2098.425,2119.7375,1846.2125,1860.625,123.33249533076788,110.65692377575796,2149.84,2267.2599999999998,26.179976425015816,27.665059146175643,27.60152041143012,29.21678574221289,25.24518370687269,26.288535822284004,0.874474916222781,1.25405683607873,31.417706685194293,34.29188838976626,22.200852979586312,23.218663428089524,23.30805462177551,23.718301381483556,21.294559023866707,22.952163330537548,0.8560508489182868,0.3386534200980676,23.752471328300366,24.828884669628444,,,,,,,,,,,5.0,5.0,2.0,0.0,231.0,316.0,336.0,336.0,105.0,20.0,23.025,11.541666666666664,1.077499999999997,0.4683333333333337,-0.3583333333333325,20.316666666666663,1.014999999999997,0.7666666666666515,86.92250000000013,1.4850827211598272,1.0178104485032122,,85.0,-85.0,5,2,avg,home_minus_away
MLS-MAT-0006EP,Colorado Rapids 2,Whitecaps FC 2,DICK'S Sporting Goods Park,603,306,89.71807628524047,82.02614379084967,15,8,1,3,0,0,14,7,4,2,,,,,0,0,541,251,0,0,8,14,2,4,750,459,,7.691932494390798,7,2,,,297,7,-2,0,2025-07-13,MLS-STA-00000J,54.31666666666666,62.0,67.0,71.79166666666667,41.5,51.25,11.922660206048352,7.725993283858217,75.0,103.6,39.33333333333333,49.775,49.875,51.833333333333336,30.70833333333333,46.583333333333336,9.286293289335392,2.1567481308673955,58.2,73.0,10.265,8.936666666666667,13.454166666666666,14.029166666666669,6.4875,5.808333333333334,2.519585779448677,3.688332533137435,18.3,16.06,11.956666666666667,12.0375,17.904166666666665,18.891666666666666,6.958333333333333,7.858333333333333,3.92029596919813,4.544973948709106,19.78,19.84,14.915833333333333,10.654999999999998,22.570833333333336,11.604166666666666,8.325000000000001,8.854166666666666,5.155265815164143,1.0722526262240835,37.82,27.660000000000004,65.0,98.81666666666666,97.5,102.79166666666669,35.583333333333336,93.83333333333331,26.777682327515443,3.7925365302569483,105.6,145.8,19.814166666666665,23.677500000000002,22.741666666666664,26.52083333333333,17.058333333333334,20.675,2.443657820085836,2.3407297206213267,24.4,31.860000000000003,67.20833333333334,41.55,88.33333333333333,62.125,44.375,28.125,16.955287400493486,13.450152312231344,86.2,73.6,1252.7633333333333,837.4566666666667,1541.8,1189.1333333333334,912.4208333333332,566.5208333333334,234.69712168470093,239.00231198759704,1442.74,1190.6,19.549452642081615,22.60110052121983,21.97888732897844,24.542339455317897,16.840069444444445,20.40593505274176,2.200514794692084,1.7041016095261075,23.88536098496001,29.591786379336092,15.352785633003487,14.214597653848305,16.181929585385365,15.432410823989386,14.353095152822307,13.175012964581798,0.8755102138606989,0.9050258831663278,16.925263017575908,16.353588382497282,,,,,,,,,,,5.0,5.0,2.0,0.0,37.0,1597.0,1572.0,1572.0,1535.0,-25.0,7.683333333333337,10.44166666666667,-1.3283333333333331,0.08083333333333265,-4.260833333333336,33.81666666666666,3.863333333333337,-25.658333333333346,-415.3066666666666,3.0516478791382156,-1.138187979155182,,1560.0,-1560.0,5,2,avg,home_minus_away
MLS-MAT-0006EQ,Houston Dynamo 2,North Texas SC,SaberCats Stadium,296,428,84.79729729729729,89.48598130841121,21,17,4,2,0,0,12,9,6,3,,,,,3,0,251,383,0,0,17,21,3,6,438,574,,-4.688684011113921,3,3,,,-132,4,2,0,2025-07-13,MLS-STA-00000Y,64.9,52.33333333333333,83.04166666666667,62.75,46.125,42.54166666666666,13.839908076123757,8.09090066748512,96.0,59.2,42.824999999999996,33.666666666666664,58.79166666666666,42.333333333333336,27.45833333333333,27.45833333333333,12.863310497086058,5.41738777251341,64.8,44.0,10.415,10.608333333333334,12.345833333333331,18.35,7.541666666666667,7.408333333333334,1.754395768887079,4.530746619549096,14.419999999999998,14.7,13.857499999999998,19.259999999999998,19.27083333333333,44.2125,10.329166666666667,10.329166666666667,3.7110002114584186,14.419463721920373,21.119999999999997,30.639999999999997,9.714166666666667,10.153333333333332,11.245833333333332,13.2375,7.533333333333334,7.533333333333334,1.8330979962590341,2.752419074902819,21.060000000000002,22.1,81.63333333333333,61.24166666666666,108.08333333333331,65.625,55.79166666666666,55.79166666666666,20.96047454270908,4.180124101028585,130.6,100.6,27.435833333333335,27.145833333333332,28.1625,27.566666666666663,26.854166666666668,26.45,0.4922189694525075,0.42491829279939836,31.879999999999995,30.880000000000003,79.55,85.06666666666666,85.33333333333333,86.91666666666667,71.625,83.125,5.422704967695242,1.5735994654859888,94.8,95.4,2149.6833333333334,2291.6891666666666,2303.2125,2323.4333333333334,1958.4916666666668,2267.3875000000003,143.83202529943082,21.85734219858641,2316.2400000000002,2416.2,30.14270973859333,30.301239139666677,30.670042057649123,31.08749588022625,29.142718635968183,29.06974447997261,0.585040236092544,0.7541656435712805,36.760323471973415,37.28246123022006,24.472175247319576,25.05559909101537,25.1284134868966,25.22170446696896,23.83852954091232,24.643310133936797,0.6375206009607525,0.23388711569036108,25.843608656323482,26.629633492389708,,,,,,,,,,,5.0,5.0,2.0,0.0,219.0,20.0,14.0,14.0,-205.0,-6.0,-12.566666666666677,-9.158333333333331,0.19333333333333513,5.4025,0.43916666666666515,-20.391666666666666,-0.2900000000000027,5.516666666666666,142.00583333333316,0.15852940107334845,0.5834238436957939,,-199.0,199.0,5,2,avg,home_minus_away
MLS-MAT-0006ER,Town FC,Sporting KC II,St. Mary’s College,477,410,84.90566037735849,82.4390243902439,20,13,4,1,0,0,11,8,6,3,,,,,3,1,405,338,0,0,12,20,3,6,596,533,,2.4666359871145858,3,3,,,67,7,3,0,2025-07-13,MLS-STA-000024,64.30833333333334,50.46666666666666,66.66666666666667,59.208333333333336,63.375,36.583333333333336,1.3707636760417752,9.504859868041777,86.8,56.4,45.5,31.55,54.16666666666666,36.833333333333336,35.875,23.916666666666668,6.952280301375139,5.368972718831374,61.0,38.4,10.8425,10.6375,17.841666666666665,13.966666666666669,4.220833333333333,5.816666666666666,5.045213456281552,3.383797689808827,15.780000000000001,15.440000000000001,12.105,12.704166666666666,20.370833333333334,16.6125,4.366666666666666,7.1875,5.867926740860959,3.9889158492976238,17.28,18.54,12.560833333333333,7.623333333333333,19.85,11.3875,6.508333333333333,4.716666666666667,5.712129668278043,2.67162884668594,29.82,15.52,78.18333333333332,48.516666666666666,106.625,58.958333333333336,48.333333333333336,35.5,24.763755296579895,10.73677319361414,126.8,75.0,24.391666666666666,18.593333333333334,28.5625,20.245833333333334,19.566666666666663,17.029166666666665,3.965873301262496,1.3943200752417744,30.32,25.72,67.25,70.35833333333333,75.66666666666667,72.04166666666667,60.708333333333336,69.08333333333333,5.430351303348411,1.2522895698146908,91.4,95.4,1567.7216666666666,1223.7383333333332,1933.1958333333328,1298.5375,1251.7083333333333,1153.4333333333334,297.82542745347837,64.09762569543162,1767.3799999999999,1321.52,25.059096238350072,18.33572367339076,30.05740192125448,20.099148643381017,19.354444444444443,16.668726851851854,4.771643066711663,1.4919953791567309,31.60882851231782,25.34116095987914,19.667441412390342,14.70465700604339,22.56369353378862,16.00064824556255,15.321131040399273,13.508861869857782,3.6384194123927687,1.0884535716794947,22.04713578414698,17.441447152014995,,,,,,,,,,,5.0,5.0,2.0,0.0,276.0,17.0,149.0,149.0,-127.0,132.0,-13.841666666666676,-13.95,-0.20500000000000007,0.5991666666666653,-4.9375,-29.666666666666657,-5.798333333333332,3.1083333333333343,-343.98333333333335,-6.723372564959313,-4.962784406346952,,-259.0,259.0,5,2,avg,home_minus_away
MLS-MAT-0006EI,LAFC 2,Timbers2,Titan Stadium,383,637,87.20626631853786,90.26687598116168,6,9,3,2,0,0,18,9,5,1,,,2.2866,0.8319,1,0,334,575,0,0,9,5,2,5,542,775,ASA,-3.0606096626238184,9,4,,1.4546999999999999,-254,-3,1,0,2025-07-13,MLS-STA-00001F,43.68333333333333,66.79166666666666,72.125,76.45833333333333,22.5,56.54166666666666,25.296876179568983,8.73137899570662,49.8,70.8,32.641666666666666,47.383333333333326,52.875,54.583333333333336,18.0,40.833333333333336,17.488552803667506,5.274693908970771,43.8,61.4,10.698333333333334,18.384999999999998,21.35833333333333,22.8125,4.079166666666667,11.429166666666667,8.925613015828846,5.3009601790095,12.940000000000001,27.78,12.080833333333333,20.15083333333333,23.741666666666664,25.21666666666667,4.675,11.916666666666666,9.993033858365756,6.2114214914498,14.86,29.48,15.928333333333333,32.98416666666667,33.270833333333336,38.775,4.0875,22.2375,15.181991570790556,6.763395530147724,27.6,60.96,52.875,49.7,67.20833333333333,57.958333333333336,37.833333333333336,41.91666666666666,12.331890399826511,7.654734827397862,96.6,108.2,21.930833333333332,24.82916666666667,23.42083333333333,26.7,20.775,22.391666666666666,1.152562061476758,1.8597108123457153,28.26,31.939999999999998,61.75,48.63333333333333,68.79166666666667,63.708333333333336,50.54166666666666,37.333333333333336,7.233578144858733,10.690866104088839,85.8,71.4,1286.5224999999998,1116.2891666666667,1476.1625,1356.7,1072.1625,929.4875,168.00100106658593,173.30615844169955,1452.94,1337.44,21.72266762706382,24.23801485156273,22.919356802811773,25.82454970966853,20.4899537037037,22.318443333521017,1.124047434711648,1.5076513391593613,27.8352510317245,30.73560147476536,16.63597715019954,17.018274372794245,18.272939389333303,17.356489538518215,15.556863862306438,16.495137239801455,1.1897390768248604,0.388593066828607,18.74169780107416,19.554390644173203,,,,,,,,,,,5.0,5.0,2.0,0.0,31.0,87.0,52.0,52.0,21.0,-35.0,23.108333333333327,14.74166666666666,7.686666666666664,8.069999999999999,17.055833333333332,-3.174999999999997,2.898333333333337,-13.116666666666667,-170.23333333333312,2.5153472244989104,0.3822972225947048,,56.0,-56.0,5,2,avg,home_minus_away
MLS-MAT-0006ES,NYCFC II,TFC II,Belson Stadium,442,489,87.10407239819004,87.52556237218813,6,12,1,5,0,0,15,17,7,5,,,1.3338,0.9881,1,0,385,428,0,0,12,6,6,7,594,623,ASA,-0.4214899739980922,-2,2,,0.3457000000000001,-47,-6,-4,0,2025-07-16,MLS-STA-00000Z,91.10833333333333,70.59166666666667,122.91666666666669,97.875,51.16666666666666,51.16666666666666,27.784241261909614,20.39832083911702,147.8,100.0,61.50833333333334,48.925,73.58333333333333,65.16666666666667,41.375,34.041666666666664,13.48466850620445,13.569055635280352,108.0,78.0,18.919999999999998,15.081666666666667,35.6625,23.75,13.145833333333334,8.808333333333334,9.467640611577945,5.5332726214038805,31.220000000000006,22.28,19.44166666666667,16.2875,36.25416666666667,24.39583333333333,13.8625,10.683333333333332,9.467362155350115,5.035854087331053,31.639999999999997,23.339999999999996,21.10833333333333,25.359166666666663,31.929166666666664,31.929166666666664,12.229166666666666,19.075,7.78298424449131,4.759982565911115,44.76,50.339999999999996,107.9,78.00833333333333,140.41666666666666,104.625,65.70833333333333,53.708333333333336,27.3297221954007,23.67057992882022,182.4,142.2,25.21333333333333,24.93333333333333,25.941666666666663,25.941666666666663,23.725,24.258333333333336,0.8658369425654637,0.7136564688668885,27.939999999999998,28.339999999999996,80.84166666666667,83.28333333333333,86.08333333333333,86.08333333333333,74.20833333333333,80.83333333333333,4.9941284969896795,2.378907604109266,92.8,96.4,2022.5216666666668,2055.8308333333334,2193.233333333333,2193.233333333333,1887.3958333333333,1951.9208333333331,148.18340993816685,114.42198892847146,2165.7599999999998,2221.4800000000005,26.46970659849405,26.28439744567246,28.02629742768974,28.02629742768974,24.24194444444444,25.24137462387991,1.3858057420969778,1.194076758875663,30.2919561252329,31.096030045188048,22.59258258345174,22.64876016698301,23.92403596859216,23.92403596859216,21.070468584411564,21.737468775367635,1.1366423996615933,0.9834140177780638,23.656402260421878,23.873388245584557,,,,,,,,,,,5.0,5.0,2.0,0.0,87.0,27.0,51.0,51.0,-36.0,24.0,-20.516666666666666,-12.583333333333343,-3.838333333333331,-3.1541666666666686,4.250833333333333,-29.89166666666668,-0.28000000000000114,2.441666666666663,33.30916666666667,-0.18530915282158844,0.05617758353126945,,-60.0,60.0,5,2,avg,home_minus_away
MLS-MAT-0006ET,St Louis CITY2,Ventura County,Energizer Park,326,300,79.14110429447852,82.0,14,19,4,3,0,0,14,13,9,2,,,2.503,0.8254,1,1,258,246,0,0,18,14,3,9,456,447,ASA,-2.8588957055214763,1,7,,1.6776,26,-5,1,0,2025-07-16,MLS-STA-00000U,51.8,58.508333333333326,62.458333333333336,81.0,37.16666666666666,37.16666666666666,9.342462053560737,15.795167817686806,63.6,85.8,39.83333333333333,45.608333333333334,52.875,52.875,34.041666666666664,36.66666666666666,7.46856839621148,6.619271632471691,59.6,69.6,10.7875,9.555,14.908333333333331,14.908333333333331,5.525,5.525,3.410337124912367,3.4070971168854114,18.22,20.46,13.806666666666667,10.466666666666667,16.974999999999998,15.670833333333334,5.816666666666666,5.816666666666666,4.5254743842803675,3.585552849437742,22.84,22.3,11.966666666666667,14.005,22.195833333333336,22.195833333333336,8.433333333333334,7.633333333333333,5.805762971441013,6.302944775834724,32.160000000000004,45.660000000000004,74.375,85.79166666666667,80.29166666666667,111.54166666666669,67.79166666666667,74.125,4.593076764726093,15.068794788863809,121.8,138.4,22.554999999999996,26.1025,25.89583333333333,28.329166666666666,20.04583333333333,24.46666666666667,2.725761871069772,1.5488139503432214,26.660000000000004,30.060000000000002,80.25,79.8,85.5,88.16666666666667,69.91666666666667,68.16666666666667,6.44844673373192,9.093810853175551,95.8,93.0,1788.4408333333333,2047.3224999999998,2177.75,2177.75,1502.1,1883.525,324.2666572758188,135.03074375371165,1890.1,2189.66,23.324362823832878,27.747069524879425,27.907129514212997,30.619080116576598,20.24627314814815,25.35548635348741,3.5963542756456333,2.017001598674386,28.339753287070245,33.36122178542318,19.94004171979386,23.2259017780975,23.824203155866616,23.824203155866616,17.356391719467272,22.90520127137472,3.160494459666822,0.4314161729073776,21.62480329199723,24.796621076379534,,,,,,,,,,,5.0,5.0,2.0,0.0,25.0,152.0,142.0,142.0,117.0,-10.0,6.708333333333329,5.775000000000006,-1.2325,-3.34,2.038333333333334,11.416666666666671,3.547500000000003,-0.45000000000000284,258.88166666666643,4.422706701046547,3.2858600583036406,,127.0,-127.0,5,2,avg,home_minus_away
MLS-MAT-0006EV,Houston Dynamo 2,Whitecaps FC 2,SaberCats Stadium,455,290,91.2087912087912,83.44827586206897,15,11,4,2,0,0,18,11,5,6,,,,,2,4,415,242,0,0,11,15,6,5,592,430,,7.760515346722229,7,-1,,,165,4,2,0,2025-07-17,MLS-STA-00000Y,58.06666666666666,48.55,65.5,60.5,50.708333333333336,42.333333333333336,5.868095824976879,7.447699588911107,62.0,51.8,40.233333333333334,32.48333333333333,45.708333333333336,39.91666666666666,33.666666666666664,27.45833333333333,4.930823545142674,5.796281135348765,54.0,44.0,13.306666666666667,10.294166666666666,15.783333333333331,15.783333333333331,9.779166666666669,7.541666666666667,2.4120476691668697,3.658857213818422,20.14,13.559999999999999,18.933333333333334,17.533333333333335,35.4125,35.4125,9.925,10.329166666666667,9.936269141103438,10.813288346340864,27.939999999999998,23.56,17.595,8.285833333333333,27.266666666666666,9.429166666666664,7.545833333333333,7.545833333333333,9.311142891420173,0.7164098377015445,34.1,16.02,58.46666666666666,62.175,67.29166666666667,65.625,43.25,58.79166666666666,9.3526307202246,2.646964981088929,108.2,102.8,24.363333333333333,27.6875,28.3875,28.3875,21.104166666666668,27.166666666666668,3.6346714852315825,0.5502051385114897,28.48,31.68,74.19166666666668,83.45,81.75,86.875,67.08333333333333,78.41666666666667,5.8404420970410245,3.3738938516530386,92.6,96.2,1790.1616666666664,2286.0416666666665,2268.1041666666665,2377.0750000000003,1488.4541666666669,2185.983333333333,399.9240735491757,68.94056499432045,1965.44,2439.18,25.8998859527642,31.23575888074118,31.983455449129007,31.983455449129007,21.14796296296296,30.31349738534354,5.584092529693463,0.8082904848367818,31.21782640141825,38.40307584766316,20.84449376136091,25.321383066861713,25.48243057677084,25.70694099257592,17.458478013343186,25.10230877999956,4.124018580853864,0.2640597698059298,22.386897914921548,26.787342035754012,,,,,,,,,,,5.0,5.0,2.0,0.0,37.0,20.0,14.0,14.0,-23.0,-6.0,-9.516666666666666,-7.750000000000007,-3.012500000000001,-1.3999999999999986,-9.309166666666666,3.7083333333333357,3.3241666666666667,9.258333333333326,495.8800000000001,5.335872927976979,4.476889305500805,,-17.0,17.0,5,2,avg,home_minus_away
MLS-MAT-0006EU,Tacoma Defiance,Real Monarchs,Starfire Sports Complex,448,446,85.26785714285714,84.97757847533633,16,10,0,1,0,0,13,12,2,6,,,1.6483,1.422,2,2,382,379,0,0,9,15,6,5,595,611,ASA,0.2902786675208091,1,-4,,0.22630000000000017,2,6,-1,0,2025-07-17,MLS-STA-00001D,51.375,41.93333333333334,57.833333333333336,59.875,44.875,25.625,5.4627049923397255,13.625783616609604,80.4,54.2,47.958333333333336,35.4,53.125,47.125,39.125,21.70833333333333,5.253223216908516,9.276922157818412,66.4,51.6,7.575,6.923333333333334,8.875,9.9125,6.204166666666667,4.183333333333334,1.2331045677476018,2.3370740105002143,11.379999999999999,12.26,8.139166666666666,7.139166666666666,9.0375,10.108333333333333,7.245833333333334,4.454166666666667,0.8400903142585984,2.3376756469954416,11.64,12.440000000000001,17.605,13.440000000000001,22.0625,16.0125,15.175,8.491666666666667,2.8110141136647138,2.998875078443767,38.260000000000005,33.46,77.59166666666667,59.358333333333334,87.125,82.625,59.16666666666666,38.0,10.829502527817246,16.293227759818897,134.6,97.8,25.6575,23.306666666666665,27.73333333333333,25.42083333333333,22.354166666666668,21.77083333333333,2.0989485628391256,1.4397253306717144,32.44,28.98,45.675,58.09166666666666,59.91666666666666,64.25,37.833333333333336,48.125,9.458030465048086,5.995397540335974,88.6,87.8,1007.0449999999998,1272.78,1233.1083333333331,1381.225,851.8249999999999,1121.5708333333334,179.74400583518923,99.19497028684629,1498.0,1514.44,24.760399652891046,23.05880973310706,26.334010154797408,24.8052817950052,22.08562090459361,21.68111111111111,1.6380801480610492,1.2619810710397423,30.616261442613357,28.311127605404057,16.487644262676167,17.28835840943437,17.534012852073968,17.985844108822498,15.962593217045564,16.762061736913633,0.6345305872705872,0.45531762794841246,18.548495023216155,19.24654163626412,,,,,,,,,,,5.0,5.0,2.0,0.0,1302.0,42.0,45.0,45.0,-1257.0,3.0,-9.441666666666663,-12.558333333333337,-0.6516666666666664,-1.0,-4.164999999999999,-18.233333333333334,-2.350833333333334,12.416666666666664,265.7350000000001,-1.7015899197839843,0.8007141467582031,,-1260.0,1260.0,5,2,avg,home_minus_away
MLS-MAT-0006EX,Huntsville,Columbus Crew 2,Wicks Family Field,477,362,87.21174004192872,83.97790055248619,8,10,0,1,0,0,20,3,7,2,,,2.2912,0.7519,2,1,416,304,0,0,10,7,2,7,641,518,ASA,3.2338394894425306,17,5,,1.5393,115,-2,-1,0,2025-07-18,MLS-STA-000013,56.86666666666666,54.74166666666666,69.125,63.5,46.625,46.625,8.203805857987838,6.450357978868735,74.0,61.8,43.166666666666664,39.33333333333333,54.66666666666666,43.91666666666666,32.333333333333336,32.333333333333336,7.92477654784873,4.2820482832401545,60.8,51.6,11.401666666666667,10.23,17.875,14.554166666666667,7.6375,7.6375,4.054749658322529,2.875516861752374,17.580000000000002,15.7,12.372499999999999,12.680833333333332,18.616666666666667,22.0875,8.308333333333334,8.308333333333334,4.043120013608853,5.742947516785745,18.82,18.919999999999998,9.839166666666667,4.8966666666666665,21.525,6.508333333333333,2.4250000000000003,2.4250000000000003,7.502956361772782,1.5703591238241579,24.56,11.059999999999999,84.525,80.74166666666666,93.91666666666669,90.33333333333331,78.83333333333333,73.95833333333333,7.091270063332177,6.705576555706776,124.8,111.6,26.501666666666665,27.886666666666667,28.71666666666667,28.71666666666667,24.441666666666663,26.7125,1.9692660258470813,0.8876682156701979,30.74,32.36,76.60833333333333,75.71666666666667,82.54166666666667,80.375,69.91666666666667,69.91666666666667,4.835093070458933,4.519767539499243,94.8,94.4,1982.8091666666667,2065.2349999999997,2070.945833333333,2134.775,1860.4,1970.0208333333333,78.11217369155358,66.15711751517492,2212.68,2334.5,28.36325869002811,30.468837539862296,31.447499419696072,31.447499419696072,25.530794967882144,28.930663453103826,2.7678064733324463,1.056165973124132,33.88115159976942,36.474860560782794,23.10681381969882,24.284449073820305,24.64081761387097,24.64081761387097,21.774637428567456,23.917724479672767,1.2759574024925693,0.26161681513560775,24.686666319429943,25.51736718358635,,,,,,,,,,,5.0,5.0,2.0,0.0,231.0,190.0,197.0,197.0,-34.0,7.0,-2.125,-3.8333333333333357,-1.1716666666666669,0.30833333333333357,-4.942500000000001,-3.7833333333333456,1.3850000000000016,-0.8916666666666657,82.425833333333,2.1055788498341848,1.1776352541214834,,-41.0,41.0,5,2,avg,home_minus_away
MLS-MAT-0006EY,Sporting KC II,North Texas SC,Children's Mercy Victory Field,356,424,85.3932584269663,86.55660377358491,13,15,3,0,0,0,14,11,4,5,,,,,1,4,304,367,0,0,15,13,5,4,467,508,,-1.1633453466186126,3,-1,,,-68,-2,3,0,2025-07-18,MLS-STA-000026,51.38333333333334,63.283333333333324,52.958333333333336,74.54166666666667,49.083333333333336,50.29166666666666,1.6418464368576706,11.264627835742195,69.0,85.4,38.7,45.08333333333333,40.833333333333336,51.75,32.875,32.875,3.2863089308354554,8.057357317659703,63.8,65.4,8.901666666666667,12.045833333333333,10.229166666666666,19.4625,7.7625,8.108333333333333,0.98419630212225,4.794483773335537,13.48,17.580000000000002,10.0175,12.992500000000001,13.158333333333331,21.308333333333334,8.450000000000001,8.679166666666667,1.887951564821277,5.319200349781076,15.38,18.9,9.1425,8.851666666666667,11.104166666666666,10.508333333333333,7.325,7.325,1.4986753410187867,1.230054763911844,20.6,18.34,82.075,87.63333333333334,91.79166666666669,97.83333333333331,73.29166666666667,73.29166666666667,6.880326219656225,9.307880099380538,129.0,132.0,26.62166666666667,26.392500000000002,28.46666666666667,28.46666666666667,24.275,24.275,1.7987008235884534,1.6657820569063393,30.2,30.419999999999998,77.1,73.60833333333332,83.33333333333333,83.33333333333333,68.58333333333333,67.45833333333333,5.790737335511675,6.618747049102271,94.8,94.8,2017.5875,1896.5266666666666,2081.483333333333,2011.9125,1923.9541666666669,1787.5625,61.06109169023068,85.60455106590096,2274.6,2160.02,28.43671251893225,27.762660153958034,31.16543525755245,30.82972105986698,25.06719924608176,25.06719924608176,2.5708929013289836,2.2124801483320407,33.45993921509917,32.6814106230667,23.338515231690252,22.56503768737481,24.62873000507836,23.82734437024192,22.047007250335074,22.043485150034822,0.9606116320875506,0.7346557987659488,24.592209317202155,23.895515523957336,,,,,,,,,,,5.0,5.0,2.0,0.0,219.0,276.0,280.0,280.0,61.0,4.0,11.899999999999984,6.383333333333326,3.144166666666665,2.9750000000000014,-0.2908333333333335,5.558333333333337,-0.22916666666666785,-3.4916666666666742,-121.06083333333345,-0.6740523649742158,-0.7734775443154405,,57.0,-57.0,5,2,avg,home_minus_away
MLS-MAT-0006EW,Timbers2,MNUFC2,Providence Park,470,309,86.59574468085107,78.96440129449839,11,19,2,2,0,0,12,12,5,5,,,0.7313,1.1708,1,1,407,244,0,0,18,11,5,5,644,478,ASA,7.6313433863526825,0,0,,-0.4395000000000001,161,-8,0,0,2025-07-18,MLS-STA-00000P,54.83333333333333,32.84166666666666,80.875,44.16666666666666,38.958333333333336,20.625,16.863241788313157,9.076230020712833,73.2,49.8,40.13333333333334,28.59166666666667,45.958333333333336,39.25,31.916666666666668,16.166666666666668,5.493635838151471,8.52856719111325,61.8,45.6,9.18,4.445,18.616666666666667,6.8625,5.354166666666667,2.475,5.442779525052741,1.85269229771163,16.5,6.880000000000001,9.701666666666666,5.005000000000001,18.879166666666663,8.591666666666667,5.483333333333333,2.5458333333333334,5.3557006557395335,2.3811131121342757,17.36,7.76,6.825,5.729166666666667,7.5,7.5,5.675,3.5875,0.7018391019314896,1.3997798686063305,14.219999999999999,11.36,85.14166666666667,66.14166666666667,91.70833333333331,86.25,69.08333333333333,41.333333333333336,9.310593578165564,16.1806640435085,125.8,103.2,25.41583333333333,24.616666666666667,26.98333333333333,26.879166666666663,23.516666666666666,22.3625,1.7077676909085457,1.976805609225818,31.82,32.660000000000004,57.891666666666666,48.75833333333333,72.16666666666667,55.29166666666666,41.66666666666666,41.66666666666666,13.754405859780187,5.420943824136572,82.8,78.6,1403.2708333333333,1089.6408333333334,1923.4125,1245.0916666666667,972.825,972.825,428.2844680196504,127.29911272547992,1680.6799999999998,1323.26,25.581254595474014,24.003502646890816,28.63283464175603,26.283471882376045,22.8511600618077,22.105454898335097,2.3840731488827105,1.9172363258974163,31.878678634828027,31.362643393940022,19.041632562879734,16.74631535670254,23.00329510744937,18.80923332186462,15.437017033137437,15.437017033137437,3.098319813937885,1.2915292839956833,21.12396373435712,19.346781134138805,,,,,,,,,,,5.0,5.0,2.0,0.0,257.0,31.0,13.0,13.0,-244.0,-18.0,-21.991666666666667,-11.541666666666671,-4.734999999999999,-4.696666666666665,-1.0958333333333332,-19.0,-0.7991666666666646,-9.133333333333333,-313.6299999999999,-1.5777519485831988,-2.295317206177195,,-226.0,226.0,5,2,avg,home_minus_away
MLS-MAT-0006EZ,Crown Legacy FC,Philadelphia Union II,Mecklenburg County Sportsplex,368,323,81.52173913043478,80.80495356037152,18,15,3,2,0,0,4,21,0,7,,,0.3091,2.8213,0,3,300,261,1,0,15,18,7,0,490,444,ASA,0.7167855700632657,-17,-7,,-2.5122,45,3,1,0,2025-07-19,MLS-STA-000039,58.225,65.125,78.79166666666667,97.875,42.583333333333336,42.583333333333336,17.936873295285082,24.551232572588557,89.0,92.6,43.925,45.21666666666667,55.41666666666666,67.5,36.04166666666666,29.58333333333333,9.462022041356228,15.271342078838028,76.2,67.6,10.549166666666668,11.338333333333335,14.616666666666667,17.320833333333333,8.479166666666666,6.370833333333334,2.4933129316233056,4.92177559423426,18.2,15.38,11.379999999999999,12.726666666666665,14.770833333333334,18.47083333333333,9.508333333333333,7.833333333333333,1.9965147584116572,4.819485010235936,19.0,16.96,10.295833333333333,5.529999999999999,15.266666666666666,7.1875,4.55,4.55,5.263322217372682,1.1618964980678024,23.080000000000002,10.84,89.08333333333334,96.4,109.83333333333331,126.91666666666669,69.70833333333333,75.70833333333333,15.546553074556428,21.836247420032805,144.2,135.4,26.99083333333333,27.831666666666667,28.89583333333333,29.245833333333334,25.8625,26.854166666666668,1.2481840976661491,0.8947163579096497,31.360000000000003,33.019999999999996,80.45,74.175,88.41666666666667,78.70833333333333,68.95833333333333,66.0,8.073952890485414,5.055971441990371,94.6,93.2,2132.514166666667,2012.7383333333332,2285.4,2106.1375000000003,1940.2833333333333,1868.8833333333328,148.02515503895134,88.59472975648755,2343.78,2317.08,29.270312391941292,29.969481953322543,31.174271730018187,31.203383202562623,28.014175968888097,28.566204927029915,1.3498600038986999,0.951056601178559,35.830469397764986,36.36114682478313,24.150433567578588,23.963192155753717,24.65797787143926,24.218440795465185,23.58312187553824,23.66231547542148,0.3898545117523038,0.19898881221189807,25.593358923760064,25.240496184540138,,,,,,,,,,,5.0,5.0,2.0,0.0,10.0,239.0,228.0,228.0,218.0,-11.0,6.899999999999999,1.2916666666666714,0.7891666666666666,1.3466666666666658,-4.765833333333333,7.316666666666663,0.840833333333336,-6.275000000000006,-119.7758333333336,0.6991695613812503,-0.1872414118248713,,229.0,-229.0,5,2,avg,home_minus_away
MLS-MAT-0006F0,Chattanooga,Inter Miami CF II,Finley Stadium,289,390,81.66089965397924,85.12820512820512,12,15,3,5,0,0,18,13,6,5,,,2.3614,1.5901,2,2,236,332,0,0,14,11,5,7,444,536,ASA,-3.4673054742258813,5,1,,0.7713000000000001,-101,-3,-2,0,2025-07-19,MLS-STA-00002S,52.50833333333334,56.25,67.04166666666667,64.70833333333333,45.083333333333336,45.583333333333336,8.934969532995371,7.231477776591258,62.8,72.8,32.65,41.45833333333333,40.54166666666666,51.583333333333336,25.5,30.041666666666668,6.856958651212973,7.739183760434803,43.6,56.8,9.073333333333334,10.32,13.329166666666666,15.0875,6.55,6.55,2.619721213433045,3.0612162842388138,13.66,16.380000000000003,12.47,11.350833333333334,19.329166666666666,17.941666666666666,7.0375000000000005,7.0375000000000005,4.517036039631887,3.9969990913322846,19.68,17.98,7.879166666666667,6.979166666666667,13.895833333333334,9.6875,3.845833333333333,3.845833333333333,4.360259891273047,2.7979081347598878,16.439999999999998,17.68,69.03333333333333,79.89166666666667,91.75,97.58333333333331,51.833333333333336,67.58333333333333,16.669775751674383,13.75661457061454,91.4,119.0,27.247500000000002,27.855833333333333,28.46666666666667,28.46666666666667,26.78333333333333,26.979166666666668,0.6878193702645437,0.6875669159353793,30.82,32.46,80.125,78.28333333333333,83.04166666666667,82.5,72.91666666666667,72.91666666666667,4.248467861084354,4.23131103271262,93.8,96.8,2160.4141666666665,2137.5333333333333,2236.2291666666665,2199.5916666666667,2032.7708333333333,2032.7708333333333,83.33653090740309,78.97071236514418,2353.18,2411.32,29.771908139147335,30.800320197416447,31.29676951606689,31.97350420716383,28.897321793142805,29.592319294639896,0.9082756448607588,0.9064936752898739,35.41430062122093,36.690409201512466,24.4139458559891,24.64888021224801,24.672515135718506,25.218735952707217,23.944294371803625,24.415330102256352,0.27926210793078066,0.33177795987496544,25.86415509364309,26.02109347215395,,,,,,,,,,,5.0,5.0,2.0,0.0,6.0,206.0,209.0,209.0,203.0,3.0,3.74166666666666,8.80833333333333,1.2466666666666661,-1.1191666666666666,-0.9000000000000004,10.858333333333334,0.6083333333333307,-1.8416666666666686,-22.880833333333157,1.0284120582691116,0.23493435625891124,,200.0,-200.0,5,2,avg,home_minus_away
MLS-MAT-0006F1,Carolina Core FC,Atlanta,Truist Point,272,560,77.20588235294117,90.89285714285714,4,9,1,2,1,0,12,23,7,8,,,1.6477,1.6235,1,1,210,509,0,0,9,4,9,7,406,709,ASA,-13.686974789915965,-11,-1,,0.0242,-288,-5,-1,1,2025-07-19,MLS-STA-00002T,67.04166666666666,,80.70833333333333,,45.0,,14.64027573548774,,104.2,,49.891666666666666,,58.625,,39.91666666666666,,8.178382327820097,,74.4,,10.7325,,12.925,,8.0875,,2.1452576088510518,,16.94,,11.938333333333333,,15.716666666666669,,9.470833333333331,,2.6500497898886537,,18.78,,7.256666666666666,,9.770833333333334,,5.033333333333333,,2.2579270083419436,,18.2,,100.325,,112.66666666666669,,85.33333333333333,,10.451832308792147,,147.4,,27.1875,,27.891666666666666,,26.554166666666664,,0.5476116070923087,,32.44,,77.20833333333334,,82.41666666666667,,73.25,,4.2620336173657245,,95.6,,2050.7275,,2173.3125,,1966.8958333333333,,104.8618555777474,,2329.6,,29.315112565103153,,30.038961691270767,,28.349614064489646,,0.7370132402491233,,36.120836174756015,,23.83111282333722,,24.58525891665237,,23.138258777949872,,0.546724157618772,,25.18168344491626,,,,,,,,,,,,5.0,0.0,2.0,0.0,316.0,,288.0,288.0,-28.0,,,,,,,,,,,,,,,,5,2,avg,home_minus_away
MLS-MAT-0006F3,New England Revolution II,Orlando City B,Gillette Stadium,293,564,84.98293515358361,92.02127659574468,19,11,2,3,0,0,15,8,6,1,,,3.1299,0.3522,3,0,249,519,0,0,10,19,1,6,381,678,ASA,-7.0383414421610695,7,5,,2.7777000000000003,-271,8,-1,0,2025-07-20,MLS-STA-00000N,57.35,75.00833333333334,76.04166666666667,86.70833333333333,32.291666666666664,61.708333333333336,17.907158329686048,9.388342357531608,87.4,145.2,37.88333333333333,53.68333333333332,55.583333333333336,64.75,23.33333333333333,45.66666666666666,13.892550211854159,8.040565555011941,54.8,89.0,7.831666666666666,8.039166666666668,13.3375,11.154166666666669,4.779166666666667,5.433333333333334,3.254008745634631,2.1613849887154406,13.819999999999999,15.020000000000001,8.930000000000001,8.499166666666666,13.8625,11.9625,6.3500000000000005,6.079166666666667,2.969954287901116,2.275294547476827,15.4,15.440000000000001,7.630833333333333,7.4816666666666665,11.525,11.525,5.566666666666666,5.620833333333334,2.281811384502331,2.322808480290854,21.68,18.64,81.10833333333332,111.5,105.58333333333331,131.33333333333334,55.625,100.08333333333331,23.00676606396957,13.725767788684513,113.6,166.6,24.999166666666664,24.450833333333332,26.92083333333333,25.941666666666663,22.004166666666663,22.125,2.159755403460719,1.583109633320163,28.880000000000003,28.52,77.61666666666667,77.58333333333334,90.16666666666669,88.25,62.16666666666666,61.375,11.81400269689416,12.486172908016648,90.6,92.2,1934.6875,1881.6858333333334,2317.6875,2252.0625,1450.5208333333333,1434.3625,442.7142747346414,409.90669171979437,2156.2599999999998,2103.7799999999997,26.459733142919617,25.57398763251857,29.710496603506236,28.02062365573124,22.08215012786778,22.180432195099534,3.4411491302843737,2.5395926525387305,32.465144741763496,31.073850850586645,21.941585654578176,21.384369983463714,24.76954061313887,24.058393790268784,17.729273541445057,17.67134992914013,3.552730870556682,3.098246407947586,24.21967303399305,23.53758420069825,,,,,,,,,,,5.0,5.0,2.0,0.0,39.0,79.0,91.0,91.0,52.0,12.0,17.65833333333334,15.79999999999999,0.20750000000000224,-0.43083333333333584,-0.1491666666666669,30.39166666666668,-0.548333333333332,-0.03333333333333144,-53.00166666666655,-0.8857455104010477,-0.5572156711144629,,40.0,-40.0,5,2,avg,home_minus_away
MLS-MAT-0006F4,TFC II,Chicago Fire FC II,York Lions Stadium,460,539,86.52173913043478,89.23933209647495,13,9,3,1,0,0,25,11,14,7,,,3.3593,2.4255,1,3,398,481,1,0,9,12,8,14,580,658,ASA,-2.717592966040172,14,7,,0.9338000000000002,-79,4,2,0,2025-07-20,MLS-STA-00001H,63.39166666666667,92.83333333333334,93.41666666666669,149.0,40.583333333333336,40.583333333333336,22.802473062757425,49.27772590971841,92.4,138.6,43.391666666666666,55.475,58.208333333333336,80.5,25.625,34.958333333333336,13.07286603575853,21.22485440337447,67.0,89.0,10.050833333333333,19.589166666666664,21.154166666666665,42.97083333333333,4.533333333333333,5.0125,7.337422747085276,18.719164830313463,14.74,30.02,10.394166666666667,19.969166666666666,21.875,43.57916666666667,4.633333333333334,5.179166666666666,7.593988965147222,19.000098135711475,15.080000000000002,30.68,9.695,14.1125,14.8625,23.979166666666668,6.145833333333333,6.295833333333333,3.6319072124711558,8.568234596299416,17.82,23.0,97.03333333333333,107.025,115.95833333333331,133.58333333333334,70.70833333333333,87.79166666666667,17.88801973388894,18.282567022834748,137.0,160.0,21.825833333333332,23.2975,25.266666666666666,25.48333333333333,18.854166666666668,19.758333333333333,2.7477617153684264,2.2377164699755867,25.3,25.32,72.00833333333334,68.36666666666667,81.95833333333333,78.66666666666667,55.708333333333336,56.958333333333336,12.485943485464857,8.882938546574678,88.4,82.0,1565.9191666666666,1599.44,2010.3083333333332,1880.4958333333332,1053.7166666666667,1111.1791666666666,404.6127755078509,335.9352116407848,1790.6,1874.4599999999998,22.090170225325913,23.63358820097589,26.63711569943402,26.569046783539545,18.82266203703704,19.276967592592595,3.4108154917188513,2.8364272942722297,26.25212421766222,26.144556028616922,18.190949131020183,19.12403981813794,22.569796293842355,21.85917375360121,13.77598976147034,14.330227107826678,3.6437108404586613,3.126972690680602,20.5609319639769,21.239960980256726,,,,,,,,,,,5.0,5.0,2.0,0.0,265.0,87.0,165.0,165.0,-100.0,78.0,29.44166666666667,12.083333333333336,9.53833333333333,9.575,4.4175,9.991666666666674,1.4716666666666676,-3.6416666666666657,33.520833333333485,1.5434179756499766,0.9330906871177582,,-178.0,178.0,5,2,avg,home_minus_away
MLS-MAT-0006F5,RBNY II,NYCFC II,MSU Soccer Park,514,458,83.07392996108949,82.31441048034935,12,11,2,1,0,0,20,11,9,6,,,3.1945,2.1271,4,2,427,377,0,0,11,12,6,9,654,603,ASA,0.7595194807401384,9,3,,1.0674000000000001,56,1,1,0,2025-07-20,MLS-STA-000014,77.875,79.44166666666666,102.25,102.25,49.0,54.66666666666666,22.86790266338875,20.6660282159447,129.4,137.2,56.71666666666666,57.583333333333336,69.875,69.875,39.66666666666666,40.91666666666666,12.49282432927888,11.578498691300377,97.6,100.4,14.869166666666667,14.489166666666666,24.09583333333333,24.09583333333333,6.370833333333334,5.7375,6.768112017230342,7.181823603916889,23.7,21.96,15.1975,14.789999999999997,24.304166666666664,24.304166666666664,6.425,5.7875000000000005,6.698382630240758,7.115547213867516,23.919999999999998,22.619999999999997,22.176666666666666,21.796666666666667,31.929166666666664,31.929166666666664,10.145833333333334,9.9125,9.188005749496337,9.248756203914365,49.32,45.480000000000004,99.06666666666668,103.06666666666668,113.875,113.875,78.95833333333333,92.125,15.16591115334358,9.774435192548639,170.8,176.2,26.133333333333333,26.18333333333333,27.695833333333336,27.8,24.0375,23.933333333333334,1.4003130850317411,1.5442630164220361,29.74,30.080000000000002,76.925,76.175,85.5,84.45833333333333,59.375,59.04166666666666,10.137483730634978,9.852620562289228,91.8,93.6,1984.6199999999997,1966.5549999999998,2193.233333333333,2184.583333333333,1520.5708333333332,1489.8708333333334,278.1614016658963,294.7489722822766,2202.2799999999997,2192.2400000000002,27.79763200040187,27.900868128602873,30.42508926697857,30.647917671435597,24.790234791169254,24.617294868283334,2.349029297825979,2.645572074576538,32.75834008199071,33.043352422166755,22.864843033957158,22.79444373845951,24.589602987864357,24.754641291371478,20.101269434171723,19.73580212746189,1.9678703029055864,2.2343097836425403,24.3033401624952,24.201870778444164,,,,,,,,,,,5.0,5.0,2.0,0.0,27.0,4.0,5.0,5.0,-22.0,1.0,1.5666666666666629,0.8666666666666742,-0.3800000000000008,-0.4075000000000024,-0.379999999999999,4.0,0.04999999999999716,-0.75,-18.064999999999827,0.10323612820100436,-0.07039929549764778,,-23.0,23.0,5,2,avg,home_minus_away
MLS-MAT-0006F7,Real Monarchs,Austin FC II,Zions Bank Stadium,473,372,88.37209302325581,86.02150537634408,19,9,2,0,0,0,9,6,4,2,,,0.6505,0.4523,0,1,418,320,0,0,9,19,2,4,600,513,ASA,2.350587646911734,3,2,,0.1982,101,10,2,0,2025-07-20,MLS-STA-00001I,59.70833333333333,64.55833333333334,70.75,70.25,44.5,52.333333333333336,10.86581668454895,7.100078246830182,73.8,105.8,41.49166666666666,50.81666666666666,52.125,54.458333333333336,30.25,48.125,9.505818758938005,2.524807473408179,52.6,73.0,12.401666666666667,10.175833333333333,14.079166666666666,14.083333333333334,9.570833333333333,7.3875,1.8658238424650682,2.7250611613931404,17.2,14.76,24.279999999999998,16.0025,31.72083333333333,23.17083333333333,14.141666666666666,9.2125,7.032325781900166,5.779619965399492,36.46,25.56,5.1875,10.055000000000001,6.775,13.8125,3.345833333333333,7.441666666666666,1.3521234585725606,2.440488552523859,14.52,25.02,81.1,100.775,110.125,107.70833333333331,58.875,92.125,26.269661948508,6.531082201459588,112.0,145.6,27.08833333333333,27.743333333333332,28.258333333333336,29.379166666666663,26.1,26.77916666666667,0.8810032160365071,1.0416733333119998,32.2,33.760000000000005,58.5,36.48333333333333,81.83333333333333,40.04166666666666,33.875,29.83333333333333,22.335548708529885,3.944669398906158,80.6,74.6,1546.4625,910.4799999999999,2195.195833333333,988.6875,832.8125,769.2333333333332,650.2020610078753,92.02125166873444,1846.1,1472.8200000000002,28.052857176499323,26.583513209286025,30.46161476879503,27.838986073945293,25.02328771286066,25.82075974496909,2.6171119460454415,0.7940659035849408,33.73198201508584,31.448556932053897,20.62584915853704,16.895528147495646,24.532300115801636,17.273063905761664,15.467529993315951,16.48187234769726,4.475882738651201,0.36077648091561826,22.235894636868974,18.05307590226913,,,,,,,,,,,5.0,5.0,2.0,0.0,164.0,1302.0,1509.0,1509.0,1345.0,207.0,4.8500000000000085,9.325000000000003,-2.225833333333334,-8.277499999999996,4.8675000000000015,19.67500000000001,0.6550000000000011,-22.016666666666673,-635.9825000000002,-1.4693439672132982,-3.7303210110413936,,1138.0,-1138.0,5,2,avg,home_minus_away
MLS-MAT-0006F2,Ventura County,LAFC 2,William Rolland Stadium,402,560,82.83582089552239,88.03571428571429,15,11,2,1,0,0,13,19,6,6,,,1.506,2.2786,3,3,333,493,0,0,11,15,7,6,540,706,ASA,-5.199893390191903,-6,0,,-0.7726,-158,4,1,0,2025-07-20,MLS-STA-00004W,58.74166666666666,53.983333333333334,68.66666666666667,60.375,45.708333333333336,45.583333333333336,10.080035617772172,5.488276647141211,61.0,57.2,37.30833333333333,35.53333333333333,43.875,39.125,28.08333333333333,29.416666666666668,7.8191138670994365,3.811805492297726,44.6,47.2,13.790833333333333,11.192499999999999,18.979166666666668,13.3875,8.583333333333334,7.158333333333334,4.7121540544992095,2.631805661834981,17.36,14.540000000000001,15.463333333333333,14.205833333333334,21.104166666666668,16.104166666666668,9.516666666666667,11.895833333333334,5.293960624827333,1.610848098742468,19.16,19.44,16.777499999999996,8.067499999999999,26.079166666666666,9.195833333333333,3.075,5.633333333333333,12.4886645130472,1.4272685402933505,27.139999999999997,16.34,56.725,68.825,70.70833333333333,70.33333333333333,45.875,65.25,12.665042384892013,2.072346026983804,89.0,106.8,22.070833333333333,19.848333333333333,23.1625,20.64583333333333,21.53333333333333,19.2375,0.6496192795271208,0.6080878500129162,28.52,23.86,65.41666666666666,79.29166666666666,74.20833333333333,84.41666666666667,56.958333333333336,77.33333333333333,6.929518682178914,2.9393463464594376,89.0,97.6,1365.5925,1534.7108333333333,1549.9083333333335,1594.8541666666667,1213.4958333333334,1477.2166666666665,152.47090058206382,48.36982347411112,1529.54,1657.64,21.964718608079504,19.95911574074074,22.74678312254335,20.78523148148148,21.44573769169093,19.269791666666663,0.5401371016367696,0.6225261614972845,28.01144301146136,23.873444444444445,17.23233259834268,17.176783600846314,18.095130125481784,17.688084816943917,16.275778535102408,16.52178637825675,0.8191599071932941,0.4457026536139882,19.219881933075534,18.587666770266246,,,,,,,,,,,5.0,5.0,2.0,0.0,87.0,25.0,272.0,272.0,185.0,247.0,-4.758333333333326,-1.7749999999999986,-2.5983333333333345,-1.2574999999999985,-8.709999999999997,12.100000000000001,-2.2225,13.875,169.11833333333334,-2.005602867338766,-0.055548997496366326,,-62.0,62.0,5,2,avg,home_minus_away
MLS-MAT-0006F6,Colorado Rapids 2,Tacoma Defiance,University of Denver Soccer Stadium,411,376,81.26520681265207,80.05319148936171,16,8,3,5,0,0,22,16,8,8,,,,,6,4,334,301,0,0,7,16,9,8,559,521,,1.212015323290359,6,0,,,35,8,-2,0,2025-07-20,MLS-STA-00001G,59.84166666666666,68.15833333333333,81.41666666666667,81.41666666666667,39.083333333333336,50.54166666666666,19.728196473857185,12.721864381187746,93.2,108.8,47.18333333333333,50.90833333333333,57.29166666666666,57.29166666666666,36.125,42.79166666666666,9.474270713651553,5.965715124311959,69.2,74.8,10.301666666666666,11.391666666666667,13.341666666666669,13.341666666666669,7.212499999999999,6.2125,2.9241638762217144,2.9655618846462586,14.540000000000001,16.82,11.148333333333333,13.453333333333333,15.066666666666668,15.066666666666668,7.8125,8.758333333333333,3.4993707271609726,2.6471853500988147,15.420000000000002,19.82,11.499166666666666,8.9575,14.958333333333334,14.0875,5.645833333333333,5.6375,3.7739690001229333,3.293875050335429,31.1,23.36,86.90833333333333,103.48333333333335,112.54166666666669,112.54166666666669,65.20833333333333,91.41666666666669,18.949732481254493,8.533614090433456,138.8,148.2,23.739166666666666,22.738333333333333,25.42083333333333,24.370833333333334,22.666666666666668,20.20833333333333,1.110096498558169,1.7804991107364636,31.24,30.360000000000003,51.375,53.06666666666666,58.91666666666666,67.0,42.66666666666666,42.333333333333336,6.331962570956971,11.097210923370692,81.0,79.8,1116.3191666666667,1090.4816666666668,1234.6083333333331,1318.0791666666669,909.8958333333334,893.9250000000001,126.18454775452447,184.07387048920063,1394.3799999999999,1388.06,23.18668192701049,22.13865794924223,24.8052817950052,23.36905980741048,22.3930266663126,20.034166666666668,0.9578365560006107,1.430912191000026,29.80160773297783,28.787905054435534,16.462805885154705,15.695514588967097,17.41870557499721,16.322554112602813,15.183823305650256,14.943900731435884,0.8307130495960651,0.5700991287046674,18.728287396551014,17.550778051541393,,,,,,,,,,,5.0,5.0,2.0,0.0,42.0,1597.0,1609.0,1609.0,1567.0,12.0,8.31666666666667,3.7250000000000014,1.0900000000000016,2.3049999999999997,-2.541666666666666,16.575000000000017,-1.0008333333333326,1.6916666666666629,-25.837499999999864,-1.0480239777682598,-0.7672912961876079,,1555.0,-1555.0,5,2,avg,home_minus_away
MLS-MAT-0006A5,Town FC,MNUFC2,St. Mary’s College,445,391,80.67415730337079,78.00511508951406,18,17,5,2,0,0,13,8,4,5,,,,,3,2,359,305,0,0,17,18,6,4,560,514,,2.669042213856727,5,-1,,,54,1,3,0,2025-07-22,MLS-STA-000024,46.61666666666666,39.55,51.208333333333336,43.583333333333336,43.458333333333336,33.666666666666664,2.9416194519345993,4.702466846714011,54.2,44.4,31.766666666666662,24.883333333333333,39.5,27.541666666666668,21.58333333333333,20.416666666666668,7.122599498154527,2.7828530024658735,42.8,31.2,9.163333333333334,7.093333333333334,12.895833333333334,8.729166666666666,5.983333333333333,5.525,2.955464277778065,1.2759684502804565,13.2,9.68,9.899166666666668,8.485,13.070833333333333,11.354166666666666,6.65,6.920833333333333,2.9372626972706715,1.8012717343896536,14.48,11.82,8.896666666666667,5.3575,11.583333333333334,6.1125,6.083333333333333,4.033333333333333,1.9894674922646465,0.8858425446369621,23.619999999999997,9.32,57.025,50.38333333333334,76.91666666666667,64.125,36.75,33.625,15.613929411479571,12.766512999510345,90.4,68.0,18.313333333333333,16.065833333333334,22.191666666666663,16.695833333333333,16.0875,15.558333333333332,2.592117792998183,0.41730575987185026,22.64,21.86,74.875,76.5,79.20833333333333,80.16666666666667,64.41666666666667,73.375,6.250902712586574,3.0820661810617325,91.8,93.8,1337.4824999999998,1177.3083333333332,1718.4875,1265.0666666666666,1084.4125,1116.775,245.19377412526543,62.46438019705941,1511.66,1233.48,18.155291666666663,15.725472222222223,22.52481481481481,16.336875,15.820023148148149,15.15199074074074,2.8695305584556703,0.43424449299452705,22.437444444444445,21.511555555555553,15.186695359103263,13.19972020912869,19.37869883271592,13.756677338552132,13.14023315082146,12.618976186199816,2.661635861711653,0.45236271079374507,17.22979506162722,15.859846662463525,,,,,,,,,,,5.0,5.0,2.0,0.0,257.0,17.0,149.0,149.0,-108.0,132.0,-7.066666666666663,-6.883333333333329,-2.0700000000000003,-1.4141666666666683,-3.5391666666666666,-6.641666666666659,-2.2474999999999987,1.625,-160.17416666666668,-2.4298194444444405,-1.9869751499745725,,-240.0,240.0,5,2,avg,home_minus_away
MLS-MAT-0006F8,Huntsville,Orlando City B,Wicks Family Field,513,350,89.66861598440546,85.42857142857143,14,9,0,1,0,0,14,8,4,2,,,2.2031,0.6232,3,0,460,299,0,0,9,14,2,4,653,495,ASA,4.240044555834032,6,2,,1.5799,163,5,-1,0,2025-07-25,MLS-STA-000013,56.675,53.99166666666666,64.45833333333333,59.0,47.5,50.66666666666666,6.208011736636956,3.9509140995752126,72.2,63.6,41.75833333333333,41.083333333333336,49.91666666666666,46.833333333333336,32.958333333333336,35.958333333333336,7.732529591853423,4.78414264349772,58.2,58.8,10.794166666666666,10.363333333333333,14.65,11.279166666666669,8.195833333333333,8.1875,2.3867847241518128,1.2755867386335509,16.3,14.779999999999998,12.700833333333332,10.984166666666667,21.22083333333333,12.345833333333331,9.770833333333334,8.758333333333333,4.793120612746286,1.4291557336802416,19.0,15.5,8.385,4.595833333333333,13.666666666666666,6.641666666666667,3.15,3.15,4.161947953049014,1.4112334537953355,23.119999999999997,10.059999999999999,81.05833333333334,82.68333333333334,98.375,98.375,67.04166666666667,76.0,12.317719564829266,9.774257573397122,122.4,120.4,28.6125,27.994166666666665,29.575,28.3875,27.725,27.02083333333333,0.7297497668531457,0.5532464163663644,32.48,32.279999999999994,77.71666666666667,78.16666666666667,86.33333333333333,84.54166666666667,71.16666666666667,71.16666666666667,5.825396386131633,4.770332943190533,93.2,95.0,2190.9875,2148.9383333333335,2383.0333333333333,2255.1666666666665,1982.5875,1982.5875,149.6993624098073,103.02578718288335,2420.2799999999997,2358.5800000000004,32.39971331522291,31.14748446628614,33.76618866705012,32.02370070965245,30.62985777976745,30.17937804592586,1.3288938079551826,0.734665448888409,38.217947088908076,37.34282754728675,25.319326061623624,24.783570451138843,25.998687965583887,25.214202465207745,24.026328030221705,24.026328030221705,0.7817477076342235,0.45678287281151,26.37946215334196,26.018336290729337,,,,,,,,,,,5.0,5.0,2.0,0.0,39.0,190.0,197.0,197.0,158.0,7.0,-2.683333333333337,-0.6749999999999972,-0.4308333333333323,-1.716666666666665,-3.7891666666666666,1.625,-0.6183333333333358,0.45000000000000284,-42.04916666666668,-1.2522288489367703,-0.5357556104847809,,151.0,-151.0,5,2,avg,home_minus_away
MLS-MAT-0006F9,Austin FC II,Houston Dynamo 2,Parmer Field,349,376,82.8080229226361,82.97872340425532,21,21,3,4,0,0,14,11,6,2,,,,,1,0,289,312,0,0,20,21,2,6,472,508,,-0.17070048161922102,3,4,,,-27,0,-1,0,2025-07-25,MLS-STA-000018,41.391666666666666,35.825,50.875,44.41666666666666,28.83333333333333,28.83333333333333,10.792736433464048,6.896582285612361,48.2,45.6,27.725,25.15833333333333,31.041666666666668,29.5,22.08333333333333,22.08333333333333,3.4719360993223654,3.2874973595257675,42.0,38.2,6.430833333333334,5.185833333333333,9.754166666666666,9.758333333333333,3.095833333333333,3.095833333333333,3.1457293029156563,2.7468409886024827,9.459999999999999,8.64,8.709999999999999,8.870000000000001,13.179166666666667,20.7875,3.6375,3.6375,4.610319794885287,7.086498312518908,12.62,15.4,6.270833333333333,3.5808333333333335,8.112499999999999,5.041666666666667,3.4375,2.9916666666666667,1.9943039547393187,0.8318351115321944,14.26,10.2,62.633333333333326,61.24166666666666,68.875,68.875,55.91666666666666,58.375,5.137298928209046,4.332672225210571,100.0,91.4,29.35,29.250833333333333,29.8,29.8,28.89583333333333,28.454166666666666,0.3887412914351475,0.5445149472491778,34.68,34.72,71.325,64.95833333333334,77.29166666666667,68.0,62.083333333333336,62.083333333333336,7.616536742144976,2.178851953055397,93.6,89.2,2035.05,1839.1641666666667,2219.0666666666666,1907.675,1777.6708333333331,1777.6708333333331,213.94711170264208,47.002942486939624,2368.7,2208.54,32.58890908540046,31.29325844809022,33.713529902576234,31.822134021631044,31.746117196055422,30.690454881767625,0.8226440870743742,0.48645818083270853,39.08865524502003,37.65615708570493,24.89585345202086,23.783759566389726,25.80984797477952,23.972407918680695,23.73486123873573,23.72665289878582,0.964861410091004,0.10592570843580723,26.090425767221404,25.32363314598045,,,,,,,,,,,5.0,5.0,2.0,0.0,20.0,164.0,157.0,157.0,137.0,-7.0,-5.566666666666663,-2.56666666666667,-1.245000000000001,0.16000000000000192,-2.6899999999999995,-1.3916666666666657,-0.09916666666666885,-6.36666666666666,-195.88583333333327,-1.2956506373102386,-1.1120938856311327,,144.0,-144.0,5,2,avg,home_minus_away
MLS-MAT-0006FA,NYCFC II,Philadelphia Union II,Icahn Stadium,357,360,76.47058823529412,77.22222222222223,17,21,6,3,0,0,7,26,1,8,,,1.1882,4.515,0,2,273,278,0,1,21,17,9,2,534,539,ASA,-0.7516339869281126,-19,-7,,-3.3267999999999995,-3,-4,3,0,2025-07-26,MLS-STA-000055,71.525,69.225,87.16666666666667,87.16666666666667,62.958333333333336,59.16666666666666,9.162148507734292,11.278228473479338,113.0,112.2,50.108333333333334,48.70833333333333,58.0,58.0,46.04166666666666,40.375,4.592471949953658,6.651153826383975,80.2,78.8,13.181666666666667,12.35,14.841666666666669,13.841666666666669,11.1,11.1,1.525371653255546,1.1946894935970236,23.68,20.98,13.785,13.129166666666666,15.070833333333333,14.729166666666666,11.866666666666667,11.45,1.3210521637862915,1.493719490622877,24.32,22.14,12.423333333333334,14.669999999999998,15.745833333333332,19.941666666666663,9.766666666666667,8.391666666666667,2.75256130721915,4.143212530083924,22.96,26.2,96.35,95.39166666666667,112.29166666666669,112.29166666666669,88.375,83.45833333333333,10.693634529216174,11.767517969676815,154.4,151.4,25.37083333333333,24.9,28.2375,28.2375,23.629166666666663,22.366666666666664,1.856868350057281,2.203778715071004,30.139999999999997,29.54,64.88333333333334,64.55,68.375,68.16666666666667,61.333333333333336,62.458333333333336,3.4514741214604414,2.2355632524166222,82.8,82.8,1611.725,1574.37,1875.1291666666664,1875.1291666666664,1431.8166666666666,1401.2125,162.01269336845172,183.46745066867064,1904.36,1843.1599999999999,26.114104698675398,25.56747985455697,30.724209321027057,30.724209321027057,23.73757388987861,22.316944444444445,2.7585552367157886,3.185535871795035,31.150271663211583,30.48736578445825,20.375615087906983,19.90631755245196,23.45572413879069,23.45572413879069,18.37776925189168,17.525174961155805,1.883749144142367,2.2430888132451594,22.425450805609138,21.71418242165697,,,,,,,,,,,5.0,5.0,2.0,0.0,10.0,27.0,51.0,51.0,41.0,24.0,-2.3000000000000114,-1.4000000000000057,-0.831666666666667,-0.6558333333333337,2.2466666666666644,-0.9583333333333286,-0.47083333333333144,-0.3333333333333428,-37.35500000000002,-0.5466248441184263,-0.4692975354550235,,17.0,-17.0,5,2,avg,home_minus_away
MLS-MAT-0006FB,Chattanooga,Crown Legacy FC,Finley Stadium,371,427,76.01078167115902,82.66978922716628,10,17,3,4,0,0,18,13,3,8,,,1.82,1.5397,1,3,282,353,0,0,17,10,8,3,497,550,ASA,-6.6590075560072535,5,-5,,0.2803,-56,-7,-1,0,2025-07-26,MLS-STA-00002S,64.06666666666666,54.08333333333333,75.45833333333333,58.79166666666666,51.75,50.458333333333336,10.115848058588286,3.2610655637553623,89.0,62.6,47.15,40.88333333333333,54.458333333333336,45.708333333333336,36.958333333333336,36.125,6.73871226982986,4.3313697474227375,64.8,55.4,11.570833333333335,10.4,15.491666666666667,11.733333333333334,9.520833333333334,9.520833333333334,2.593252127584632,1.0344206309169723,15.559999999999999,15.580000000000002,12.174166666666668,10.929166666666665,16.3,12.258333333333333,9.845833333333331,9.845833333333331,2.6279470890369505,1.0160090085996074,16.1,16.16,5.5475,5.549166666666666,7.933333333333334,6.754166666666666,4.616666666666666,4.720833333333333,1.397121917649916,0.8314478670100466,12.86,12.24,97.50833333333334,81.55,105.66666666666669,99.625,80.95833333333333,65.83333333333333,9.57270243684847,12.208774167239996,132.4,116.6,28.0825,27.877499999999998,29.77083333333333,28.320833333333336,26.929166666666664,27.429166666666664,1.0933288871860816,0.35582455102355054,32.8,32.239999999999995,67.31666666666666,76.30833333333334,77.16666666666667,83.79166666666667,56.75,68.375,7.893639756861919,6.634204821311382,89.0,95.6,1843.8608333333334,2085.3725,2057.4958333333334,2260.9166666666665,1489.3208333333332,1899.625,218.78844758550443,155.57376517735344,2168.88,2345.08,29.76458096512688,30.634399027515137,31.940248525396505,31.02606403900974,27.4517429883965,30.33249308369558,1.7180380811370728,0.29100353400806844,35.275837292584,36.77846578591607,23.143985561096624,24.38079858993143,23.880293459151687,25.080729642300195,20.68875123904565,23.61540022766133,1.3768390223678695,0.6526128068029223,24.382874075758895,25.818433223618808,,,,,,,,,,,5.0,5.0,2.0,0.0,239.0,206.0,209.0,209.0,-30.0,3.0,-9.983333333333334,-6.266666666666666,-1.1708333333333343,-1.2450000000000028,0.001666666666666039,-15.958333333333343,-0.20500000000000185,8.991666666666674,241.51166666666654,0.8698180623882585,1.2368130288348063,,-33.0,33.0,5,2,avg,home_minus_away
MLS-MAT-00095G,North Texas SC,C.D. Tapatío,Toyota Stadium,292,395,81.16438356164383,84.30379746835443,12,17,7,5,0,0,12,14,6,6,,,,,3,1,237,333,0,0,17,12,6,7,421,520,,-3.139413906710601,-2,0,,,-103,-5,2,0,2025-07-26,MLS-STA-000005,55.583333333333336,50.075,62.208333333333336,62.208333333333336,48.958333333333336,42.375,9.369164850721754,8.314687473247433,112.5,83.2,48.6875,42.49166666666667,52.75,52.75,44.625,37.333333333333336,5.745242597140699,6.413919866630356,75.0,66.2,4.63125,6.3225,5.133333333333334,10.204166666666667,4.129166666666666,4.129166666666666,0.7100530594414917,2.5485027603368313,8.0,10.780000000000001,4.81875,8.541666666666668,5.266666666666667,17.775000000000002,4.370833333333334,4.370833333333334,0.6334498248129483,5.691572870139776,8.2,14.38,10.01875,8.601666666666667,10.304166666666667,10.304166666666667,9.733333333333333,6.416666666666667,0.40364012092732243,1.5417415522352926,25.55,20.84,97.9375,86.31666666666666,105.16666666666669,105.16666666666669,90.70833333333331,76.5,10.223585544655526,11.916032908555511,149.5,133.4,31.46875,30.99583333333333,31.58333333333333,31.58333333333333,31.354166666666668,30.55,0.1620453040219117,0.4610148828641262,36.650000000000006,36.24,50.70833333333333,53.55833333333332,51.41666666666666,59.458333333333336,50.0,50.0,1.0017346066809356,3.6083910695919763,75.0,75.2,1537.7979166666669,1608.3241666666668,1554.1875,1767.3833333333332,1521.4083333333335,1521.4083333333335,23.17837103164398,95.05065295270774,1942.5,1944.7599999999998,32.959394400844104,32.749965312860525,32.983679342363,33.03702911200421,32.93510945932521,32.03093825991005,0.0343440936574557,0.4148728339127103,37.98429035138669,38.03674748586805,23.258600271113927,23.424724333398792,23.322810743092894,24.128251964443923,23.19438979913496,23.08682151132077,0.0908073203190329,0.41039122354078206,24.16924096129855,24.648299117247067,,,,,,,,,,,2.0,5.0,2.0,0.0,,219.0,211.0,211.0,,-8.0,-5.508333333333333,-6.195833333333333,1.6912500000000001,3.722916666666668,-1.4170833333333341,-11.620833333333337,-0.47291666666667,2.8499999999999943,70.52624999999989,-0.20942908798357962,0.1661240622848652,,,,5,2,avg,home_minus_away
MLS-MAT-0006FI,Town FC,Real Monarchs,PayPal Park,491,443,86.9653767820774,83.52144469525959,14,18,2,4,0,0,18,7,8,3,,,,,4,0,427,370,0,0,17,13,3,8,640,576,,3.44393208681781,11,5,,,48,-4,-2,0,2025-07-26,MLS-STA-00000Q,48.99166666666667,33.958333333333336,65.91666666666667,41.75,29.0,27.416666666666668,17.87782611691552,5.971430826117902,74.4,38.4,40.75,21.7,53.458333333333336,23.5,24.25,19.791666666666668,14.622150719598904,1.5527193886855413,56.4,28.4,6.036666666666667,5.852500000000001,7.654166666666666,6.729166666666667,4.183333333333334,5.295833333333333,1.3414253147305664,0.5528069157591202,8.8,9.120000000000001,12.336666666666666,6.835833333333333,18.20833333333333,8.120833333333334,4.420833333333333,5.645833333333333,6.124438324586725,0.8799936868460415,21.32,10.879999999999999,6.689166666666667,4.804166666666667,11.770833333333334,5.75,4.458333333333333,4.033333333333333,2.980746376049686,0.6151162943342955,18.080000000000002,7.959999999999999,87.6,45.324999999999996,113.25,55.79166666666666,60.375,33.625,24.977465538405255,9.505727440162937,120.2,59.6,23.115833333333335,16.288333333333334,27.925,16.545833333333334,16.95,15.870833333333332,5.505956685970003,0.28468427931462853,29.0,21.740000000000002,47.083333333333336,76.78333333333333,72.0,80.16666666666667,26.666666666666668,74.45833333333333,22.879135934538947,2.2209544995089194,73.2,92.0,929.0066666666668,1209.6783333333333,1178.8958333333333,1265.0666666666666,706.8000000000001,1171.3875,229.43951226454976,34.98551428905175,1288.1,1279.48,22.248150478296544,15.97762037037037,26.566139070898256,16.230625,16.580555555555556,15.542523148148147,5.032968081007899,0.27918941100303457,27.559994227028902,21.39522222222222,14.813091091269593,13.474965088554992,15.753530982285106,13.756677338552132,13.47481383150121,13.18813867575808,1.1089956915712174,0.23687020914651713,16.874388071429316,15.832907029625996,,,,,,,,,,,5.0,5.0,2.0,0.0,1302.0,17.0,33.0,33.0,-1269.0,16.0,-15.033333333333331,-19.05,-0.18416666666666615,-5.500833333333333,-1.8849999999999998,-42.275,-6.827500000000001,29.699999999999996,280.6716666666665,-6.270530107926174,-1.338126002714601,,-1285.0,1285.0,5,2,avg,home_minus_away
MLS-MAT-0006FE,Chicago Fire FC II,RBNY II,SeatGeek Stadium,559,405,92.3076923076923,87.1604938271605,13,11,1,4,0,1,18,5,13,3,,,4.4206,1.5839,9,2,516,353,0,0,10,13,3,13,649,480,ASA,5.147198480531813,13,10,,2.8367000000000004,154,2,-3,-1,2025-07-27,MLS-STA-00001B,60.34166666666666,71.975,70.875,85.54166666666667,46.833333333333336,61.25,9.806876484839039,10.493491699885004,82.4,101.8,44.68333333333333,50.43333333333333,50.91666666666666,55.625,38.75,47.16666666666666,5.570694650480212,3.7398705785687945,69.4,76.0,12.016666666666667,14.475,13.841666666666669,21.666666666666668,10.1375,9.970833333333331,1.4563230191516972,4.73089817787748,19.72,20.1,12.883333333333335,15.132499999999999,14.729166666666666,21.8625,10.425,11.020833333333334,1.8151680554274976,4.359465874202175,20.94,20.740000000000002,16.159166666666668,14.188333333333333,19.941666666666663,20.041666666666668,14.25,11.9875,2.226629007291314,3.3663951520052486,26.919999999999998,25.16,87.56666666666666,103.28333333333335,102.58333333333331,114.125,80.58333333333333,96.16666666666669,9.108461039055934,7.559222200582398,138.6,149.6,24.2525,24.575,25.40416666666667,26.291666666666668,22.570833333333336,23.245833333333334,1.1228436123422427,1.2083728441816113,28.080000000000002,27.639999999999997,74.61666666666666,82.93333333333332,89.66666666666667,90.70833333333331,63.333333333333336,74.91666666666667,13.724578773135443,7.1306386070564844,90.6,93.0,1789.0400000000002,2027.4225,2227.9500000000003,2165.4625,1408.2958333333331,1717.3958333333333,392.4712969268687,198.62332656539286,1982.8200000000002,2191.7,24.979314370302358,25.649467575748,26.19879705637131,28.10908971575658,22.53717592592593,23.61721468874667,1.6755752811833011,1.7967330086618778,29.670222319786717,29.96502495488179,20.76131171742395,22.281453049617955,23.554038447941423,23.925635409982643,17.679134107873946,19.886836982466967,2.603662925773621,1.4940178482648578,22.42516945788903,24.0845743772822,,,,,,,,,,,5.0,5.0,2.0,0.0,4.0,265.0,189.0,189.0,185.0,-76.0,11.633333333333333,5.75,2.458333333333332,2.249166666666664,-1.970833333333335,15.716666666666683,0.322499999999998,8.316666666666663,238.3824999999997,0.6701532054456436,1.5201413321940045,,261.0,-261.0,5,2,avg,home_minus_away
MLS-MAT-0006FF,Columbus Crew 2,TFC II,Historic Crew Stadium,479,464,87.47390396659708,89.00862068965517,17,9,2,1,0,0,15,13,2,5,,,1.4467,1.2608,1,1,419,413,1,0,9,15,6,3,614,608,ASA,-1.5347167230580965,2,-3,,0.18590000000000018,15,8,1,0,2025-07-27,MLS-STA-000012,62.03333333333334,68.14166666666667,85.33333333333333,79.33333333333333,42.25,59.375,16.845792625064178,7.9532378975833184,105.6,120.0,46.65,50.625,63.333333333333336,59.41666666666666,30.916666666666668,41.04166666666666,11.919201362134595,7.450997323252177,75.4,80.8,7.611666666666667,8.4825,10.204166666666667,10.083333333333334,3.945833333333333,7.158333333333334,3.2284480383167256,1.341007861025927,10.92,11.22,7.875833333333333,8.743333333333334,10.4125,10.375,3.9583333333333335,7.195833333333333,3.4316710680722937,1.5716305448305725,11.3,11.5,8.938333333333333,9.925833333333333,13.25,13.416666666666666,5.445833333333333,7.358333333333333,2.9099377737714978,2.5713370657219476,18.66,25.54,101.25,102.4,129.70833333333334,112.375,76.0,88.75,19.12522694128244,8.884755983643494,147.6,156.4,24.43916666666667,25.203333333333333,27.3625,27.3625,20.258333333333333,22.104166666666668,3.1407804342410035,2.307570571931537,27.6,30.360000000000003,74.94166666666666,75.1,83.33333333333333,83.33333333333333,66.08333333333333,65.375,7.44281439450905,8.141788211307007,84.6,91.4,1833.0400000000002,1861.2141666666666,2223.7875,2223.7875,1335.8666666666666,1391.5666666666666,389.31428638260513,388.5410452586629,1991.1799999999998,2080.84,25.88768730811272,26.98848241421684,30.35044535701002,30.35044535701002,20.065231481481483,22.1100701268914,4.624397703240465,3.8027209526429258,30.747891126880006,33.96783164317337,21.088600768059372,21.704101206100766,24.81917632008988,24.81917632008988,16.010988955138796,17.39872316310134,3.850439129336972,3.3757866685442344,22.885484142834763,24.167180931462404,,,,,,,,,,,5.0,5.0,2.0,0.0,87.0,231.0,227.0,227.0,140.0,-4.0,6.108333333333327,3.9750000000000014,0.8708333333333327,0.8675000000000015,0.9875000000000007,1.1500000000000057,0.7641666666666644,0.15833333333333144,28.17416666666645,1.100795106104119,0.6155004380413942,,144.0,-144.0,5,2,avg,home_minus_away
MLS-MAT-0006FG,Inter Miami CF II,FC Cincinnati 2,Chase Stadium,572,366,86.36363636363636,83.33333333333333,12,15,3,2,0,0,9,12,5,9,,,1.0659,1.2917,0,3,494,305,0,0,13,11,9,6,688,500,ASA,3.030303030303031,-3,-4,,-0.2258,206,-3,1,0,2025-07-27,MLS-STA-000008,72.64166666666668,48.833333333333336,87.91666666666667,61.875,61.25,36.583333333333336,13.270051651494553,11.848984661142907,107.4,53.2,48.81666666666667,32.666666666666664,62.5,40.875,38.583333333333336,24.95833333333333,10.171899268190883,7.018885733821609,73.4,37.4,14.128333333333334,11.294166666666666,16.349999999999998,16.349999999999998,12.883333333333333,7.083333333333333,1.354337809698074,4.163740222310812,22.54,14.419999999999998,22.462500000000002,23.861666666666668,42.0125,42.0125,13.158333333333331,9.25,13.058212015496865,14.058206875542687,37.64,36.66,9.4025,6.9575000000000005,15.758333333333333,10.1625,4.2,4.2,4.578627887624559,2.419835207313828,29.52,13.62,83.95833333333333,51.4,116.45833333333331,56.41666666666666,45.875,45.875,31.934408145621102,4.526599625178557,129.4,66.0,27.0525,28.391666666666662,28.78333333333333,28.78333333333333,24.320833333333336,27.97083333333333,1.9481931621947073,0.34370580523982236,31.52,31.22,71.69166666666666,77.10833333333332,77.45833333333333,79.20833333333333,63.958333333333336,73.70833333333333,5.388436049129242,2.183746780192244,87.6,89.2,1910.6824999999997,2175.8941666666665,2218.0,2218.0,1513.1791666666668,2088.7916666666665,292.6418875264942,51.570039566620416,2143.54,2337.1400000000003,29.559992783584455,32.221854597787214,33.34998885891928,33.34998885891928,24.58785235157511,31.529136730274484,3.7031296446857906,0.7589472899092199,35.20482273694004,36.705545743670726,22.964903224687774,25.107076478339586,25.539995037096237,25.539995037096237,19.27334180318248,24.7588098143717,2.6516423843992354,0.2882406781265089,24.93423340082661,25.990027388720602,,,,,,,,,,,5.0,5.0,2.0,0.0,160.0,6.0,4.0,4.0,-156.0,-2.0,-23.808333333333344,-16.150000000000006,-2.8341666666666683,1.399166666666666,-2.4449999999999994,-32.55833333333333,1.3391666666666637,5.416666666666657,265.2116666666668,2.6618618142027586,2.142173253651812,,-154.0,154.0,5,2,avg,home_minus_away
MLS-MAT-0006FH,St Louis CITY2,MNUFC2,Energizer Park,367,333,78.47411444141689,78.07807807807808,16,22,3,3,0,0,12,5,7,2,,,1.4883,0.2821,4,0,288,260,0,0,22,16,2,7,469,449,ASA,0.39603636333880843,7,5,,1.2062,34,-6,0,0,2025-07-27,MLS-STA-00000U,59.375,71.48333333333333,85.16666666666667,85.16666666666667,40.625,60.29166666666666,16.567700965365653,10.074746688296111,86.2,120.2,42.11666666666667,49.375,60.5,60.5,30.0,42.125,12.328771678926945,7.567290723164326,69.6,85.8,10.850833333333332,10.004166666666666,19.679166666666667,13.1375,6.125,6.125,5.6121391556854485,2.8950583495367104,20.8,13.48,11.721666666666668,11.408333333333335,20.8125,15.491666666666667,6.2375,6.2375,5.936587941645342,3.729333096844826,22.2,15.64,9.240833333333333,8.214166666666666,13.8375,9.345833333333331,6.208333333333333,7.016666666666667,3.0988004511602734,0.9474316524747891,23.68,15.62,87.6,102.65833333333335,120.41666666666669,120.41666666666669,68.375,87.5,21.000425756266097,12.930248235994727,134.4,161.8,26.9925,29.249166666666667,29.45,29.96666666666667,24.15833333333333,28.141666666666666,2.1986430474272085,0.7273692131388447,31.060000000000002,33.64,76.36666666666667,74.63333333333334,83.125,82.04166666666667,71.91666666666667,66.375,4.3857407837470515,5.653508006342415,91.8,91.2,2035.7524999999998,2145.6525,2185.795833333333,2277.116666666667,1702.2125,1942.2625,195.84606256502124,125.3248611456663,2215.66,2359.96,29.59885796894209,33.48762375256841,33.827929045412084,34.40050147199076,24.60704596133168,32.49600928319857,3.9521370854443494,0.7030297793694089,35.723609400426305,40.01917891842982,23.619123097723,25.44169304696238,25.4722389466532,25.97472120219535,20.267592830474737,24.758466437640674,2.1313280800772914,0.4363351449312027,25.148149782697477,26.999688112481557,,,,,,,,,,,5.0,5.0,2.0,0.0,257.0,152.0,142.0,142.0,-115.0,-10.0,12.108333333333334,7.258333333333333,-0.8466666666666658,-0.3133333333333326,-1.0266666666666673,15.058333333333351,2.2566666666666677,-1.7333333333333343,109.90000000000032,3.8887657836263188,1.82256994923938,,-105.0,105.0,5,2,avg,home_minus_away
MLS-MAT-0006FC,LAFC 2,Sporting KC II,Titan Stadium,472,311,88.34745762711864,83.92282958199357,18,12,7,3,1,0,14,17,7,9,,,,,1,3,417,261,0,0,12,17,9,8,617,479,,4.4246280451250755,-3,-2,,,161,6,4,1,2025-07-27,MLS-STA-00001F,54.016666666666666,59.075,64.20833333333333,65.16666666666667,46.41666666666666,52.958333333333336,7.431434267877081,5.319268563962113,66.8,61.6,42.391666666666666,39.108333333333334,46.583333333333336,41.25,37.833333333333336,36.958333333333336,4.195587132796659,1.6426921500999505,61.8,46.2,9.646666666666667,13.645833333333334,14.266666666666667,17.391666666666666,4.833333333333333,10.816666666666668,4.096112443864034,2.5738282797981853,14.040000000000001,18.96,10.459166666666667,14.234166666666667,14.445833333333333,18.433333333333334,5.104166666666667,11.416666666666666,4.003201193003751,2.7759858108827253,15.080000000000002,19.660000000000004,15.7775,21.596666666666664,31.3625,24.754166666666663,5.495833333333334,18.445833333333333,12.296623859146598,2.3564690069159724,27.96,34.779999999999994,76.56666666666668,50.641666666666666,90.91666666666669,60.458333333333336,53.083333333333336,38.04166666666666,16.76032538301224,8.26207029476,123.2,87.4,25.769166666666667,21.238333333333333,29.84166666666667,22.325,20.620833333333334,20.25,4.696944744251902,0.9059860726793146,31.02,28.1,66.61666666666666,62.158333333333324,71.54166666666667,71.29166666666667,59.04166666666666,54.083333333333336,4.705603928650751,6.461719542385328,86.8,86.4,1671.7591666666667,1238.5241666666666,1988.3791666666664,1418.9791666666667,1297.275,1113.8041666666666,332.2981723945169,118.49461080543104,1882.3400000000001,1435.16,27.451192495318388,20.977648721745172,33.226879173675314,21.841500545745472,20.457909991092595,20.01769144651991,6.362068024348441,0.8207149100733476,34.10590729309822,27.525010856553358,20.970368981848218,16.014533626130905,24.826055135103218,16.863850622827275,16.063079619958817,15.294280247262632,4.310915468420157,0.7100997366450981,23.097365005605674,18.163076344405095,,,,,,,,,,,5.0,5.0,2.0,0.0,276.0,87.0,52.0,52.0,-224.0,-35.0,5.058333333333337,-3.2833333333333314,3.9991666666666674,3.7750000000000004,5.819166666666664,-25.92500000000001,-4.530833333333334,-4.458333333333336,-433.2350000000001,-6.4735437735732155,-4.955835355717312,,-189.0,189.0,5,2,avg,home_minus_away
MLS-MAT-0006FD,Tacoma Defiance,Timbers2,Starfire Sports Complex,431,477,84.68677494199535,85.11530398322851,16,14,2,1,0,0,13,15,2,8,,,1.4943,2.2462,1,2,365,406,0,0,14,16,8,3,582,626,ASA,-0.42852904123316193,-2,-6,,-0.7519,-46,2,1,0,2025-07-27,MLS-STA-00001D,36.266666666666666,33.59166666666666,48.04166666666666,42.083333333333336,27.33333333333333,25.166666666666668,8.446913473110882,7.91773019172091,43.6,39.4,28.816666666666663,24.775,35.375,30.45833333333333,24.375,20.541666666666668,4.368109653436421,4.84029670807712,46.0,34.2,6.2683333333333335,5.519166666666667,9.7,7.579166666666667,4.308333333333334,3.716666666666667,2.195763360681453,1.4062935178451665,10.16,7.359999999999999,6.8566666666666665,6.151666666666666,10.058333333333334,8.862499999999999,4.783333333333333,4.008333333333334,2.2150714811641334,1.7707024461432743,11.0,8.34,10.574166666666667,5.965000000000001,21.820833333333336,7.908333333333334,5.945833333333333,4.745833333333334,6.610191389690117,1.2436596142478502,24.14,14.88,51.21666666666666,53.95,65.0,64.625,36.16666666666666,45.16666666666666,13.10565373120404,8.39923938355267,90.8,85.8,20.541666666666664,19.506666666666668,23.425,22.15416666666667,17.587500000000002,17.541666666666668,2.6107433621054703,1.882232808985708,27.1,25.2,61.45,66.85,70.875,70.0,52.91666666666666,64.70833333333333,6.966711522981586,2.2718078948518277,89.2,92.0,1171.8341666666668,1235.3600000000001,1219.2041666666669,1360.7166666666667,1104.2,1096.1041666666667,52.27635204027626,104.5507008601435,1335.76,1484.7,20.149164280080484,19.24321611921739,23.05768417403177,22.06702967016102,17.252430555555556,17.179166666666667,2.598330594937933,2.0235675893811957,26.351445255106235,24.78053673194311,15.271944196269754,15.15546045684746,17.072606100947763,17.302461023776356,13.679596379585176,13.412008991723075,1.4073157131872642,1.5835605584889827,17.71772895480913,17.073173138571114,,,,,,,,,,,5.0,5.0,2.0,0.0,31.0,42.0,45.0,45.0,14.0,3.0,-2.6750000000000043,-4.041666666666664,-0.7491666666666665,-0.7050000000000001,-4.609166666666666,2.7333333333333414,-1.0349999999999966,5.3999999999999915,63.52583333333337,-0.9059481608630939,-0.11648373942229462,,11.0,-11.0,5,2,avg,home_minus_away
MLS-MAT-0006FJ,New England Revolution II,Atlanta,Gillette Stadium,354,537,82.7683615819209,87.15083798882682,12,11,2,2,0,0,16,8,5,2,,,1.9519,0.889,3,0,293,468,0,0,11,10,2,5,495,672,ASA,-4.382476406905923,8,3,,1.0629,-183,1,0,0,2025-07-30,MLS-STA-00000N,72.025,83.05,101.16666666666669,101.16666666666669,51.25,62.083333333333336,26.225444864355186,17.212781910868195,104.0,122.6,50.825,56.041666666666664,67.95833333333333,67.95833333333333,38.625,44.875,14.280407372418411,9.942761535129181,71.4,79.6,9.930833333333334,15.668333333333333,12.170833333333334,23.58333333333333,6.825,8.833333333333334,2.3594972834389014,6.780094051502692,14.559999999999999,21.720000000000002,10.48,16.155,12.558333333333332,24.516666666666666,7.216666666666666,9.366666666666667,2.4033151293808954,6.889178813343593,15.040000000000001,22.259999999999998,6.8966666666666665,7.716666666666667,8.595833333333333,8.595833333333333,5.558333333333334,7.254166666666666,1.294919962134082,0.5538454582883812,13.2,13.459999999999999,102.525,107.69166666666665,131.66666666666666,131.66666666666666,77.875,70.58333333333333,25.226140404790858,25.559156600152335,139.4,150.4,27.560833333333335,24.850833333333334,28.975,28.5375,25.141666666666666,20.35,1.4537535229727074,3.103293221634791,32.96,30.2,69.64166666666667,70.98333333333332,80.5,81.08333333333333,63.583333333333336,57.708333333333336,6.780384289338703,9.993947821334446,95.2,92.8,1838.9591666666668,1698.9866666666665,1964.6,1947.575,1691.225,1310.8583333333331,107.36104453515978,252.42551332576866,2172.52,2107.62,28.979000589247136,25.69267302932718,30.745263011956776,29.43355271546012,26.35817483099807,20.55773148148148,1.6210671017630485,3.6793145158138385,34.93027334174938,31.15747555970138,22.88157188330493,20.5951854676932,23.42703239775133,22.54463676471508,22.31740353481588,17.491794149434984,0.5176519140498006,2.599667453779181,24.12302696363796,23.03386868674475,,,,,,,,,,,5.0,5.0,2.0,0.0,316.0,79.0,91.0,91.0,-225.0,12.0,11.024999999999991,5.2166666666666615,5.737499999999999,5.675000000000001,0.8200000000000003,5.166666666666643,-2.710000000000001,1.3416666666666544,-139.9725000000003,-3.286327559919954,-2.28638641561173,,-237.0,237.0,5,2,avg,home_minus_away
MLS-MAT-0006FK,Carolina Core FC,Philadelphia Union II,Truist Point,323,295,78.94736842105263,78.98305084745763,10,16,4,3,0,0,9,18,4,6,,,2.6935,2.2468,3,2,255,233,0,0,16,10,6,4,453,431,ASA,-0.0356824264050033,-9,-2,,0.4466999999999999,28,-6,1,0,2025-07-30,MLS-STA-00002T,73.36666666666667,,88.45833333333333,,65.79166666666667,,9.386677911925082,,114.8,,52.80833333333332,,62.708333333333336,,47.04166666666666,,6.161498397305648,,84.6,,15.109166666666667,,20.079166666666666,,11.6875,,3.1059005224822562,,26.68,,15.638333333333332,,20.9,,12.1,,3.2848893838132334,,27.979999999999997,,9.98,,12.279166666666669,,7.016666666666667,,2.5813355850756374,,26.220000000000006,,99.81666666666666,,117.66666666666669,,83.58333333333333,,13.885619059540238,,159.4,,27.244999999999997,,28.525,,25.2,,1.336826154242452,,32.32,,79.9,,89.95833333333333,,75.5,,6.354036883920504,,94.8,,2141.034166666667,,2260.225,,1991.2791666666665,,113.372694696641,,2379.12,,29.93169109510763,,31.79090139429835,,27.144652134824263,,2.123464551227706,,37.604627105995654,,24.330194753432036,,25.176097083900444,,23.18935121684345,,0.7974487524056111,,26.130345344003587,,,,,,,,,,,,5.0,0.0,2.0,0.0,10.0,,288.0,288.0,278.0,,,,,,,,,,,,,,,,5,2,avg,home_minus_away
MLS-MAT-0006FL,Columbus Crew 2,RBNY II,Historic Crew Stadium,589,296,89.81324278438031,80.74324324324324,14,13,1,2,1,0,16,6,7,5,,,1.3514,1.4517,1,2,529,239,0,1,13,13,5,7,745,441,ASA,9.069999541137065,10,2,,-0.10030000000000006,293,1,-1,1,2025-07-31,MLS-STA-000012,73.19166666666668,56.84166666666666,91.04166666666669,70.375,58.583333333333336,45.54166666666666,14.305829959612042,10.194778415661839,94.6,89.6,49.925,42.0,57.25,51.25,43.04166666666666,29.625,6.1199951207315335,7.8417507965731446,74.0,66.2,19.460833333333333,9.495833333333334,28.979166666666668,15.045833333333334,7.583333333333333,4.558333333333334,8.295206844752109,3.86302585417183,33.3,15.88,20.442500000000003,10.2925,29.891666666666666,16.133333333333333,9.275,4.7375,7.931226961265899,4.075441353058859,35.0,17.46,18.3775,11.095833333333335,25.65416666666667,16.5,10.404166666666669,7.854166666666667,6.168679710845749,3.226387244702312,47.96,24.1,86.54166666666666,83.56666666666668,91.70833333333331,102.04166666666669,72.33333333333333,72.33333333333333,8.147191915691634,12.273029656301034,146.6,134.6,26.542499999999997,26.575,28.379166666666663,27.041666666666668,24.39583333333333,25.808333333333334,1.4611027275847372,0.5449499849629436,31.04,30.660000000000004,75.225,83.30833333333334,86.625,89.41666666666667,63.375,74.16666666666667,9.470650936797673,5.8249642345110875,93.2,97.6,1952.6241666666665,2178.4333333333334,2180.6666666666665,2300.9125,1630.6958333333332,1945.5541666666668,215.2608007477015,137.7919848360907,2261.32,2341.96,28.05527975137491,28.90976000408265,30.212019663283087,30.03913466225559,25.70789148555076,27.840280513761027,1.8954169812022867,0.7885023437164668,33.59828859642094,35.43411294699333,22.921342162587447,24.180742177111984,24.321429040830694,24.59848309576542,20.827549760932246,23.20468506556297,1.320155417876073,0.5554733797927895,24.829555937614902,25.81921761475153,,,,,,,,,,,5.0,5.0,2.0,0.0,4.0,231.0,227.0,227.0,223.0,-4.0,-16.350000000000016,-7.924999999999997,-9.965,-10.150000000000002,-7.281666666666666,-2.97499999999998,0.032500000000002416,8.083333333333343,225.8091666666669,0.854480252707738,1.2594000145245374,,227.0,-227.0,5,2,avg,home_minus_away
MLS-MAT-0006FM,Whitecaps FC 2,Sporting KC II,Swangard Stadium,361,353,83.93351800554017,83.0028328611898,14,23,2,4,0,0,18,10,10,5,,,,,2,3,303,293,0,0,23,14,5,10,529,507,,0.9306851443503632,8,5,,,8,-9,-2,0,2025-07-31,MLS-STA-00001E,55.85,61.916666666666664,64.375,80.66666666666667,44.75,53.583333333333336,7.296224765817819,11.939554069934486,79.8,78.8,42.95833333333333,45.28333333333333,47.91666666666666,55.333333333333336,32.0,36.66666666666666,6.548960901462832,9.23691830223816,62.8,66.0,9.059999999999999,14.835833333333332,11.041666666666666,21.54583333333333,7.774999999999999,10.079166666666667,1.2930053546765468,5.03850934194717,13.12,25.16,10.502500000000001,14.975833333333332,11.8625,21.6,8.2125,10.229166666666666,1.5840721960258695,4.964510682780776,14.919999999999998,25.32,6.727500000000001,24.580833333333334,10.375,29.804166666666664,2.1416666666666666,21.05,3.4602023062243057,3.501448856862288,16.8,42.46,93.29166666666666,68.25,107.95833333333331,95.875,79.75,47.875,11.058281524621162,22.457598936662844,129.2,125.6,28.80972222222222,19.829166666666666,30.254166666666663,22.65,26.6375,17.129166666666666,1.9150234501997123,2.466149298220022,33.36666666666667,24.5,76.02777777777777,65.975,84.20833333333333,73.41666666666667,68.5,59.375,7.874485579906039,6.618747049102275,92.66666666666667,91.2,2145.9583333333335,1236.8816666666667,2218.7208333333333,1283.5,2036.0375,1218.0875,96.84449582463506,27.126769271535228,2370.6,1383.06,32.658748450611064,19.586045606105188,34.547447849868824,22.501994080590386,29.46915962296862,16.814629629629632,2.777856693123421,2.535274602683336,40.36873266350815,24.17801010734403,25.220215854688984,15.339879789149212,25.81684627479356,17.025505346051293,24.420792118798477,13.888976490411151,0.7197816671139741,1.3520743545360472,27.161934101125752,17.155533716147097,,,,,,,,,,,5.0,5.0,2.0,0.0,276.0,37.0,0.0,0.0,-276.0,-37.0,6.066666666666663,2.325000000000003,5.775833333333333,4.473333333333331,17.85333333333333,-25.041666666666657,-8.980555555555554,-10.052777777777777,-909.0766666666668,-13.072702844505876,-9.880336065539773,,-239.0,239.0,5,2,avg,home_minus_away
MLS-MAT-0006FN,Tacoma Defiance,Ventura County,Starfire Sports Complex,422,604,84.36018957345972,89.56953642384106,13,11,3,2,0,0,16,15,9,10,,,2.7476,2.7105,4,6,356,541,0,0,10,12,10,10,564,751,ASA,-5.209346850381337,1,-1,,0.03709999999999969,-182,2,1,0,2025-08-01,MLS-STA-00001D,41.7,40.125,61.833333333333336,53.875,32.0,28.20833333333333,12.008185865391068,10.735455276791946,48.2,52.6,35.275,34.11666666666666,51.04166666666666,46.083333333333336,27.125,23.33333333333333,9.976300040596207,10.017753338171412,46.0,48.8,10.2,7.3125,22.316666666666663,10.925,5.5,4.1875,6.900866114119298,2.9160758330141023,15.819999999999999,11.28,13.099166666666667,7.628333333333333,22.9125,11.1625,8.4625,4.533333333333333,5.867892716346777,2.913649332118667,20.22,11.58,15.166666666666666,11.8375,28.3375,18.008333333333333,7.483333333333333,6.420833333333333,9.574609253703834,5.804330429611249,31.060000000000002,26.360000000000003,56.59166666666666,60.55,62.125,71.58333333333333,52.66666666666666,49.833333333333336,5.022121204121707,9.810460686883614,102.6,107.8,20.83,21.3625,23.066666666666663,23.0125,18.991666666666667,18.633333333333333,1.8376521101062013,1.860842383169514,25.14,27.360000000000003,71.59166666666667,60.60833333333333,80.04166666666667,65.875,57.833333333333336,55.04166666666666,9.492019674442314,3.9478589485666538,92.6,91.8,1432.4108333333334,1208.7033333333334,1508.4666666666665,1405.0791666666669,1248.7625,1087.6291666666666,106.87318137666459,130.1063326280877,1570.48,1485.1,20.811166499027316,21.069371900963098,22.77978320260288,22.745932931932057,19.023310185185185,18.17763888888889,1.7391915456041571,1.9623179927734105,24.991931791953807,26.713237510569797,17.018648938617638,15.896743835995167,17.765421768278543,17.553335232132387,16.397487835060044,13.751557206706586,0.5281425029760553,1.60650378325072,18.459333911776017,17.40824420926332,,,,,,,,,,,5.0,5.0,2.0,0.0,25.0,42.0,45.0,45.0,20.0,3.0,-1.5750000000000028,-1.1583333333333385,-2.8874999999999993,-5.470833333333334,-3.3291666666666657,3.9583333333333357,0.5325000000000024,-10.983333333333341,-223.70749999999998,0.2582054019357827,-1.1219051026224705,,17.0,-17.0,5,2,avg,home_minus_away
MLS-MAT-0006FX,Crown Legacy FC,Huntsville,Mecklenburg County Sportsplex,294,691,84.35374149659864,94.356005788712,8,12,1,4,1,0,11,23,4,7,,,0.951,2.8094,0,4,248,652,0,0,11,8,7,4,426,823,ASA,-10.002264292113352,-12,-3,,-1.8584,-397,-4,-3,1,2025-08-02,MLS-STA-000039,65.28333333333333,78.575,86.29166666666667,86.29166666666667,44.41666666666666,67.95833333333333,18.93467846600812,7.4141732700131735,107.4,132.0,47.733333333333334,55.025,60.25,60.25,37.25,50.833333333333336,9.445319608144557,3.5171455045249407,77.2,83.8,10.34,13.069166666666666,15.404166666666669,15.404166666666669,6.916666666666667,10.8125,3.727232505865147,1.7495773299095223,15.4,18.66,10.740833333333333,13.257499999999999,15.570833333333333,15.570833333333333,7.341666666666666,10.983333333333334,3.520171782029963,1.727814230144227,16.2,18.8,5.5675,7.788333333333332,8.174999999999999,9.425,3.333333333333333,6.179166666666667,2.0223370693883402,1.206929500610721,11.2,17.02,98.3,107.725,113.83333333333331,113.83333333333331,80.79166666666667,97.75,14.221017065909482,6.366661212912146,149.2,161.4,28.701666666666664,28.501666666666665,30.141666666666666,30.77916666666667,26.666666666666668,26.96666666666667,1.4319415481164783,1.4059786775291667,33.5,33.6,75.11666666666667,76.36666666666667,88.5,86.33333333333333,64.5,63.75,9.766652445950962,8.293781137427946,93.8,95.6,2103.2908333333335,2120.6116666666667,2332.679166666667,2293.7541666666666,1878.275,1878.8208333333328,182.7942100157381,156.21339964110172,2357.84,2428.68,31.901402604186558,31.44848355636707,33.862749978619284,33.5272725662681,29.504112346589007,29.83037382359493,1.6117765546273997,1.347288899388412,39.13207209365075,38.27996183308538,24.924041681753557,24.89758115062908,25.221620217009388,25.13899787332321,24.349732628572244,24.679216431164196,0.3531822727592314,0.17651454996295762,26.43891864106564,26.07145809337448,,,,,,,,,,,5.0,5.0,2.0,0.0,190.0,239.0,228.0,228.0,38.0,-11.0,13.291666666666671,7.291666666666664,2.729166666666666,2.5166666666666657,2.2208333333333323,9.424999999999997,-0.1999999999999993,1.25,17.320833333333212,-0.45291904781948844,-0.026460531124477882,,49.0,-49.0,5,2,avg,home_minus_away
MLS-MAT-0006FP,Chattanooga,TFC II,Finley Stadium,471,453,83.86411889596603,82.78145695364239,8,8,4,1,0,0,16,13,8,6,,,1.5307,1.504,1,2,395,375,0,0,8,8,6,8,605,573,ASA,1.0826619423236394,3,2,,0.026699999999999946,18,0,3,0,2025-08-02,MLS-STA-00002S,65.975,56.05833333333332,75.79166666666667,63.04166666666666,57.04166666666666,49.29166666666666,8.515335430856501,5.165876955776456,108.6,84.4,47.825,44.516666666666666,52.41666666666666,46.958333333333336,42.75,42.16666666666666,3.485261627354691,2.116937318654269,79.2,67.0,13.247499999999999,9.513333333333334,16.599999999999998,13.633333333333333,10.333333333333334,5.916666666666667,2.250635712662337,2.86498769873256,23.080000000000002,14.040000000000001,13.657499999999999,9.9075,17.462500000000002,14.133333333333333,10.741666666666667,6.120833333333334,2.4618678686675657,2.983466302902641,23.46,14.559999999999999,12.4425,6.39,17.220833333333335,7.75,4.925,4.925,5.74864673084989,1.359874509120439,31.74,15.38,94.51666666666667,86.30833333333332,108.33333333333331,101.08333333333331,75.33333333333333,75.33333333333333,12.522396602354782,12.013396746502993,152.6,133.6,25.93333333333333,28.323333333333334,27.433333333333334,29.3625,24.616666666666664,26.766666666666666,1.1456893848974374,1.1504399822579947,29.380000000000003,33.28,77.55,76.14166666666667,83.75,83.75,70.70833333333333,70.08333333333333,5.846963243143109,6.936254893272331,90.0,95.6,2000.7283333333332,2108.3308333333334,2284.2625000000003,2284.2625000000003,1732.1666666666667,1987.2625,235.0430419063944,132.24363001225973,2202.66,2431.2799999999997,27.731722214690183,31.423947745855514,31.19413918726659,32.530856851304485,25.069562404881484,29.25556574042058,2.465209919762316,1.3137294116678675,33.22431066766143,38.37224331494856,22.8352395811563,24.74070226479834,25.156768051060865,25.156768051060865,20.63896824087861,24.426677223911536,1.885637866833901,0.32214061024137625,24.564556479748653,26.366272008978264,,,,,,,,,,,5.0,5.0,2.0,0.0,87.0,206.0,209.0,209.0,122.0,3.0,-9.916666666666671,-3.308333333333337,-3.734166666666665,-3.7499999999999982,-6.052500000000001,-8.208333333333343,2.390000000000004,-1.4083333333333314,107.60250000000019,3.692225531165331,1.905462683642039,,119.0,-119.0,5,2,avg,home_minus_away
MLS-MAT-0006FQ,Carolina Core FC,New England Revolution II,Truist Point,439,493,82.00455580865604,81.74442190669372,7,6,0,2,0,0,10,15,4,5,,,0.908,2.0979,1,0,360,403,0,0,6,6,5,4,598,637,ASA,0.26013390196231967,-5,-1,,-1.1899000000000002,-54,1,-2,0,2025-08-02,MLS-STA-00002T,89.4,,101.16666666666669,,74.45833333333333,,11.414636376648673,,146.6,,60.425,,67.95833333333333,,48.75,,7.337143896337016,,91.2,,12.940000000000001,,16.629166666666666,,10.679166666666667,,2.362249398819317,,17.82,,13.205833333333334,,16.75,,11.016666666666666,,2.263247267632161,,18.240000000000002,,7.995833333333333,,10.629166666666666,,5.366666666666667,,1.9011989090220587,,15.320000000000002,,118.39166666666668,,131.66666666666666,,97.16666666666669,,13.496385833087142,,170.8,,27.07916666666667,,28.5375,,24.90416666666667,,1.701406179050469,,32.62,,73.73333333333332,,88.0,,59.833333333333336,,11.674610390834372,,96.2,,1916.4141666666667,,2179.895833333333,,1618.35,,261.5278559228653,,2210.0800000000004,,28.560397944835778,,31.177111155428832,,26.212660662580102,,2.029454577281354,,34.70976862744006,,23.017459629847583,,24.86527429785475,,22.003353658097502,,1.1337053564289576,,24.309720009797225,,,,,,,,,,,,5.0,0.0,2.0,0.0,79.0,,288.0,288.0,209.0,,,,,,,,,,,,,,,,5,2,avg,home_minus_away
MLS-MAT-0006FR,MNUFC2,Houston Dynamo 2,National Sports Center Stadium,471,269,83.86411889596603,73.60594795539033,11,16,2,6,0,0,30,7,10,4,,,,,2,2,395,198,0,1,16,11,4,10,643,436,,10.258170940575695,23,6,,,202,-5,-4,0,2025-08-02,MLS-STA-000015,99.40833333333333,80.63333333333334,132.45833333333334,120.625,67.5,49.25,23.60686767423601,30.189554507956696,139.8,98.0,59.383333333333326,50.66666666666666,65.0,59.04166666666666,50.75,43.29166666666666,5.486283400951463,6.849954379410128,91.8,66.4,30.138333333333332,28.27583333333333,49.51666666666667,44.57916666666667,15.925,9.116666666666667,15.766515371014757,15.646461205777136,39.4,39.64,34.810833333333335,29.099999999999994,49.89166666666667,44.91666666666666,20.47083333333333,10.179166666666667,12.350816226401127,15.086571072848562,45.6,40.760000000000005,17.675,12.470833333333333,22.916666666666668,15.695833333333333,14.8125,8.237499999999999,3.272592414449303,3.16412589957058,50.9,34.46,85.925,81.33333333333334,105.125,90.41666666666669,71.41666666666667,78.16666666666667,14.418725768173056,5.107524405771902,164.6,132.6,25.859999999999996,23.6,29.7,26.8,20.675,20.975,4.54376728943677,2.6406790346213778,30.439999999999998,27.380000000000003,64.35,63.8,77.41666666666667,76.41666666666667,53.875,52.875,10.052492435543869,10.330241472922545,85.6,84.6,1641.2083333333335,1486.7216666666668,2162.454166666667,1909.4375,1081.7041666666669,1081.7083333333333,497.83745041924124,397.37323638681033,1935.1800000000003,1762.7,27.354108118971332,23.978847493599286,32.09333813019939,28.408952591279185,20.20479166666667,20.508680555555557,6.27062840825139,3.5454052622780017,32.49451651035024,28.07537671364396,20.733611668377698,18.640519131592903,25.220259116772564,22.862729102005616,14.620128095768878,14.77153661074496,5.292839362157407,3.749637376326853,21.95881854469553,19.994384582967246,,,,,,,,,,,5.0,5.0,2.0,0.0,20.0,257.0,275.0,275.0,255.0,18.0,-18.77499999999999,-8.716666666666669,-1.8625000000000007,-5.7108333333333405,-5.2041666666666675,-4.591666666666654,-2.2599999999999945,-0.5499999999999972,-154.48666666666668,-3.3752606253720465,-2.093092536784795,,237.0,-237.0,5,2,avg,home_minus_away
MLS-MAT-0006FS,North Texas SC,Colorado Rapids 2,Choctaw Stadium,592,243,88.17567567567568,80.24691358024691,17,13,2,0,0,1,11,14,4,6,,,,,1,3,522,195,0,0,13,17,7,4,702,364,,7.928762095428766,-3,-2,,,349,4,2,-1,2025-08-02,MLS-STA-000010,65.63333333333334,75.29166666666667,102.29166666666669,86.08333333333333,48.16666666666666,55.0,23.664124716775632,13.53461354782208,113.4,137.4,52.10833333333333,55.60833333333333,67.58333333333333,62.5,43.833333333333336,44.41666666666666,10.760072800249384,7.161977632687162,86.4,92.6,9.3375,8.593333333333334,14.2375,12.266666666666666,4.7,6.641666666666667,4.017731964540303,2.237892966733564,13.38,11.66,10.563333333333334,10.28,15.504166666666668,13.045833333333334,5.6625000000000005,7.1875,4.552420754084823,2.211323447370124,15.36,14.64,11.733333333333333,9.876666666666667,13.5,13.204166666666666,9.8125,5.579166666666667,1.446370577418603,3.070947250261536,25.939999999999998,21.14,100.03333333333333,108.95833333333334,129.75,121.29166666666669,78.625,91.95833333333331,21.569763269447346,11.567697780649564,157.8,170.8,26.673333333333336,31.4175,32.8875,32.72083333333333,20.375,29.3,5.091286128714872,1.3570526938512333,32.58,36.239999999999995,45.95833333333333,52.46666666666666,68.04166666666667,63.5,24.70833333333333,40.04166666666666,16.75101054165589,9.556275207073801,66.0,75.8,1145.5249999999999,1586.6574999999998,1661.1958333333332,1845.8166666666664,561.0583333333333,1255.1958333333334,403.7136152658734,249.22665671713915,1442.96,2003.0,26.624699605342755,33.17926827296751,32.82586462392152,33.98233484934543,20.244699074074077,31.96849301502693,5.768908661839061,0.7493560314274356,32.101051151105786,37.894668566232966,18.037950700535976,23.461239402403862,23.42758218203064,24.59381856713685,13.449037658651308,22.14054979018981,4.234130598241837,0.9177584088937644,19.825015110695162,24.32402194555278,,,,,,,,,,,5.0,5.0,2.0,0.0,1597.0,219.0,187.0,187.0,-1410.0,-32.0,9.658333333333331,3.5,-0.7441666666666666,-0.283333333333335,-1.8566666666666656,8.925000000000011,4.744166666666665,6.508333333333333,441.13249999999994,6.554568667624757,5.423288701867886,,-1378.0,1378.0,5,2,avg,home_minus_away
MLS-MAT-0006FT,Sporting KC II,Austin FC II,Children's Mercy Victory Field,421,443,90.02375296912113,87.81038374717834,15,16,4,1,0,0,13,14,3,7,,,,,1,3,379,389,0,0,16,15,7,3,551,566,,2.2133692219427985,-1,-4,,,-22,-1,3,0,2025-08-03,MLS-STA-000026,68.325,62.641666666666666,88.54166666666667,88.54166666666667,51.79166666666666,36.16666666666666,15.626344386608435,21.469062851513158,91.4,77.0,47.025,44.025,51.375,51.375,41.833333333333336,34.875,3.590424185710282,6.710830280640058,66.0,59.0,16.774166666666666,17.38583333333333,33.475,33.475,7.745833333333334,6.104166666666667,11.235656906078573,11.408102627323949,23.68,28.080000000000002,19.116666666666667,17.716666666666665,33.65833333333333,33.65833333333333,8.887500000000001,6.4125000000000005,10.36891848198794,11.335744228863941,28.32,28.439999999999998,6.945833333333335,8.541666666666668,9.0,15.154166666666669,4.95,4.75,1.548307767998483,4.075953151990615,15.280000000000001,20.919999999999998,84.66666666666666,79.33333333333334,94.20833333333331,81.125,78.125,75.91666666666667,7.316030724071314,2.0914425510743637,132.4,119.0,27.166666666666664,25.193333333333335,31.10833333333333,30.375,22.125,22.125,4.5674069883493225,3.594170386040275,32.660000000000004,28.939999999999998,51.49166666666666,67.65833333333333,61.54166666666666,76.20833333333333,39.16666666666666,59.04166666666666,9.261413753969865,7.605644833499216,76.2,83.0,1311.6183333333333,1690.7116666666668,1474.8375,2072.991666666667,1099.4333333333334,1288.8958333333333,137.46018620555796,366.9948872992913,1688.14,1909.6799999999998,27.22087938786035,26.5386734851692,31.961524156702165,34.49607277900171,21.934699074074075,21.934699074074075,4.819776938080013,5.495433587273583,32.264350889620914,31.05000204037335,19.498868969202142,20.69553466090143,22.051092553946063,25.26972458749914,16.71085424905074,16.71085424905074,2.591203828249676,3.914747947408931,21.290358693611033,22.28699764244001,,,,,,,,,,,5.0,5.0,2.0,0.0,164.0,276.0,280.0,280.0,116.0,4.0,-5.683333333333337,-3.0,0.6116666666666646,-1.4000000000000021,1.5958333333333332,-5.333333333333314,-1.9733333333333292,16.16666666666667,379.0933333333335,-0.6822059026911518,1.1966656916992875,,112.0,-112.0,5,2,avg,home_minus_away
MLS-MAT-0006FV,Chicago Fire FC II,Columbus Crew 2,SeatGeek Stadium,361,359,89.19667590027701,86.62952646239555,7,9,1,1,0,0,28,11,13,6,,,4.2524,1.181,6,1,322,311,0,0,8,7,6,14,524,510,ASA,2.5671494378814685,17,7,,3.0713999999999997,2,-2,0,0,2025-08-03,MLS-STA-00001B,66.93333333333334,77.525,97.41666666666669,91.54166666666669,43.125,62.79166666666666,20.252799017803827,12.862541167194681,78.6,100.2,42.375,48.03333333333333,46.75,58.458333333333336,30.916666666666668,42.54166666666666,6.595387171686318,6.65861492938117,59.6,63.6,14.401666666666667,20.604166666666664,24.725,34.09583333333333,7.583333333333333,12.954166666666666,7.088497259841313,7.982067031616699,23.04,37.44,15.1375,21.08833333333333,24.89583333333333,34.27916666666667,8.529166666666667,13.070833333333333,6.655874728597118,7.901123118125536,24.3,37.84,11.660833333333333,10.721666666666668,16.5,17.441666666666666,6.566666666666666,4.625,3.855808884368853,5.254485022076115,25.639999999999997,25.74,79.11666666666666,91.09166666666667,90.0,110.45833333333331,72.33333333333333,79.0,7.0682068879674915,11.680252506307852,122.0,126.0,23.429166666666667,21.305833333333332,27.041666666666668,25.425,19.816666666666663,19.133333333333333,3.438408970730503,2.652890195407434,27.160000000000004,23.64,74.35833333333333,76.36666666666667,84.41666666666667,90.625,64.08333333333333,63.833333333333336,9.14056891008432,10.578714543312383,93.2,91.6,1727.0916666666665,1627.6783333333333,2180.6666666666665,2052.1125,1258.6541666666667,1269.25,420.33082104844965,385.6272187875121,1957.98,1874.7400000000002,24.257338218593436,21.634690215523854,29.099383991412328,26.90113626280446,19.592453703703704,19.03486111111111,4.566996469505576,3.372939415128136,28.364535986931106,24.19294821601735,19.97574657948367,18.2982447389629,24.321429040830694,22.890953574199585,15.593930560087951,15.398621618729107,4.137223416674282,3.502318288835887,21.30351700851877,19.83666652183087,,,,,,,,,,,5.0,5.0,2.0,0.0,231.0,265.0,189.0,189.0,-42.0,-76.0,10.591666666666669,5.658333333333331,6.202499999999997,5.950833333333332,-0.9391666666666652,11.975000000000009,-2.123333333333335,2.00833333333334,-99.41333333333318,-2.622648003069582,-1.677501840520769,,34.0,-34.0,5,2,avg,home_minus_away
MLS-MAT-0006FW,Philadelphia Union II,FC Cincinnati 2,Subaru Park,429,406,74.82517482517483,72.41379310344827,14,13,1,2,0,0,11,12,2,4,,,0.8483,0.6346,1,0,321,294,0,0,13,14,4,3,574,565,ASA,2.4113817217265563,-1,-2,,0.2137,23,1,-1,0,2025-08-03,MLS-STA-000002,65.03333333333333,83.03333333333333,75.875,103.83333333333331,58.0,59.54166666666666,7.204442591592745,19.778469284103416,82.4,124.8,46.75,56.658333333333324,54.41666666666666,70.375,39.083333333333336,42.91666666666666,6.524526377021126,11.902322369091584,72.0,93.8,15.182500000000001,18.324166666666667,23.6,23.6,10.9125,13.766666666666666,5.24627794647469,4.10850912402811,33.46,39.019999999999996,16.042499999999997,18.679166666666667,23.77083333333333,23.77083333333333,11.620833333333332,14.2125,4.817641013043162,4.076647374920283,34.46,39.72,16.524166666666666,19.8525,28.65416666666667,28.65416666666667,11.479166666666666,11.983333333333334,7.075036439835489,7.97404241464488,49.36,60.92,80.625,97.34166666666667,89.625,126.125,74.875,74.875,6.016254025554441,21.45775484657133,138.4,165.0,25.014999999999997,25.74083333333333,28.391666666666666,29.64583333333333,21.266666666666666,21.266666666666666,3.3924722630488158,4.0389922422967475,28.860000000000003,29.9,75.675,74.48333333333333,82.0,88.91666666666667,69.29166666666667,66.33333333333333,4.7727343374166065,9.042751471021788,95.8,94.4,1858.1516666666666,1871.355,2112.0375,2320.05,1467.625,1467.625,289.48368439259895,335.73605972601035,2141.6,2150.94,26.400109215137814,27.669821113290816,31.17846596302411,33.28006623385319,21.47141203703704,21.47141203703704,4.703146713449195,5.633471411183981,30.990049775731563,32.542442276165346,21.592675667254912,22.056332228619567,24.770351895799493,25.07775968133812,17.742049911876684,17.742049911876684,3.3197818852811865,3.6685407078634302,23.1043722162421,23.52163692689618,,,,,,,,,,,5.0,5.0,2.0,0.0,160.0,10.0,8.0,8.0,-152.0,-2.0,18.0,9.908333333333324,3.1416666666666657,2.6366666666666703,3.328333333333333,16.71666666666667,0.725833333333334,-1.1916666666666629,13.203333333333376,1.2697118981530018,0.4636565613646546,,-150.0,150.0,5,2,avg,home_minus_away
MLS-MAT-0006DU,Inter Miami CF II,Atlanta,Chase Stadium,393,413,88.80407124681933,86.68280871670702,20,20,5,5,1,0,12,13,5,4,,,1.6357,1.3187,2,1,349,358,0,0,19,20,5,5,525,540,ASA,2.1212625301123182,-1,1,,0.31699999999999995,-20,0,0,1,2025-08-03,MLS-STA-000008,75.18333333333332,50.45833333333333,97.83333333333331,53.125,47.708333333333336,47.708333333333336,25.02527541750983,2.384666002702358,121.4,52.0,49.275,29.5,72.95833333333333,35.708333333333336,25.916666666666668,25.916666666666668,21.593176648603087,3.8627719249839814,80.0,37.4,11.270833333333332,9.126666666666667,15.133333333333333,10.345833333333331,7.879166666666666,7.879166666666666,3.0882899349352266,1.0128325928361064,17.2,11.540000000000001,13.415833333333333,14.132500000000002,15.425,15.820833333333333,12.145833333333334,12.145833333333334,1.3068376535659578,1.3602089555571146,18.96,17.2,8.451666666666666,8.530833333333334,9.7,9.704166666666667,7.383333333333333,7.383333333333333,0.8431999235715755,0.8379693958214313,18.919999999999998,17.419999999999998,92.39166666666668,55.141666666666666,131.875,76.33333333333333,46.91666666666666,46.91666666666666,40.48059377309358,12.106500778966277,143.2,82.8,28.610833333333336,29.442500000000003,29.725,29.725,26.704166666666666,28.9625,1.4203768817152405,0.33553181253380826,33.08,32.839999999999996,75.56666666666666,73.28333333333333,86.08333333333333,76.79166666666667,68.45833333333333,68.58333333333333,7.873269210153784,2.96381534325081,94.0,92.0,2115.555,2130.6575,2268.3541666666665,2196.266666666667,1949.4958333333332,2005.7791666666665,133.30349921430354,73.04622332002852,2393.82,2403.3,31.869290606917144,33.68876032733457,34.64107550566958,34.64107550566958,29.396318213294663,33.10566611620396,2.149019929240237,0.6936387830965176,37.69766823371692,37.98205695250276,24.932838704653374,25.455437395023473,25.74611810599285,25.74611810599285,24.50286515290037,24.947415425430027,0.48112562229650113,0.31603905455837256,25.776297310404875,26.07326127820097,,,,,,,,,,,5.0,5.0,2.0,0.0,316.0,6.0,4.0,4.0,-312.0,-2.0,-24.724999999999994,-19.775,-2.144166666666665,0.7166666666666686,0.0791666666666675,-37.250000000000014,0.831666666666667,-2.2833333333333314,15.102499999999964,1.8194697204174268,0.5225986903700992,,-310.0,310.0,5,2,avg,home_minus_away
MLS-MAT-0006FY,Orlando City B,NYCFC II,Osceola Heritage Park,413,413,84.26150121065375,84.7457627118644,6,6,2,3,0,0,24,11,12,4,,,3.012,1.4378,1,3,348,350,0,0,6,6,4,12,556,552,ASA,-0.4842615012106535,13,8,,1.5742,0,0,-1,0,2025-08-03,MLS-STA-000017,79.82499999999999,57.883333333333326,106.20833333333331,75.75,49.91666666666666,46.54166666666666,26.903979853256732,11.728607890775255,115.2,72.8,55.05,39.71666666666667,77.625,51.875,32.291666666666664,32.708333333333336,21.205803712925178,8.515529115158442,81.8,57.8,18.9375,10.368333333333334,28.791666666666668,12.991666666666667,10.125,9.166666666666666,8.55909908128965,1.550620395554989,30.4,15.74,20.61,12.18,29.3125,13.7875,13.125,11.3125,7.232501392249356,1.0383923538603101,32.66,17.580000000000002,25.898333333333333,9.611666666666668,51.05833333333334,12.016666666666666,9.475,7.8,17.005531830766785,1.5995371509353007,56.1,21.18,87.53333333333335,80.59166666666667,118.79166666666669,97.04166666666669,67.79166666666667,67.91666666666667,21.06550629715687,13.96328892131077,153.8,123.6,28.383333333333333,29.116666666666667,29.8875,29.804166666666664,25.629166666666663,28.575,1.6499631729896955,0.49522020915503295,33.28,33.68,76.775,78.525,84.29166666666667,82.79166666666667,67.375,74.45833333333333,8.555507079588498,2.9745156001533393,94.6,93.6,2124.6675,2252.514166666667,2368.0291666666667,2350.9375,1914.7625,2188.2000000000003,199.22722158240444,61.740216034944865,2390.2400000000002,2491.5,31.59368406936677,33.880610237118276,33.88171339519243,35.020101311491246,27.51087800682401,32.04893783474439,2.410784107881867,1.1473260404936345,38.23434777908273,40.70187968573073,24.85121791666905,25.92505005034771,26.234703886549408,26.218291647641205,23.461314711780776,25.44942910949081,1.096806201298104,0.2961189450780919,25.906751397003383,27.086946916255716,,,,,,,,,,,5.0,5.0,2.0,0.0,27.0,39.0,23.0,23.0,-4.0,-16.0,-21.941666666666663,-15.333333333333329,-8.569166666666666,-8.43,-16.286666666666665,-6.941666666666677,0.7333333333333343,1.75,127.8466666666668,2.2869261677515063,1.0738321336786605,,12.0,-12.0,5,2,avg,home_minus_away
MLS-MAT-0006FO,Timbers2,Real Monarchs,Civic Park,384,432,80.20833333333333,86.57407407407408,14,18,1,3,0,0,10,14,3,6,,,1.5176,1.762,1,2,308,374,0,0,14,14,6,4,537,615,ASA,-6.365740740740748,-4,-3,,-0.24439999999999995,-48,-4,-2,0,2025-08-03,MLS-STA-00006Q,45.65,28.1,63.29166666666666,33.625,22.0,19.08333333333333,19.269168847035292,5.391093478032904,61.4,39.6,36.325,22.5,51.91666666666666,30.875,16.25,16.416666666666668,16.782136460137206,5.7091696467661155,48.4,37.6,7.323333333333332,4.047499999999999,11.720833333333331,6.816666666666666,1.8583333333333332,2.85,4.193805989856416,1.6388978342505403,13.8,6.68,11.466666666666665,4.4991666666666665,17.766666666666666,7.675,2.083333333333333,3.1,7.314206234939114,1.8486350069413076,17.74,7.42,9.153333333333332,5.6433333333333335,15.25,7.379166666666666,2.5,4.779166666666667,6.035962393346142,1.0891693764312118,22.919999999999998,9.7,70.35,49.641666666666666,97.25,64.04166666666667,43.0,38.708333333333336,24.114933852744073,9.785396928870876,105.8,88.4,24.909166666666664,22.29583333333333,27.89583333333333,23.27916666666667,20.366666666666667,20.695833333333333,3.6016361540431996,0.9810752675282152,32.64,29.560000000000002,39.675,55.09166666666666,59.458333333333336,61.375,24.58333333333333,51.0,17.994294041599844,4.315608782856327,74.4,81.8,818.5416666666666,1149.8691666666666,1165.0,1207.2333333333331,555.05,1072.9041666666667,301.1693981181475,60.24102872350914,1233.5,1297.9,23.64198936100228,21.86480512921782,25.91015079038301,22.631412891850747,19.96470884408843,20.42354166666667,2.824646791862678,0.8605790534344094,30.145682040385434,28.67634376789868,14.543449616565415,15.982628991233218,15.831089980185048,16.39973266869775,13.422421026938425,15.535635901725074,0.9103691328954988,0.30644988752844493,16.54007433291594,18.81260044309343,,,,,,,,,,,5.0,5.0,2.0,0.0,1302.0,31.0,130.0,130.0,-1172.0,99.0,-17.549999999999997,-13.825000000000003,-3.275833333333333,-6.9674999999999985,-3.509999999999999,-20.70833333333333,-2.6133333333333333,15.416666666666664,331.3275,-1.7771842317844602,1.4391793746678037,,-1271.0,1271.0,5,2,avg,home_minus_away
MLS-MAT-0006FU,LAFC 2,Town FC,Titan Stadium,510,424,87.6470588235294,87.97169811320755,15,18,1,4,0,0,17,15,3,4,,,,,3,4,447,373,0,0,18,15,6,3,657,573,,-0.3246392896781458,2,-1,,,86,-3,-3,0,2025-08-03,MLS-STA-00001F,57.70833333333333,75.35833333333333,81.20833333333333,80.5,41.29166666666666,65.79166666666667,21.052534322235143,6.3588166046137164,60.4,78.4,38.141666666666666,50.775,57.458333333333336,53.458333333333336,24.75,46.04166666666666,17.012061693267974,2.8033957583220057,45.8,61.2,15.26,24.01666666666667,27.9,28.70833333333333,7.408333333333334,18.666666666666668,10.18293975985215,3.578082393002026,18.6,33.36,17.4025,25.736666666666668,29.96666666666667,30.64583333333333,9.820833333333333,20.55,9.967573119314896,3.5894683430991696,21.740000000000002,34.82,21.00333333333333,40.71083333333333,45.74166666666667,44.87083333333334,4.754166666666666,33.49583333333333,20.760663759191857,4.258319675451029,33.34,62.48,46.45833333333333,42.641666666666666,64.04166666666667,45.79166666666666,34.375,37.75,15.607462380042582,3.0687436354312783,88.4,106.0,19.938333333333333,23.523333333333333,22.916666666666668,24.28333333333333,17.408333333333335,22.704166666666666,2.6362809847502136,0.5624274644589982,26.3,30.8,71.7,55.80833333333332,77.75,57.25,64.54166666666667,55.125,6.236262680662365,0.8613015022498104,94.4,81.6,1347.1116666666667,1219.7941666666666,1410.4375,1231.5,1281.8375,1208.975,54.60209636161712,9.317614926399697,1473.52,1447.2,19.834302124177523,23.1453164121491,22.85785863536769,23.851502091325106,17.225069444444447,22.35407446822685,2.7080795561664552,0.5353798627550703,26.029497250814245,29.76798029738891,16.12697948127917,17.071721705331335,17.84773784545162,17.513930873223515,14.592584615875175,16.585913567281253,1.5889934151541802,0.336281469301017,18.46153539870866,19.55298049404887,,,,,,,,,,,5.0,5.0,2.0,0.0,17.0,87.0,52.0,52.0,35.0,-35.0,17.650000000000006,12.633333333333333,8.75666666666667,8.334166666666668,19.707500000000003,-3.816666666666663,3.585000000000001,-15.89166666666668,-127.31750000000011,3.3110142879715774,0.9447422240521632,,70.0,-70.0,5,2,avg,home_minus_away
MLS-MAT-0006FZ,Whitecaps FC 2,St Louis CITY2,Swangard Stadium,280,404,81.07142857142857,87.62376237623762,10,16,0,6,0,0,16,17,7,7,,,1.9205,2.2357,2,4,227,354,0,0,15,8,7,7,466,582,ASA,-6.552333804809052,-1,0,,-0.3151999999999999,-124,-6,-6,0,2025-08-06,MLS-STA-00001E,46.199999999999996,45.93333333333333,62.91666666666666,58.375,25.08333333333333,33.708333333333336,15.554714138949787,11.081672807939341,61.2,54.0,35.225,33.33333333333333,46.833333333333336,37.29166666666666,21.666666666666668,28.625,11.528482240857977,3.402919498182568,51.8,44.0,9.810833333333331,9.334166666666667,17.599999999999998,13.620833333333332,6.304166666666667,5.516666666666667,4.651318324171951,3.4371709438464375,15.7,13.4,11.795,10.192499999999999,17.712500000000002,14.720833333333331,7.545833333333333,5.6125,3.6901819343134474,4.000830425951871,18.880000000000003,14.34,6.256666666666666,17.218333333333334,13.054166666666667,18.4,2.3291666666666666,15.3,4.404481619139004,1.5075003454947074,16.419999999999998,31.660000000000004,73.00833333333334,41.983333333333334,92.04166666666669,49.458333333333336,46.208333333333336,34.666666666666664,19.348175875834453,5.6836143625533095,104.8,78.2,22.451388888888886,19.21,23.40833333333333,21.383333333333336,21.941666666666663,18.0625,0.8293271759775008,1.46046451419479,26.566666666666666,22.240000000000002,60.22222222222222,72.85,61.29166666666666,77.75,58.208333333333336,65.79166666666667,1.745198439316449,4.855516622015283,79.0,87.6,1319.8541666666667,1377.0291666666667,1407.4333333333334,1390.375,1247.275,1351.9583333333333,81.12596954137298,15.094127123193099,1495.8,1456.88,22.33518718308,19.088749999999997,23.41462118933333,21.295115740740737,21.71127314814815,17.954444444444444,0.9386013373935139,1.4819672832684205,26.55129419858966,22.107111111111116,17.0890240613588,15.82079529764737,18.10798868903834,16.930226724508454,16.36494044423601,15.19920892738248,0.9081687088406809,0.7535831193046919,18.633809379530387,17.21130364050216,,,,,,,,,,,5.0,5.0,2.0,0.0,152.0,37.0,0.0,0.0,-152.0,-37.0,-0.2666666666666657,-1.8916666666666728,-0.4766666666666648,-1.602500000000001,10.961666666666668,-31.025000000000006,-3.241388888888885,12.627777777777773,57.174999999999955,-3.246437183080001,-1.268228763711429,,-115.0,115.0,5,2,avg,home_minus_away
MLS-MAT-0006G1,TFC II,Atlanta,York Lions Stadium,600,408,87.16666666666667,81.86274509803921,17,17,1,3,0,0,10,14,5,5,,,0.9616,1.2172,1,3,523,334,0,0,15,16,6,5,748,559,ASA,5.303921568627459,-4,0,,-0.25560000000000005,192,0,-2,0,2025-08-08,MLS-STA-00001H,60.06666666666666,95.16666666666667,88.375,140.875,40.0,73.375,20.137194373154916,26.25307521669287,80.2,135.8,40.7,57.891666666666666,58.5,68.375,29.125,46.79166666666666,13.482511820873736,8.74615987162366,54.6,82.4,12.885833333333334,29.520833333333332,26.59166666666667,51.22916666666666,7.058333333333334,13.704166666666666,8.076204223072729,14.695158464326493,22.32,44.68,13.0975,29.83833333333333,27.1625,51.7,7.15,13.820833333333333,8.269916300967019,14.811206401554346,22.62,45.1,6.776666666666666,13.571666666666667,9.133333333333333,22.475,4.0,7.641666666666667,1.9151388838526682,6.8029931116956,11.64,33.08,89.92499999999998,107.08333333333333,112.70833333333331,113.45833333333331,72.0,95.5,20.437901372205506,7.777560760861256,118.2,157.4,20.550833333333333,23.094166666666666,22.96666666666667,23.52083333333333,18.4125,22.42083333333333,2.020385259603283,0.41947594620483913,22.36,25.02,85.85833333333332,73.74166666666667,94.70833333333331,82.66666666666667,73.875,63.0,10.027116013867358,8.841505653576336,96.0,84.2,1742.9608333333333,1690.3633333333332,1871.7958333333331,1857.6208333333332,1667.775,1437.4291666666668,85.61542756711542,193.30983689834983,1959.6599999999999,1843.2400000000002,20.903328703703703,23.38461574074074,23.247847222222223,23.669537037037035,18.716967592592592,22.876990740740737,1.9763050645706506,0.3281227813629355,22.76544444444444,25.25577777777778,18.72584799550841,19.605544174327502,19.443362472700628,20.51100022379225,17.470353216055553,18.22369022171308,0.8411352872241612,0.9811715323853054,20.07516829817247,20.765012945396997,,,,,,,,,,,5.0,5.0,2.0,0.0,316.0,87.0,165.0,165.0,-151.0,78.0,35.10000000000001,17.191666666666663,16.634999999999998,16.74083333333333,6.795000000000001,17.158333333333346,2.543333333333333,-12.116666666666646,-52.59750000000008,2.481287037037035,0.879696178819092,,-229.0,229.0,5,2,avg,home_minus_away
MLS-MAT-0006G2,NYCFC II,Chicago Fire FC II,Icahn Stadium,449,499,85.52338530066815,87.374749498998,10,5,3,0,0,0,18,14,7,5,,,2.5067,1.6156,3,2,384,436,0,0,5,9,5,7,587,644,ASA,-1.851364198329847,4,2,,0.8911,-50,5,3,0,2025-08-08,MLS-STA-000055,86.01666666666668,96.61666666666667,100.41666666666669,127.79166666666669,76.16666666666667,76.25,10.476851135824269,20.011138391461454,99.8,125.4,52.03333333333334,60.16666666666667,57.66666666666666,71.58333333333333,45.458333333333336,45.458333333333336,5.154673580569598,12.710621378726268,67.2,84.8,25.839166666666664,30.098333333333336,33.9125,43.96666666666667,16.170833333333334,16.170833333333334,6.401348463626846,12.185144572958045,35.9,42.980000000000004,26.335,30.675,34.27916666666667,44.41666666666666,17.0125,17.0125,6.280024825234019,12.166037012816545,36.42,43.62,16.913333333333334,34.9925,23.65416666666667,45.51666666666667,10.2375,23.041666666666668,6.48971836403125,11.025240690872314,31.619999999999997,64.62,92.2,79.03333333333333,113.29166666666669,89.5,66.25,66.25,22.55532164971767,10.652472652446063,131.2,153.2,21.96666666666666,22.835833333333333,22.441666666666663,24.191666666666663,21.308333333333334,21.8375,0.4202863607113594,1.061566583456314,24.52,27.28,72.725,71.5,77.95833333333333,77.33333333333333,66.54166666666667,67.75,5.323118473017274,4.424030810370913,86.2,92.8,1583.2475,1582.1791666666668,1719.7375,1782.5541666666668,1406.4166666666667,1408.8458333333335,145.62770093465687,162.2255252202504,1768.8400000000001,1830.36,22.117819444444443,23.073201053288336,22.76064814814815,24.828334524844177,21.232199074074074,21.871255348454724,0.5803989787987415,1.2692556182310455,24.578555555555557,27.381763406092013,18.408428968869575,18.90305172977235,19.454117356649487,20.75598989406721,16.999587139648607,17.41349631142784,1.0569189760685134,1.3719357054766463,19.35488139831688,20.13475624443977,,,,,,,,,,,5.0,5.0,2.0,0.0,265.0,27.0,51.0,51.0,-214.0,24.0,10.599999999999994,8.133333333333333,4.2591666666666725,4.34,18.079166666666666,-13.166666666666671,0.869166666666672,-1.2249999999999943,-1.0683333333331575,0.9553816088438936,0.4946227609027751,,-238.0,238.0,5,2,avg,home_minus_away
MLS-MAT-0006G3,MNUFC2,Sporting KC II,RCTC Stadium,397,322,79.84886649874055,78.57142857142857,21,14,4,2,0,0,20,10,9,7,,,,,3,2,317,253,1,0,13,20,7,9,516,443,,1.2774379273119791,10,2,,,75,7,2,0,2025-08-08,MLS-STA-00006R,59.391666666666666,60.45833333333333,71.45833333333333,74.70833333333333,44.75,40.54166666666666,12.553482805801567,13.000166932688897,86.6,75.6,42.675,40.324999999999996,49.54166666666666,48.79166666666666,34.625,32.375,5.559916691022543,6.91462068132928,65.8,58.6,8.3625,13.232499999999998,11.483333333333334,20.141666666666666,4.991666666666666,6.9625,2.9645152545474356,5.716004881519569,12.14,21.860000000000003,8.614166666666666,13.505833333333333,11.6375,20.320833333333333,5.391666666666667,7.179166666666667,2.8647531767831045,5.619051329826257,12.42,22.240000000000002,7.239166666666667,9.63,9.5,11.3,4.904166666666667,8.391666666666667,1.8889311167665401,1.5059586509374463,13.48,19.72,92.73333333333332,81.11666666666667,100.66666666666669,83.79166666666667,88.08333333333333,79.16666666666667,4.964334603504849,1.988334031852351,133.8,121.4,22.964166666666664,22.839166666666664,24.48333333333333,25.40416666666667,20.95833333333333,21.14583333333333,1.4067224515004928,1.7841426317858005,27.439999999999998,26.919999999999998,70.80833333333332,69.11666666666666,85.70833333333333,76.25,63.625,65.0,9.641877338522367,4.369977275557498,87.4,84.2,1597.7133333333334,1551.1691666666666,2044.9791666666667,1892.6666666666667,1316.7208333333333,1340.85,287.00020897446905,221.15438948748755,1780.8200000000002,1749.0,23.33366822425604,23.17888300788117,25.29069530852028,26.79003102879975,20.778657407407408,21.013194444444444,1.8047481669485819,2.378540875345098,28.4599599917418,27.634313418180874,19.023197306092378,18.68936112702363,22.194921955535165,22.039311130770447,16.28914489338992,16.552640666888525,2.1925430778001873,2.2187825078980445,21.25531965489148,20.373881516733647,,,,,,,,,,,5.0,5.0,2.0,0.0,276.0,257.0,316.0,316.0,40.0,59.0,1.0666666666666629,-2.3500000000000014,4.869999999999997,4.8916666666666675,2.390833333333334,-11.616666666666646,-0.125,-1.6916666666666629,-46.5441666666668,-0.1547852163748722,-0.3338361790687472,,-19.0,19.0,5,2,avg,home_minus_away
MLS-MAT-0006G4,Austin FC II,North Texas SC,Parmer Field,411,304,85.88807785888078,80.92105263157895,16,21,5,3,0,0,15,6,9,1,,,2.721,0.7536,1,1,353,246,0,0,20,15,1,10,530,411,ASA,4.967025227301832,9,8,,1.9674,107,-5,2,0,2025-08-08,MLS-STA-000018,78.46666666666667,59.81666666666666,98.25,74.0,37.5,37.5,24.6032652248075,16.32359403508376,130.0,97.8,54.366666666666674,45.03333333333333,64.91666666666667,56.91666666666666,31.166666666666668,31.166666666666668,14.048384891351589,11.177987110089779,88.8,68.6,12.981666666666666,8.23,18.8875,12.8125,6.708333333333333,4.829166666666667,5.970549539661786,3.169875567133687,20.86,13.440000000000001,13.7225,9.005833333333333,19.6375,13.516666666666666,7.208333333333333,5.4375,5.783066606481374,3.130830117113067,21.66,14.4,7.4325,5.033333333333333,11.129166666666668,6.3375,3.7125,3.7125,3.053955483831129,0.9401074849895271,19.06,13.040000000000001,108.61666666666667,95.65,120.54166666666669,115.70833333333331,71.70833333333333,71.70833333333333,21.00674494854768,19.587047520122976,162.4,137.8,29.3125,30.070833333333333,31.129166666666663,31.129166666666663,27.916666666666668,29.479166666666668,1.3929915101041426,0.6999317923118547,34.019999999999996,34.92,61.3,61.758333333333326,67.66666666666667,65.41666666666667,56.04166666666666,56.04166666666666,4.663075254950684,3.9490461225184266,87.0,88.8,1741.9708333333333,1798.030833333333,1888.3666666666668,1906.5708333333328,1627.7625,1683.0458333333331,97.93235064992292,90.82566637176383,2133.12,2213.2,30.956696401052817,32.30238172356799,33.23605572389858,33.23605572389858,29.091222336995497,31.329595912800222,1.7559222891414958,0.6820769791729113,36.10437641866449,37.44850760393514,23.26521371441885,23.99800900184229,23.934082685480572,24.29701160969833,22.372770632317383,23.57619562789871,0.7354572617056748,0.29826857614627184,24.326423271072322,24.972649335343938,,,,,,,,,,,5.0,5.0,2.0,0.0,219.0,164.0,157.0,157.0,-62.0,-7.0,-18.650000000000006,-9.333333333333343,-4.751666666666665,-4.716666666666667,-2.399166666666667,-12.966666666666669,0.7583333333333329,0.4583333333333286,56.05999999999972,1.3456853225151733,0.7327952874234427,,-55.0,55.0,5,2,avg,home_minus_away
MLS-MAT-0006G6,Orlando City B,Chattanooga,Osceola Heritage Park,480,286,88.33333333333333,82.16783216783217,9,17,3,3,0,0,11,19,5,4,,,2.5204,1.8428,2,2,424,235,1,0,17,9,5,5,581,387,ASA,6.165501165501155,-8,1,,0.6776,194,-8,0,0,2025-08-09,MLS-STA-000017,45.21666666666666,39.675,54.16666666666666,50.208333333333336,38.875,33.333333333333336,6.5780173684781325,6.500026709346834,54.2,51.2,34.55,30.999999999999993,45.04166666666666,37.54166666666666,25.625,23.666666666666668,7.758306480440456,5.89034638672086,47.6,49.0,8.228333333333333,6.274166666666666,11.291666666666666,8.783333333333333,4.9875,4.133333333333334,2.359793055309912,2.0273314767611796,14.559999999999999,11.02,8.669166666666666,7.761666666666668,12.2375,9.929166666666667,5.8125,5.425,2.410564494170516,2.096399443092847,15.559999999999999,13.719999999999999,7.901666666666666,8.4075,14.179166666666667,11.279166666666669,3.4458333333333333,6.116666666666667,4.307019061304982,2.089485499537573,18.92,18.04,71.3,69.48333333333333,82.08333333333333,78.625,54.79166666666666,56.5,10.372171635894027,8.102993702604271,104.6,108.0,24.270833333333332,27.695,27.375,28.7625,20.9375,26.09583333333333,2.669297205154278,1.0535011074191287,27.660000000000004,32.14,82.79166666666666,82.94166666666666,86.25,86.29166666666667,78.79166666666667,78.83333333333333,3.01759884308331,2.9055741448311236,93.0,96.0,2000.78,2269.5216666666665,2324.9666666666667,2304.0958333333333,1646.2458333333334,2231.9666666666667,286.28113788369996,33.27174563036424,2196.54,2442.82,25.806041007609032,31.045192944557506,30.97027090958529,32.83963068699226,21.14414351851852,28.20995247545586,4.047162620269067,1.8272641744060534,30.949326871836025,38.505052520538285,21.974635009443023,25.24185232044409,25.336636043173897,25.719227963134088,18.26598022512725,24.216046945733144,2.9508773400998214,0.6125884636072,23.93797884570831,26.634871276079046,,,,,,,,,,,5.0,5.0,2.0,0.0,206.0,39.0,23.0,23.0,-183.0,-16.0,-5.541666666666664,-3.5500000000000043,-1.9541666666666675,-0.907499999999998,0.5058333333333342,-1.8166666666666629,3.424166666666668,0.15000000000000568,268.74166666666656,5.239151936948474,3.2672173110010654,,-167.0,167.0,5,2,avg,home_minus_away
MLS-MAT-0006G7,Houston Dynamo 2,Real Monarchs,SaberCats Stadium,345,388,86.3768115942029,86.85567010309278,19,20,3,5,0,0,1,11,0,7,,,,,0,4,298,337,0,0,19,17,7,0,511,539,,-0.47885850888987136,-10,-7,,,-43,-1,-2,0,2025-08-09,MLS-STA-00000Y,67.90833333333333,88.225,79.875,114.25,61.41666666666666,66.125,7.005045304794412,18.60650181313571,117.0,156.2,51.48333333333333,60.45,55.66666666666666,71.91666666666667,47.583333333333336,49.41666666666666,3.2055724051165075,9.508101443272242,80.6,111.2,10.660833333333333,14.285,14.783333333333331,17.604166666666668,6.45,9.383333333333333,3.3956065875219146,3.2965135728692387,16.68,23.96,15.875,15.806666666666667,17.349999999999998,18.570833333333333,14.045833333333333,10.770833333333334,1.4561650547471146,3.119230229114584,26.660000000000004,25.7,12.799166666666666,18.077499999999997,14.729166666666666,28.766666666666666,10.7625,13.658333333333331,1.505964415065788,6.154765119852712,31.660000000000004,45.72,95.825,101.79166666666667,103.95833333333331,117.29166666666669,88.04166666666667,88.04166666666667,6.050883773833736,11.203298125502549,156.0,191.2,28.049166666666668,28.380000000000003,29.120833333333334,29.120833333333334,27.041666666666668,27.85,0.9210378732109186,0.582480030654368,34.18,33.06,48.24166666666667,80.28333333333333,78.125,84.95833333333333,24.916666666666668,77.16666666666667,26.941977263907138,3.0255566521808084,82.8,97.0,1287.7691666666665,2241.0516666666667,2215.108333333333,2348.608333333333,581.3958333333334,2198.145833333333,841.8627305393559,61.27374883973549,1837.36,2477.9200000000005,28.65675559134043,32.05364621296361,33.04496158315207,33.04496158315207,25.337659014903664,30.95819036066752,3.892338033265059,0.9111682966579091,34.47197152462965,38.94382610434093,19.083127442097723,25.470138157232473,25.652701260102248,25.80933311618792,14.066893995812704,25.033933435763892,6.017725675294859,0.31986837640052146,20.22740551566266,26.454170503843464,,,,,,,,,,,5.0,5.0,2.0,0.0,1302.0,20.0,14.0,14.0,-1288.0,-6.0,20.316666666666663,8.966666666666676,3.6241666666666674,-0.06833333333333336,5.278333333333331,5.966666666666669,0.3308333333333344,32.041666666666664,953.2825000000003,3.3968906216231822,6.38701071513475,,-1282.0,1282.0,5,2,avg,home_minus_away
MLS-MAT-0006GB,Town FC,Whitecaps FC 2,St. Mary’s College,509,278,88.01571709233792,74.46043165467626,17,8,2,2,0,0,22,8,10,2,,,,,2,0,448,207,0,0,8,16,2,10,666,429,,13.555285437661666,14,8,,,231,9,0,0,2025-08-09,MLS-STA-000024,54.833333333333336,37.65833333333333,58.375,52.833333333333336,50.208333333333336,27.33333333333333,3.042808005043296,10.412849300530361,59.4,41.8,35.791666666666664,26.05833333333333,44.0,37.125,29.70833333333333,19.041666666666668,5.320378145499729,6.772506203598323,50.8,32.4,11.339166666666667,7.9558333333333335,13.654166666666669,13.6875,9.008333333333333,4.370833333333334,2.198923742424917,3.4819158300025324,15.719999999999999,10.7,12.859166666666667,9.881666666666666,15.675,16.654166666666665,10.029166666666669,5.5625,2.3826364802928333,4.112801407394558,17.619999999999997,13.64,15.819999999999999,8.470833333333335,18.4,14.545833333333334,14.0,3.820833333333333,1.6334778847599982,4.014197892757932,28.360000000000003,19.119999999999997,50.016666666666666,44.58333333333333,61.16666666666666,52.208333333333336,45.375,39.16666666666666,6.469855313511866,5.660612574821053,98.8,75.0,19.308333333333334,19.99,22.0625,21.70833333333333,17.491666666666667,18.0625,1.9510925536165056,1.5761861714982202,24.46,27.96,74.70833333333333,65.36666666666666,91.08333333333331,69.75,62.458333333333336,61.16666666666666,10.914241142755742,3.419637935675519,92.4,92.2,1373.0241666666666,1209.9650000000001,1586.225,1354.7541666666666,1222.2833333333333,1059.8916666666669,134.5113284675722,108.05729562205767,1508.1,1339.9,19.184598883483556,19.677224720714154,21.674663402046765,21.378594260882146,17.674675925925925,17.696597222222223,1.7917903715405188,1.6519729647309411,24.058802476419146,27.327626200181356,15.93121988613891,15.270176961433382,16.448170766238885,16.434249793374047,15.19920892738248,13.56913156123954,0.6027204684234426,1.3765833054272711,17.931660034273254,18.202214670729894,,,,,,,,,,,5.0,5.0,2.0,0.0,37.0,17.0,149.0,149.0,112.0,132.0,-17.175000000000004,-9.733333333333334,-3.3833333333333337,-2.977500000000001,-7.3491666666666635,-5.433333333333337,0.6816666666666649,-9.341666666666669,-163.05916666666644,0.49262583723059805,-0.6610429247055283,,-20.0,20.0,5,2,avg,home_minus_away
MLS-MAT-0006G5,Ventura County,Timbers2,William Rolland Stadium,536,525,87.8731343283582,85.9047619047619,9,9,1,2,0,0,21,13,10,5,,,3.8992,1.2725,2,2,471,451,0,0,7,9,5,10,663,668,ASA,1.968372423596307,8,5,,2.6267,11,0,-1,0,2025-08-09,MLS-STA-00004W,50.0,93.20833333333334,73.875,109.16666666666669,30.125,79.91666666666667,20.751777868949503,12.303807563334033,56.4,115.4,31.55833333333333,56.24166666666666,44.708333333333336,64.58333333333333,20.20833333333333,49.083333333333336,10.378329452384051,6.202136168736988,42.6,87.2,11.163333333333332,29.323333333333334,19.65833333333333,37.05,4.379166666666666,23.854166666666668,6.726936808046026,5.868526723358918,16.48,40.160000000000004,13.0725,34.204166666666666,22.2,42.32083333333333,5.120833333333334,29.21666666666667,7.478147330723032,6.083188497134266,19.080000000000002,46.879999999999995,8.071666666666667,11.243333333333334,9.966666666666669,12.720833333333331,5.025,9.929166666666667,1.842650095650284,1.226393764933051,16.58,21.7,53.983333333333334,98.19166666666666,72.375,104.70833333333331,30.75,89.45833333333333,15.641008465995196,6.599768514459,91.4,165.2,21.928333333333335,23.1425,26.40833333333333,24.77083333333333,18.291666666666668,21.6875,3.774831443992639,1.1340125109539125,27.580000000000002,27.22,62.041666666666664,66.91666666666666,81.79166666666667,72.04166666666667,54.25,62.75,11.226827987756236,3.4496628257137174,84.8,84.6,1275.83,1509.99,1525.475,1532.7875,1039.2083333333333,1484.5833333333333,212.31216419281333,17.565786713017495,1493.0,1686.78,21.691467662167575,23.296668696658507,26.227869558080844,24.99586240108057,17.743055555555554,21.79289351851852,3.859205462236685,1.1844584749736051,27.066052540813775,27.31422064724049,16.586711073540705,18.621906766777794,19.401005404680657,19.50242796978513,13.216651005341708,18.012668504625356,2.7244455447408824,0.559295893991414,18.336078763730264,20.154556458423777,,,,,,,,,,,5.0,5.0,2.0,0.0,31.0,25.0,272.0,272.0,241.0,247.0,43.20833333333334,24.68333333333333,18.160000000000004,21.131666666666668,3.171666666666667,44.20833333333333,1.2141666666666637,4.874999999999993,234.16000000000008,1.605201034490932,2.035195693237089,,-6.0,6.0,5,2,avg,home_minus_away
MLS-MAT-0006G9,Huntsville,Carolina Core FC,Wicks Family Field,678,464,91.44542772861357,85.34482758620689,11,7,4,1,0,0,13,13,8,7,,,2.4365,2.3014,3,2,620,396,0,0,7,10,7,8,807,593,ASA,6.100600142406677,0,1,,0.1351,214,4,3,0,2025-08-10,MLS-STA-000013,54.22916666666667,52.05,55.5,55.5,52.958333333333336,46.583333333333336,1.7972297355158091,3.550161381308369,57.5,57.2,39.583333333333336,37.55,41.833333333333336,44.208333333333336,37.333333333333336,28.625,3.181980515339464,6.033716032982217,52.5,51.4,12.004166666666666,10.308333333333334,13.0,13.0,11.008333333333333,8.466666666666667,1.4083210058632074,1.825618236226962,18.7,17.740000000000002,12.195833333333333,10.456666666666667,13.241666666666667,13.241666666666667,11.15,8.554166666666667,1.4790316839818625,1.8819883656211405,19.05,17.919999999999998,3.5437499999999993,4.5275,3.6291666666666655,6.770833333333333,3.458333333333333,3.458333333333333,0.12079740845270127,1.3474789990117761,7.95,11.8,82.89583333333334,77.525,85.875,85.875,79.91666666666667,66.0,4.213177904569838,7.61449640853258,112.5,109.0,25.543750000000003,24.785000000000004,25.55,26.09166666666667,25.5375,22.3625,0.008838834764832599,1.4906962625639826,29.75,28.98,72.64583333333334,76.94166666666668,76.0,82.29166666666667,69.29166666666667,69.29166666666667,4.743507990459748,4.870599866089953,91.0,93.6,1820.7333333333333,1870.4308333333333,1909.3375,1971.325,1732.1291666666666,1732.1291666666666,125.30521418276622,111.20345853091139,2026.3000000000002,2099.82,26.418245307165293,25.721297296518458,26.61752545960205,27.590225004681862,26.218965154728533,22.72905092592593,0.28182469428784,1.8419106550803965,31.002116530853286,30.393456216316004,21.67198147242719,21.560494022005088,22.165363508748523,22.81664860108209,21.178599436105863,19.71464356437877,0.6977475671968817,1.186516232998606,22.567066980841048,22.941722039468267,,,,,,,,,,,2.0,5.0,2.0,0.0,,190.0,197.0,197.0,,7.0,-2.1791666666666742,-2.0333333333333385,-1.6958333333333329,-1.7391666666666659,0.9837500000000006,-5.370833333333337,-0.7587499999999991,4.295833333333334,49.69749999999999,-0.6969480106468353,-0.1114874504221035,,,,5,2,avg,home_minus_away
MLS-MAT-0006GA,St Louis CITY2,Colorado Rapids 2,Energizer Park,518,275,83.97683397683397,70.9090909090909,15,15,3,4,0,0,18,11,3,4,,,,,2,2,435,195,0,0,15,15,4,3,671,420,,13.067743067743066,7,-1,,,243,0,-1,0,2025-08-10,MLS-STA-00000U,57.3,80.0,78.0,92.16666666666669,39.583333333333336,69.75,16.3675873807555,10.055358922264071,95.8,137.8,46.158333333333324,55.516666666666666,55.16666666666666,61.875,40.083333333333336,50.833333333333336,6.821534529219454,4.663559233270467,72.4,92.0,6.4591666666666665,10.909166666666668,11.320833333333333,14.616666666666667,4.4125000000000005,6.5875,2.8465735372158885,2.9733734465717188,10.32,16.52,7.258333333333335,11.260833333333334,11.891666666666666,14.916666666666666,5.066666666666667,6.791666666666667,2.724552396979894,3.014567639903864,11.559999999999999,17.119999999999997,9.141666666666666,9.971666666666668,12.1375,13.716666666666669,6.958333333333333,6.958333333333333,2.0593894894954783,2.788725751924066,22.2,21.36,97.73333333333332,112.20833333333333,114.70833333333331,118.0,78.70833333333333,99.58333333333331,15.930066349167824,7.261544926682084,143.4,171.8,27.129166666666663,26.924166666666668,28.758333333333336,28.758333333333336,25.4375,23.775,1.641508029560354,2.0885069095196,34.6,31.580000000000002,41.58333333333333,69.8,65.33333333333333,83.20833333333333,24.916666666666668,61.75,20.12484903325019,8.370925625839313,66.4,88.4,1063.2183333333332,1821.5383333333332,1841.25,1947.9125,574.2583333333333,1732.0708333333332,661.5494324707946,80.64760984653135,1406.6399999999999,2004.5,26.835620648671075,28.42116376091575,30.86701059865125,30.86701059865125,23.6727660518444,24.780067307246025,3.542527662888362,2.5014004205035874,33.85191934189922,34.13016501351073,17.274161120194016,22.460626199648395,23.53594005910223,23.53594005910223,12.812897763021205,21.494439838136955,5.448540749329254,0.8109940592591022,19.431912754409346,24.261745565340043,,,,,,,,,,,5.0,5.0,2.0,0.0,1597.0,152.0,142.0,142.0,-1455.0,-10.0,22.700000000000003,9.358333333333341,4.450000000000001,4.0024999999999995,0.8300000000000018,14.475000000000009,-0.20499999999999474,28.21666666666667,758.3199999999999,1.5855431122446753,5.186465079454379,,-1445.0,1445.0,5,2,avg,home_minus_away
MLS-MAT-0006G0,New England Revolution II,Columbus Crew 2,Gillette Stadium,450,454,86.0,85.90308370044053,12,12,2,0,0,0,17,4,5,3,,,3.316,0.7148,2,2,387,390,0,0,10,11,3,5,573,577,ASA,0.09691629955946723,13,2,,2.6012,-4,0,2,0,2025-08-10,MLS-STA-00000N,61.18333333333332,77.1,70.875,127.54166666666669,46.0,46.0,10.183924900984337,31.453056952650364,101.4,98.6,45.68333333333333,44.58333333333333,51.458333333333336,50.958333333333336,39.375,39.375,4.698330081588089,4.323305705385898,73.2,63.8,8.540000000000001,17.44166666666667,13.8125,33.32083333333333,5.95,5.95,3.199565400175467,11.385814075101427,15.38,31.660000000000004,8.875833333333333,18.34166666666667,14.025,34.62916666666667,6.483333333333333,6.483333333333333,3.088689604382775,11.701191846346253,15.86,32.760000000000005,10.340833333333332,13.858333333333334,12.2375,17.462500000000002,7.554166666666667,10.129166666666666,1.9508576283550552,2.792907062741458,21.76,25.78,92.125,74.275,100.79166666666669,81.29166666666667,80.875,64.70833333333333,10.15897933412166,7.448235715777114,146.0,121.8,22.43333333333333,21.294166666666666,23.816666666666663,21.629166666666663,21.04583333333333,20.75,1.3743874898376445,0.33258509771518835,28.02,26.839999999999996,67.63333333333333,65.90833333333333,74.20833333333333,76.54166666666667,58.5,57.29166666666666,6.841801155803607,7.330101086918549,90.4,92.0,1457.8958333333333,1328.8625,1721.8541666666667,1630.1875,1140.8583333333331,1125.425,264.9314451419461,193.54722132771772,1692.7400000000002,1569.24,22.578462594062067,21.16346074660017,24.52370259018001,21.846226851851853,20.69321680357797,20.68875,1.7941593511664728,0.4517128726779709,28.387129304012063,26.41980582428934,17.943792844324655,16.58585886320747,20.22760048268113,18.56233938080448,15.277957640954533,15.283104739312968,2.255640125849862,1.2243496401389715,19.96988514094988,18.08058989466312,,,,,,,,,,,5.0,5.0,2.0,0.0,231.0,79.0,91.0,91.0,-140.0,12.0,15.916666666666671,-1.1000000000000014,8.901666666666669,9.465833333333336,3.517500000000002,-17.849999999999994,-1.1391666666666644,-1.7249999999999943,-129.0333333333333,-1.4150018474618982,-1.3579339811171849,,-152.0,152.0,5,2,avg,home_minus_away
MLS-MAT-0006G8,Tacoma Defiance,LAFC 2,Starfire Sports Complex,456,531,81.14035087719299,82.86252354048965,10,13,3,1,0,1,15,7,9,2,,,4.0887,0.9167,4,1,370,440,0,0,13,10,2,9,594,657,ASA,-1.7221726632966607,8,7,,3.172,-75,-3,2,-1,2025-08-10,MLS-STA-00001D,82.6,39.975,112.91666666666669,47.5,38.208333333333336,24.5,40.28540325326008,9.308588850566386,90.0,43.8,54.19166666666668,28.316666666666663,69.5,38.25,35.708333333333336,19.166666666666668,16.307020684696237,9.09272259373762,71.6,41.8,26.7,7.3583333333333325,43.3375,9.604166666666666,7.158333333333334,5.2875000000000005,17.354315225454574,2.049432509528213,33.82,12.78,27.5375,8.271666666666667,44.39166666666667,10.058333333333334,7.879166666666666,6.020833333333333,17.529718070322755,1.8830968693735444,34.67999999999999,14.1,42.105,12.429166666666665,61.47083333333333,20.95,18.883333333333333,6.416666666666667,19.901158842235514,6.953050639427592,72.0,31.340000000000003,58.533333333333324,48.11666666666667,69.33333333333333,53.833333333333336,46.208333333333336,33.625,10.051965672886514,8.482385752579024,132.6,75.8,23.65833333333333,18.514166666666664,28.629166666666663,20.216666666666665,18.225,16.804166666666667,4.513984828040272,1.4689157707869642,30.880000000000003,22.96,53.55833333333334,71.24166666666666,68.83333333333333,88.70833333333333,33.458333333333336,62.333333333333336,15.373577169936734,10.266982882035013,77.8,91.0,1129.6358333333333,1267.0041666666668,1300.2208333333333,1519.4708333333335,881.6999999999999,1148.1125,170.77025889964798,153.0462099731738,1392.6200000000001,1451.94,23.068378862176736,18.281337962962965,27.49569549462808,20.048773148148147,17.86773148148148,16.401643518518522,4.170403059715925,1.4503115939749118,29.66025081772891,22.638,16.511970319730853,14.845528478591515,17.989840983309517,15.902576340178973,14.13691574183622,13.334329532953111,1.5902298333987357,1.0646651820130444,18.72109729910788,16.48104151308404,,,,,,,,,,,5.0,5.0,2.0,0.0,87.0,42.0,45.0,45.0,-42.0,3.0,-42.62499999999999,-25.875000000000014,-19.34166666666667,-19.265833333333333,-29.67583333333333,-10.416666666666657,-5.144166666666667,17.683333333333323,137.36833333333357,-4.787040899213771,-1.6664418411393385,,-45.0,45.0,5,2,avg,home_minus_away
MLS-MAT-0006GD,RBNY II,Philadelphia Union II,MSU Soccer Park,396,375,83.58585858585859,78.13333333333334,21,24,5,4,0,0,11,13,5,1,,,2.9676,0.8636,2,0,331,293,0,0,23,19,2,5,593,541,ASA,5.452525252525248,-2,4,,2.104,21,-3,1,0,2025-08-11,MLS-STA-000014,79.85,77.71666666666667,107.125,100.625,51.91666666666666,55.25,24.555397262561694,22.454340244891046,107.4,107.2,51.2,53.99166666666666,74.41666666666667,81.29166666666667,38.29166666666666,42.16666666666666,14.021232658998919,15.783512626577563,74.8,78.4,18.357499999999998,16.7725,36.69166666666667,28.03333333333333,9.416666666666666,9.166666666666666,10.768394469206841,7.110941661935108,27.560000000000002,25.860000000000003,19.319166666666668,17.573333333333334,37.65833333333333,28.925,11.25,10.354166666666666,10.655916865108845,7.033979161699459,28.839999999999996,26.779999999999994,18.891666666666666,26.998333333333335,28.379166666666663,35.59583333333333,13.758333333333333,23.041666666666668,6.0569569447500236,5.423372931887806,34.660000000000004,47.459999999999994,76.53333333333333,75.10833333333333,113.54166666666669,118.625,65.625,59.458333333333336,20.739086822283724,24.6157025595452,136.8,140.4,22.613333333333333,22.505,23.604166666666668,24.03333333333333,21.8,21.3,0.7389486713492959,0.9898767108977653,27.52,27.660000000000004,69.0,68.075,77.875,77.625,65.41666666666667,63.833333333333336,5.145875505900062,5.534409408419293,92.4,94.0,1502.7408333333333,1465.6725000000001,1784.7,1734.575,1336.0041666666666,1348.75,172.13160777177805,156.73967856546585,1707.1799999999998,1702.0,22.72724979567402,22.56139527944358,23.724730224985095,24.079369636958816,21.71374183365658,21.23173611111111,0.8650624718052424,1.051948233030217,27.537445182052465,27.53515040624537,18.334257663664758,18.06213822596839,20.13157883782338,19.661392157414973,16.95570667307541,16.761005442067713,1.2198367921879234,1.1370246772627144,20.034685976456455,19.54462734802886,,,,,,,,,,,5.0,5.0,2.0,0.0,10.0,4.0,5.0,5.0,-5.0,1.0,-2.1333333333333258,2.791666666666657,-1.5849999999999973,-1.7458333333333336,8.10666666666667,-1.4249999999999972,-0.10833333333333428,-0.9249999999999972,-37.06833333333316,-0.16585451623043923,-0.27211943769636804,,-6.0,6.0,5,2,avg,home_minus_away
MLS-MAT-0006GC,FC Cincinnati 2,Crown Legacy FC,NKU Soccer Stadium,369,409,79.94579945799458,80.44009779951101,15,9,2,1,0,0,22,9,8,4,,,2.7444,0.9328,4,3,295,329,0,0,9,15,4,8,487,536,ASA,-0.4942983415164264,13,4,,1.8116000000000003,-40,6,1,0,2025-08-11,MLS-STA-000016,63.23333333333333,77.275,78.16666666666667,90.04166666666667,42.16666666666666,68.75,14.774126924759011,8.07036115466134,89.8,124.6,44.166666666666664,54.69166666666666,55.66666666666666,62.708333333333336,31.041666666666668,51.458333333333336,10.29099188071241,4.805107959245038,60.6,80.8,13.923333333333336,14.194166666666666,24.2375,18.3375,9.8125,9.8125,6.012261487530665,3.865335843177868,21.34,23.64,14.2225,14.415000000000001,24.745833333333334,18.625,9.966666666666669,9.966666666666669,6.143176403086961,3.897949068990569,21.86,23.98,7.104166666666667,13.003333333333334,9.441666666666666,20.820833333333333,5.3,9.0625,1.9802409365192568,5.343917232600902,13.4,34.08,86.375,100.65,108.75,108.75,71.08333333333333,86.54166666666667,18.985283042984175,8.579317426229201,125.8,157.8,23.12666666666667,25.935000000000002,26.425,27.025,19.67083333333333,24.383333333333336,2.976643162001266,1.032907338266332,27.139999999999997,31.02,77.04166666666666,71.475,92.33333333333331,80.75,65.04166666666667,65.125,11.593296075270775,6.5884473807482795,90.8,92.4,1725.1641666666667,1791.05,1804.7916666666667,1918.6083333333331,1658.3333333333333,1699.7166666666665,71.01223385895484,100.20033647925314,1927.42,2007.28,23.663220158015708,26.99259166482695,27.20175585164576,28.056614119123555,20.104398148148142,25.53641751179864,3.1816001594897254,0.9784392686138499,27.82720916705558,32.848084537067585,19.925598913305194,21.758953416647387,21.247568700224434,21.996289727247213,18.7059314141033,21.618689754552666,1.1941088313133859,0.14917788198671586,22.032217215292835,23.678140988302367,,,,,,,,,,,5.0,5.0,2.0,0.0,239.0,160.0,266.0,266.0,27.0,106.0,14.041666666666679,10.524999999999999,0.2708333333333304,0.19250000000000078,5.899166666666667,14.275000000000006,2.8083333333333336,-5.566666666666663,65.88583333333327,3.329371506811242,1.8333545033421927,,-79.0,79.0,5,2,avg,home_minus_away
MLS-MAT-0006GE,Inter Miami CF II,Huntsville,Chase Stadium,524,517,89.12213740458016,88.20116054158608,12,6,1,1,0,1,25,6,6,4,,,2.1115,0.6765,2,2,467,456,0,0,6,11,4,6,669,662,ASA,0.9209768629940811,19,2,,1.435,7,6,0,-1,2025-08-14,MLS-STA-000008,45.75,39.91666666666667,57.125,46.0,31.75,31.75,10.657670359886348,6.033831125873144,50.2,43.8,30.308333333333337,25.225,37.333333333333336,26.95833333333333,22.166666666666668,22.166666666666668,6.42299471517073,2.1012975488704315,37.6,36.4,8.566666666666666,7.289166666666667,11.341666666666669,8.112499999999999,6.108333333333333,6.108333333333333,2.4530593144072164,0.8745961369556678,14.280000000000001,12.22,9.692499999999999,9.773333333333333,11.9625,10.804166666666667,7.3,8.304166666666665,1.9320698996729446,1.0546425144727174,15.34,15.12,5.686666666666666,9.763333333333332,11.445833333333333,12.416666666666666,3.2291666666666665,6.620833333333334,3.502085688081699,2.3256111054707507,12.780000000000001,21.96,63.383333333333326,49.61666666666666,79.91666666666667,59.0,42.708333333333336,42.708333333333336,16.013758190658706,6.045501656420066,83.2,67.2,26.85,27.983333333333338,28.620833333333334,28.620833333333334,25.55,26.96666666666667,1.6182927818469017,0.7809971813151572,30.380000000000003,30.54,73.7,79.46666666666667,78.25,83.75,68.375,76.58333333333333,4.530318390822238,2.9152377452124054,89.0,90.0,1959.1891666666666,2209.974166666667,2223.920833333333,2252.7458333333334,1723.8958333333333,2183.4666666666667,238.7535246358505,28.40430134802547,2136.2599999999998,2359.1400000000003,29.138982022296716,31.491299562435323,32.890870039745685,32.890870039745685,26.218965154728533,29.61917814844736,3.428010144401304,1.656772901357322,33.81367985779999,36.10365542183602,23.111612745230737,25.064884227345544,25.490093645375755,25.490093645375755,21.178599436105863,24.653791858810862,2.124546148381294,0.3588247721389333,24.22065127536857,26.077229726346246,,,,,,,,,,,5.0,5.0,2.0,0.0,190.0,6.0,4.0,4.0,-186.0,-2.0,-5.833333333333329,-5.083333333333336,-1.2774999999999999,0.08083333333333442,4.076666666666666,-13.766666666666666,1.1333333333333364,5.766666666666666,250.7850000000003,2.352317540138607,1.9532714821148076,,-184.0,184.0,5,2,avg,home_minus_away
MLS-MAT-0006GF,New England Revolution II,RBNY II,Gillette Stadium,381,480,85.8267716535433,86.875,10,11,1,1,0,0,20,12,8,5,,,2.6534,1.725,4,2,327,417,0,0,10,10,5,8,547,649,ASA,-1.0482283464566962,8,3,,0.9283999999999999,-99,-1,0,0,2025-08-15,MLS-STA-00000N,87.49166666666667,83.21666666666667,102.41666666666669,108.54166666666669,70.16666666666667,70.16666666666667,15.800937252440294,17.6911534310859,158.0,146.0,62.05,57.141666666666666,81.29166666666667,69.0,47.333333333333336,47.333333333333336,14.135732156882115,10.0379315321656,117.4,100.4,14.59,11.226666666666667,17.754166666666666,12.7,10.8875,9.5625,2.976729189339647,1.3053395950224338,20.4,19.28,15.005833333333333,11.675833333333333,18.05,12.995833333333332,11.5375,10.129166666666666,2.79145925846441,1.26054372637807,20.639999999999997,19.619999999999997,18.880000000000003,8.790000000000001,29.183333333333334,11.504166666666668,7.141666666666667,7.141666666666667,9.205682782179228,1.6474743928207207,33.4,17.48,106.13333333333333,114.10833333333332,118.625,135.79166666666666,94.83333333333331,94.83333333333331,9.277520996113859,18.80280988900921,196.8,179.8,24.9725,25.603333333333335,25.541666666666668,26.866666666666664,24.03333333333333,23.995833333333334,0.6061719594673188,1.0865672884005948,31.1,32.339999999999996,70.825,66.675,80.79166666666667,80.25,61.41666666666666,54.125,8.336895072174327,11.175579465463473,94.2,87.4,1703.7716666666668,1632.415,2027.7791666666665,2030.3708333333332,1426.4333333333334,1369.525,265.2717420662985,301.5167867712527,1917.42,1875.64,25.70643981551772,26.127117601295755,26.99788709706381,27.26784027614316,24.079369636958816,24.03167945180964,1.1975025247532884,1.2317795778847307,32.34375123248539,32.76327643001874,20.73545018713818,20.611695106845577,22.833199299523727,22.96255017755576,18.69647577102104,18.542893656226298,1.7444481752621832,1.7705636740139068,22.81336751801164,22.623277136765044,,,,,,,,,,,5.0,5.0,2.0,0.0,4.0,79.0,91.0,91.0,87.0,12.0,-4.275000000000006,-4.908333333333331,-3.3633333333333333,-3.33,-10.090000000000002,7.974999999999994,0.6308333333333351,-4.150000000000006,-71.3566666666668,0.42067778577803594,-0.12375508029260374,,75.0,-75.0,5,2,avg,home_minus_away
MLS-MAT-0006GG,TFC II,FC Cincinnati 2,York Lions Stadium,509,451,83.49705304518665,85.14412416851441,7,15,1,3,0,0,9,15,2,3,,,1.127,1.1918,0,0,425,384,0,0,14,7,4,4,647,590,ASA,-1.6470711233277626,-6,-1,,-0.06479999999999997,58,-8,-2,0,2025-08-15,MLS-STA-00001H,75.96666666666667,96.85,86.66666666666667,120.0,63.208333333333336,67.20833333333333,10.405051857951825,20.883036543514887,123.2,159.6,51.92499999999999,62.99166666666666,58.833333333333336,78.875,44.41666666666666,44.41666666666666,6.372167126566041,13.959123111985067,80.4,111.6,14.686666666666667,17.95333333333333,18.429166666666667,19.58333333333333,10.404166666666669,16.520833333333332,3.0351762945319805,1.358730770077557,21.82,25.919999999999998,14.997500000000002,18.114166666666666,18.4875,19.691666666666663,10.841666666666669,16.587500000000002,2.8995369002844416,1.3490628177038695,22.2,26.1,11.966666666666665,15.65,15.633333333333333,20.004166666666663,9.441666666666666,10.2625,2.3953713322665537,3.502169466519605,28.52,28.76,99.81666666666668,119.24166666666667,113.0,144.20833333333334,82.54166666666667,82.54166666666667,15.410544955754593,23.67611680458695,153.4,187.6,25.746666666666663,25.413333333333334,27.17083333333333,26.27083333333333,22.691666666666663,23.229166666666668,1.9992346625924424,1.3156654948901105,29.939999999999998,27.76,70.06666666666668,72.99166666666666,74.75,77.0,65.125,69.25,3.8804397302367724,3.714227525490473,89.4,84.8,1763.3391666666666,1845.4816666666666,1933.0791666666669,2014.1958333333328,1573.7916666666667,1661.6875,135.94575008809184,133.08851803848637,2053.7200000000003,1981.58,26.795079337757983,26.404776091311923,29.0915602157044,27.90907315131133,22.85395833333333,23.485462962962966,2.621937900627557,1.8001618632059464,31.80135585862004,29.694492996748465,21.461728747800898,21.70650531092864,23.18052068135235,23.08659609989708,18.74713411437747,19.5139212552998,1.6727562337534363,1.3165396986017894,23.412959909002826,22.983317509061386,,,,,,,,,,,5.0,5.0,2.0,0.0,160.0,87.0,165.0,165.0,5.0,78.0,20.883333333333326,11.06666666666667,3.266666666666662,3.1166666666666636,3.6833333333333353,19.424999999999997,-0.3333333333333286,2.924999999999983,82.14249999999993,-0.3903032464460594,0.24477656312774343,,-73.0,73.0,5,2,avg,home_minus_away
MLS-MAT-0006GH,Chicago Fire FC II,Philadelphia Union II,SeatGeek Stadium,484,302,84.50413223140495,76.15894039735099,14,15,1,4,0,0,10,21,6,7,,,1.7424,2.2433,2,0,409,230,0,0,13,14,8,6,665,481,ASA,8.345191834053963,-11,-1,,-0.5009000000000001,182,-1,-3,0,2025-08-15,MLS-STA-00001B,68.25833333333334,68.25833333333333,81.41666666666667,78.25,54.375,57.833333333333336,10.112020143813448,9.625604237887844,107.6,103.8,49.71666666666666,49.541666666666664,59.79166666666666,56.708333333333336,44.625,43.16666666666666,6.055186023383403,5.840694759853301,83.6,78.0,13.830000000000002,11.52,16.758333333333333,13.3375,9.870833333333334,9.925,2.5568423315357816,1.378538376526224,19.72,17.2,14.353333333333333,11.855833333333333,17.433333333333334,13.416666666666666,10.370833333333334,10.079166666666667,2.6588057965727567,1.3144119671718006,20.240000000000002,17.68,17.653333333333332,12.485000000000001,20.85,14.225,12.975,10.5875,3.3691376554938612,1.6048202131910807,31.619999999999997,25.02,81.58333333333333,103.575,93.125,121.79166666666669,72.25,76.20833333333333,7.750840008239971,18.703029129291107,159.4,152.6,23.98333333333333,24.46333333333333,25.64583333333333,26.4625,22.95,22.291666666666668,1.0301909545214292,1.7559309219834858,29.0,26.96,73.3,78.96666666666667,77.95833333333333,86.79166666666667,68.375,72.91666666666667,4.38752176316223,5.5610094757057285,97.6,90.6,1696.395,1916.6349999999998,1933.3083333333332,2104.133333333333,1501.4291666666668,1696.5666666666666,187.66640646721885,145.88443921783696,1972.0,2078.42,24.52244960503119,25.405348399822024,27.156213086196857,27.93053226335889,23.253175359624265,22.580416666666668,1.5771971703758196,2.257044717586473,29.624121701225796,28.598274485997813,20.181969246903716,21.619894889893352,22.40044484669562,22.672054992057355,18.78316736839573,19.25603205351278,1.5208645548942974,1.5044469935017184,21.537852217496113,22.72460807954848,,,,,,,,,,,5.0,5.0,2.0,0.0,10.0,265.0,189.0,189.0,179.0,-76.0,-1.4210854715202004e-14,-0.17499999999999716,-2.3100000000000023,-2.4975000000000005,-5.168333333333331,21.991666666666674,0.4800000000000004,5.666666666666671,220.23999999999978,0.8828987947908331,1.4379256429896365,,255.0,-255.0,5,2,avg,home_minus_away
MLS-MAT-0006GL,San Jose Earthquakes II,Ventura County,St. Mary’s College,376,567,81.64893617021276,87.1252204585538,17,6,3,3,0,0,15,7,9,3,,,,,4,1,307,494,0,0,6,16,3,9,517,709,,-5.476284288341034,8,6,,,-191,11,0,0,2025-08-15,MLS-STA-000024,60.725,43.783333333333324,80.08333333333333,54.0,39.16666666666666,30.95833333333333,18.658145376453923,9.533857794431619,67.4,48.2,39.975,25.55,54.208333333333336,31.416666666666668,24.166666666666668,20.25,14.131224046612365,4.433869798369015,52.8,31.6,16.181666666666665,7.7,28.3125,10.3,7.025,5.358333333333333,9.061484904835163,1.9954092277302702,23.58,10.8,20.429166666666667,9.2025,35.983333333333334,12.183333333333332,7.445833333333333,6.208333333333333,12.256404929895046,2.3215749114436184,29.4,13.040000000000001,9.155,6.321666666666667,12.625,9.0125,6.416666666666667,5.175,2.3737778288111877,1.5654788271750377,17.68,11.379999999999999,71.05,48.75833333333334,99.875,61.708333333333336,38.16666666666666,30.83333333333333,29.41451833515023,13.737096217905737,112.0,66.0,20.7625,17.863333333333333,23.204166666666666,19.629166666666663,17.404166666666665,16.974999999999998,2.7321818585762805,1.0750258394827317,25.52,24.080000000000002,73.56666666666668,75.90833333333333,79.04166666666667,79.91666666666667,68.16666666666667,68.91666666666667,4.629371057593982,4.361526873317033,88.0,94.6,1481.9916666666666,1293.7308333333333,1636.2458333333334,1357.7958333333331,1326.825,1219.9041666666667,137.20503700236173,56.85326558159755,1588.08,1378.8600000000001,20.835988336831814,17.686639478289095,23.443270191461668,19.44396128033436,17.26400462962963,16.77233796296296,2.9143306267304383,1.090837857480722,25.748470603521774,23.84721211295291,17.296002238732196,14.787437335125944,19.021896392525523,15.448546207245856,14.781155925097217,14.039231607854646,2.0809561445443476,0.6159407062995597,19.352785998571097,17.313773341229968,,,,,,,,,,,5.0,5.0,2.0,0.0,25.0,17.0,149.0,149.0,124.0,132.0,-16.941666666666677,-14.425,-8.481666666666666,-11.226666666666667,-2.833333333333332,-22.291666666666657,-2.899166666666666,2.3416666666666544,-188.26083333333327,-3.1493488585427194,-2.5085649036062527,,-8.0,8.0,5,2,avg,home_minus_away
MLS-MAT-0006GJ,MNUFC2,Tacoma Defiance,National Sports Center Stadium,217,253,75.57603686635944,84.58498023715416,7,12,4,3,0,0,16,8,4,2,,,1.5122,1.4523,1,1,164,214,0,0,12,7,2,5,321,374,ASA,-9.00894337079471,8,2,,0.059900000000000064,-36,-5,1,0,2025-08-15,MLS-STA-000015,55.291666666666664,54.825,60.79166666666666,74.79166666666667,52.5,33.541666666666664,3.2490650364545006,14.71802088899486,58.8,67.2,40.46666666666667,36.85,42.583333333333336,45.04166666666666,34.416666666666664,30.416666666666668,3.415446936753343,6.054196776708788,53.4,52.4,12.382500000000002,13.279166666666669,15.816666666666668,25.195833333333336,10.55,5.7375,2.082721576847628,7.377370146453124,18.14,23.56,12.610833333333332,13.553333333333333,15.916666666666666,25.704166666666666,10.645833333333334,6.158333333333334,2.1101700662110936,7.449351784812481,18.380000000000003,23.94,15.630833333333333,11.1925,18.675,15.166666666666666,11.3875,7.970833333333334,2.860166443291953,2.717857292774749,37.06,24.880000000000003,65.2,66.18333333333334,67.08333333333333,71.41666666666667,63.0,60.958333333333336,1.5358561673108142,4.322763551505246,110.2,103.8,23.1375,23.02833333333333,25.53333333333333,24.58333333333333,21.67083333333333,21.995833333333334,1.5379741816211785,0.9724209122368538,28.860000000000003,26.98,66.54166666666666,69.29166666666667,72.25,77.79166666666667,60.125,64.29166666666667,4.380750189433566,5.492498040256566,89.8,88.6,1468.645,1567.6216666666667,1603.95,1878.4583333333333,1381.2875,1364.7291666666667,86.56586678169803,193.81919130571862,1694.78,1797.9599999999998,23.23689754701445,23.241478935730537,25.56840411099381,25.30327520931806,21.610277777777775,21.92969907407408,1.5554273709716553,1.2556916368469577,28.95154684643824,27.41253146905916,18.424911129926258,18.874235866006217,19.456583589810936,21.483518788568308,17.096078006421035,17.169326224969954,0.9302751653279601,1.5938556564286748,20.553978799175518,20.37652131039639,,,,,,,,,,,5.0,5.0,2.0,0.0,42.0,257.0,275.0,275.0,233.0,18.0,-0.46666666666666146,-3.616666666666667,0.8966666666666665,0.9425000000000008,-4.438333333333333,0.9833333333333343,-0.10916666666667041,2.750000000000014,98.97666666666669,0.0045813887160868205,0.4493247360799586,,215.0,-215.0,5,2,avg,home_minus_away
MLS-MAT-0006GI,Colorado Rapids 2,Austin FC II,University of Denver Soccer Stadium,304,474,88.15789473684211,89.66244725738396,15,8,2,3,0,0,16,12,11,3,,,,,4,1,268,425,0,0,8,15,3,11,439,595,,-1.50455252054185,4,8,,,-170,7,-1,0,2025-08-15,MLS-STA-00001G,58.958333333333336,61.658333333333324,62.083333333333336,67.625,54.333333333333336,54.333333333333336,3.723284467002517,5.227415045273863,90.4,91.2,46.975,48.59166666666666,50.708333333333336,51.91666666666666,43.083333333333336,43.5,3.4915075540516876,3.3914721483941643,68.8,69.0,8.59,11.124166666666667,12.645833333333334,12.645833333333334,6.254166666666666,8.237499999999999,2.396104332499364,1.7352613475913208,13.540000000000001,16.98,9.302499999999998,12.438333333333333,13.595833333333331,14.9125,6.675,9.008333333333333,2.567418382885379,2.2049431524544016,13.98,17.86,7.3025,11.893333333333334,13.883333333333333,14.841666666666669,3.1875,8.504166666666666,5.012644255336255,2.533577633505633,19.48,33.54,99.38333333333333,94.925,110.125,103.58333333333331,90.875,90.04166666666667,8.417306081322375,5.856605363936415,137.4,137.6,28.242499999999996,21.488333333333333,31.27083333333333,24.97083333333333,24.375,17.95,3.3320745018848377,3.1558579239425724,35.1,28.880000000000003,47.975,50.61666666666667,59.16666666666666,74.95833333333333,33.0,33.0,12.186684445647131,17.335020951498404,73.6,80.2,1305.5625,947.5516666666666,1731.3875,1313.1625,723.0374999999999,726.3375,516.8773200858182,236.85860668867397,1727.2,1269.92,28.849733598051802,20.680522306801343,33.13267435200033,23.62672273834285,23.0370654488784,17.757800925925924,5.09790734711889,2.6372795474979434,35.20945309362968,27.28667489012529,19.80806704858739,14.062111968495492,23.771553990892453,14.8572472988874,14.02156618056153,13.589281191909356,5.275810050759089,0.5067336336525735,21.246572596382197,15.971113470496956,,,,,,,,,,,5.0,5.0,2.0,0.0,164.0,1597.0,1609.0,1609.0,1445.0,12.0,2.6999999999999886,1.61666666666666,2.5341666666666676,3.135833333333334,4.590833333333334,-4.458333333333329,-6.754166666666663,2.6416666666666657,-358.0108333333334,-8.169211291250459,-5.745955080091898,,1433.0,-1433.0,5,2,avg,home_minus_away
MLS-MAT-0006GK,Carolina Core FC,Chattanooga,Truist Point,445,319,87.19101123595506,84.63949843260188,11,14,1,3,0,0,16,11,5,5,,,1.6829,1.4503,0,1,388,270,1,0,13,10,5,6,597,474,ASA,2.5515128033531767,5,0,,0.23260000000000014,126,-3,-2,0,2025-08-16,MLS-STA-00002T,48.71666666666666,,69.20833333333333,,31.75,,15.208544519081663,,66.0,,35.64999999999999,,53.16666666666666,,25.20833333333333,,12.735476477584614,,50.0,,10.0175,,17.979166666666668,,6.3375,,5.2368928645715105,,17.3,,10.690833333333334,,18.10833333333333,,6.895833333333333,,5.112907821278306,,18.419999999999998,,7.860833333333334,,15.379166666666668,,4.595833333333333,,4.565826983325877,,24.98,,66.96666666666667,,85.95833333333333,,54.583333333333336,,14.431032100996793,,108.6,,24.850833333333334,,25.7875,,24.141666666666666,,0.6505032773852027,,29.02,,89.94166666666666,,95.25,,85.125,,4.274906594171257,,98.8,,2216.05,,2322.554166666667,,2082.079166666667,,99.67448051518606,,2362.88,,26.351882488473187,,27.704163718496407,,25.29904277845056,,0.9596858686515498,,33.08015826118181,,23.48092795835362,,23.829955290444047,,22.375209890954626,,0.6223409881369046,,25.242109260305888,,,,,,,,,,,,5.0,0.0,2.0,0.0,206.0,,288.0,288.0,82.0,,,,,,,,,,,,,,,,5,2,avg,home_minus_away
MLS-MAT-0006GM,North Texas SC,St Louis CITY2,Choctaw Stadium,308,369,78.8961038961039,78.31978319783198,23,20,4,4,0,0,11,13,2,6,,,0.6993,2.0469,1,3,243,289,0,0,20,21,7,2,425,483,ASA,0.576320698271914,-2,-4,,-1.3476,-61,3,0,0,2025-08-16,MLS-STA-000010,64.68333333333332,79.40833333333333,76.0,96.625,42.54166666666666,48.91666666666666,13.550593211697008,18.025984331267768,109.6,134.8,45.39999999999999,53.35833333333333,52.41666666666666,69.66666666666667,27.916666666666668,31.20833333333333,10.068713575008255,14.32371891692626,75.2,85.2,9.55,12.452499999999999,17.354166666666668,17.10833333333333,4.766666666666667,5.508333333333333,4.683263826589791,4.60148451287432,16.08,15.6,10.075,12.918333333333333,18.375,17.625,5.445833333333333,6.129166666666666,4.902499893761686,4.543641199217014,16.64,16.14,11.794999999999998,9.926666666666666,18.8,13.695833333333333,6.208333333333333,6.791666666666667,4.931558837674396,2.822473981279544,31.660000000000004,19.48,91.35833333333333,108.0,112.375,128.91666666666666,70.625,74.5,18.301999738947774,20.62706218646864,146.6,161.2,28.65416666666667,29.570833333333333,30.979166666666668,30.9,26.329166666666666,27.979166666666668,2.0894348152603914,1.2957294974475015,33.44,34.08,65.83333333333334,63.53333333333334,78.20833333333333,76.66666666666667,55.958333333333336,53.5,9.796009675146076,9.178562357169259,86.0,83.6,1831.7025,1832.0616666666665,2018.025,2115.583333333333,1695.5791666666669,1595.4166666666667,156.48235530745765,194.8655494331996,2137.32,2144.2200000000003,30.612580344323554,31.854530689669083,33.534972632507085,33.511603083261896,27.942182092843822,30.30976526924782,2.4778760666338018,1.302563464827545,36.14626576082626,37.00742198759782,23.41844527188082,23.91385594360124,24.09352050340692,24.586285278804457,22.46319657770363,23.09623367455689,0.6600770111446078,0.5887770404239963,24.926456466652894,25.160228404419488,,,,,,,,,,,5.0,5.0,2.0,0.0,152.0,219.0,187.0,187.0,35.0,-32.0,14.725000000000009,7.958333333333336,2.902499999999998,2.8433333333333337,-1.8683333333333323,16.641666666666666,0.9166666666666643,-2.3000000000000043,0.35916666666639685,1.2419503453455292,0.4954106717204212,,67.0,-67.0,5,2,avg,home_minus_away
MLS-MAT-0006GN,Sporting KC II,Houston Dynamo 2,Children's Mercy Victory Field,468,411,88.67521367521367,89.29440389294403,14,7,3,0,0,0,8,11,4,3,,,,,1,3,415,367,0,0,4,13,4,4,587,536,,-0.6191902177303632,-3,1,,,57,7,3,0,2025-08-17,MLS-STA-000026,67.725,62.675,80.91666666666667,70.125,53.79166666666666,53.79166666666666,12.828820905809446,6.392432592092346,104.6,83.2,46.94166666666666,45.20833333333333,59.708333333333336,49.5,32.916666666666664,41.958333333333336,10.222549624889739,3.200613005521144,75.6,70.6,11.785833333333333,12.379999999999999,15.9375,18.825,6.820833333333333,6.820833333333333,4.015240713345977,4.549547253115779,17.619999999999997,17.16,13.313333333333333,13.069166666666666,17.349999999999998,20.633333333333333,7.020833333333333,7.020833333333333,4.621811400847076,5.182373303377088,20.1,18.2,13.959166666666667,12.303333333333333,24.354166666666668,17.816666666666666,9.020833333333334,9.445833333333333,6.626603186525256,3.4291355304378266,31.919999999999998,29.54,87.90833333333333,83.70833333333334,96.91666666666669,96.91666666666669,60.04166666666666,74.58333333333333,15.750369263748855,9.73324771651843,148.4,139.6,29.04583333333333,27.181666666666665,29.96666666666667,29.96666666666667,28.40833333333333,25.1125,0.5725946064479951,2.128442065220475,33.8,31.839999999999996,72.325,69.41666666666667,79.875,77.125,62.708333333333336,62.708333333333336,8.291478222314229,6.280481227138927,89.2,88.0,2064.126666666667,1833.8041666666663,2263.1875,1906.1333333333328,1800.1041666666667,1770.8333333333333,220.66879258479963,51.65125795096029,2280.88,2047.48,32.657998844141886,28.926492645959513,33.83879033055597,33.03991101218448,31.182732468031716,26.12972297608984,1.0499202037240705,3.0457013656767478,39.4569788246205,34.707627190051156,24.89245137178937,22.662940112819108,25.944268329982705,24.2655465984608,23.366610486033437,21.770372407555048,1.0529335769825798,1.1024271993089816,26.459101595512,24.307692433881748,,,,,,,,,,,5.0,5.0,2.0,0.0,20.0,276.0,280.0,280.0,260.0,4.0,-5.049999999999997,-1.7333333333333343,0.5941666666666663,-0.24416666666666664,-1.6558333333333337,-4.199999999999989,-1.8641666666666659,-2.9083333333333314,-230.32250000000067,-3.731506198182373,-2.2295112589702626,,256.0,-256.0,5,2,avg,home_minus_away
MLS-MAT-0006GO,Columbus Crew 2,Orlando City B,Historic Crew Stadium,566,457,90.2826855123675,86.65207877461707,13,9,1,1,0,0,14,6,9,4,,,2.165,0.9224,2,1,511,396,0,0,9,13,4,9,679,573,ASA,3.6306067377504263,8,5,,1.2426,109,4,0,0,2025-08-17,MLS-STA-000012,49.975,58.825,74.91666666666667,74.91666666666667,30.125,46.875,19.869662106392813,11.852515262827366,71.0,89.0,39.775,46.708333333333336,57.75,57.75,21.041666666666668,37.5,14.116412089400686,8.123076695439975,56.4,68.4,10.363333333333333,11.111666666666668,16.400000000000002,16.400000000000002,4.233333333333333,6.866666666666667,5.428675310331242,3.6789642262160935,17.7,17.94,11.349166666666665,11.483333333333333,16.816666666666666,16.816666666666666,5.316666666666666,7.212499999999999,5.467207639645672,3.689175702119799,18.7,18.5,12.785,14.19083333333333,23.89583333333333,23.89583333333333,6.904166666666666,9.033333333333331,6.626144817228858,6.612088046399058,35.04,36.62,73.99166666666666,87.19166666666666,94.375,94.375,49.083333333333336,81.875,18.33992305812044,4.729910000318309,117.8,136.0,27.469166666666666,25.942500000000003,28.59583333333333,27.28333333333333,25.2875,25.004166666666663,1.3088726330107308,0.9906656362152569,31.880000000000003,30.18,78.65833333333333,74.53333333333333,83.125,81.20833333333333,72.0,69.95833333333333,5.059489845824386,4.247589185513225,93.4,93.4,2131.0533333333333,1891.3266666666666,2317.304166666667,2044.7416666666668,1843.6375,1821.7416666666668,229.1497987049689,94.84278185026642,2323.2200000000003,2104.4,30.447863800053007,27.245880476586883,32.94615287416848,29.09550889956523,26.5026360839904,25.833878557766507,2.6397648490274537,1.3367036598089308,37.4854569689699,32.27736985440672,24.38661914252437,22.297006442142212,25.910555614736374,23.1815122228889,21.69163905977812,21.441619954860705,1.8659212661981475,0.7386447694837909,26.00466316724827,23.666649042792013,,,,,,,,,,,5.0,5.0,2.0,0.0,39.0,231.0,227.0,227.0,188.0,-4.0,8.850000000000001,6.933333333333337,0.7483333333333348,0.1341666666666672,1.4058333333333302,13.200000000000003,-1.5266666666666637,-4.125,-239.7266666666667,-3.2019833234661235,-2.0896127003821583,,192.0,-192.0,5,2,avg,home_minus_away
MLS-MAT-0006GP,Huntsville,NYCFC II,Wicks Family Field,466,466,88.19742489270386,87.12446351931331,11,15,3,1,0,0,26,5,7,1,,,2.8608,0.6632,2,1,411,406,0,0,14,11,1,8,608,605,ASA,1.0729613733905552,21,6,,2.1975999999999996,0,-4,2,0,2025-08-17,MLS-STA-000013,75.61666666666666,46.9,93.20833333333331,64.83333333333333,62.54166666666666,27.916666666666668,13.521761010805259,16.794318442391294,127.6,67.6,55.841666666666676,37.775,66.41666666666667,49.5,47.458333333333336,23.375,8.319540669078098,12.055665162072147,95.2,56.4,13.953333333333333,8.9525,16.537499999999998,12.345833333333331,11.416666666666666,4.5875,2.0564017590063584,3.6541246196744717,22.520000000000003,15.320000000000002,14.194166666666666,9.540833333333333,16.654166666666665,12.6,11.7625,5.158333333333333,1.983461567983274,3.5952978550694046,22.759999999999998,16.18,17.527499999999996,4.873333333333333,28.679166666666664,6.633333333333333,5.058333333333334,2.8625000000000003,11.121857624241054,1.6008260671360337,28.22,10.5,95.8,76.38333333333334,104.0,97.875,85.08333333333333,55.583333333333336,6.907712577659524,19.334599455667842,172.4,117.8,26.670833333333338,26.630000000000003,28.175,28.175,24.84166666666667,25.0375,1.447567403919033,1.4528271050686732,31.839999999999996,30.98,76.46666666666667,82.38333333333334,85.0,90.79166666666669,72.70833333333333,73.83333333333333,4.908308573791547,7.7632838663087,96.4,98.6,1986.0233333333333,2145.1583333333333,2164.8625,2258.2541666666666,1747.6083333333331,2017.2208333333333,153.3800520595548,112.74609002520755,2234.9,2379.98,28.533546006694547,28.785260409234912,30.781664294231888,30.781664294231888,25.773358903227983,26.545841959941303,2.0912316110856355,1.8457130617084452,34.7624538912214,34.859503637244025,23.21274382547362,24.046188232031618,24.283199843499037,24.283199843499037,20.945900705100023,23.79471936026245,1.375456769212955,0.19538325327818779,24.658269620096,25.470808918089126,,,,,,,,,,,5.0,5.0,2.0,0.0,27.0,190.0,197.0,197.0,170.0,7.0,-28.71666666666666,-18.066666666666677,-5.000833333333333,-4.653333333333332,-12.654166666666663,-19.416666666666657,-0.040833333333335275,5.916666666666671,159.135,0.25171440254036526,0.833444406557998,,163.0,-163.0,5,2,avg,home_minus_away
MLS-MAT-0006GQ,Atlanta,Crown Legacy FC,Fifth Third Stadium,433,479,85.45034642032333,87.05636743215031,17,16,4,2,0,0,15,12,8,5,,,1.7687,1.2503,1,0,370,417,0,0,16,17,5,8,554,600,ASA,-1.6060210118269822,3,3,,0.5184,-46,1,2,0,2025-08-17,MLS-STA-000011,61.166666666666664,65.325,92.875,93.45833333333331,25.83333333333333,44.125,26.50276780619128,23.718004764313537,94.0,102.4,45.74166666666667,46.55833333333334,64.75,70.5,24.666666666666668,27.875,16.650080288428377,18.122859068958558,70.2,69.8,12.676666666666666,12.049166666666668,17.925,20.225,6.075,6.808333333333334,4.622336507835259,5.366610377551593,21.6,20.880000000000003,13.508333333333335,12.906666666666666,18.6375,20.77083333333333,6.495833333333334,8.424999999999999,4.656639152268988,4.999210527951164,22.5,21.619999999999997,10.164166666666667,12.940833333333334,11.691666666666668,21.73333333333333,8.341666666666667,7.154166666666666,1.388705682361178,6.0705168929195965,23.44,30.4,79.99166666666667,80.6,110.16666666666669,109.875,49.458333333333336,53.5,24.77358233975145,25.677970319365638,138.4,137.4,25.378333333333337,25.4575,26.570833333333336,26.475,23.54583333333333,24.5625,1.1451679886471797,0.8021747783369914,29.72,30.1,87.86666666666667,85.35833333333332,97.25,91.58333333333331,80.5,81.54166666666667,6.887828939513521,3.951375463753796,98.8,99.0,2193.534166666667,2136.9366666666665,2286.920833333333,2232.1375000000003,2071.0916666666667,2098.9083333333333,104.23408615713892,54.26495116875372,2395.6400000000003,2320.1800000000003,27.0819280651585,27.129070205475607,28.505967507380305,28.487107847660848,24.495277777777783,25.86598309541372,1.5340962200859325,1.1438262677825484,33.26695350942359,33.49560891491605,23.65351711884569,23.38929422505884,24.06551189181319,23.784046866588344,23.21226102019473,22.87538527620654,0.3884624684323753,0.32830352124294376,25.353598532777468,24.892774395518547,,,,,,,,,,,5.0,5.0,2.0,0.0,239.0,316.0,336.0,336.0,97.0,20.0,4.1583333333333385,0.81666666666667,-0.6274999999999977,-0.6016666666666683,2.7766666666666673,0.6083333333333201,0.07916666666666217,-2.508333333333354,-56.59750000000031,0.047142140317106396,-0.26422289378685093,,77.0,-77.0,5,2,avg,home_minus_away
MLS-MAT-0006GR,Real Monarchs,LAFC 2,America First Field,469,323,84.86140724946695,78.94736842105263,16,14,1,2,0,0,11,10,2,2,,,1.0053,1.2219,0,1,398,255,0,0,13,16,2,2,586,453,ASA,5.91403882841432,1,0,,-0.2165999999999999,146,2,-1,0,2025-08-17,MLS-STA-00000R,81.48333333333332,56.0,102.08333333333331,62.54166666666666,53.208333333333336,50.458333333333336,22.567810624623924,4.714137278206668,92.4,80.8,51.23333333333333,47.03333333333333,57.66666666666666,48.458333333333336,42.25,44.708333333333336,6.2580919838060645,1.4013882006385263,67.0,66.0,23.799166666666668,9.305000000000001,36.81666666666667,11.683333333333332,7.216666666666666,7.616666666666667,13.836719088674487,1.762303968609779,28.9,12.959999999999999,28.354166666666664,14.540833333333333,38.516666666666666,20.308333333333334,18.0125,9.129166666666666,9.546422122828123,4.842607302488103,35.36,21.98,28.074166666666667,14.098333333333333,48.925,18.266666666666666,5.7,6.016666666666667,18.29175313191409,4.834915868795789,50.660000000000004,30.339999999999996,71.89166666666667,84.175,95.45833333333331,100.95833333333331,49.375,72.08333333333333,20.132408919175294,11.354277522394602,130.2,131.8,24.824166666666663,27.244999999999997,27.066666666666663,28.275,22.808333333333334,25.879166666666663,1.7017566495960696,0.9331073014991955,31.339999999999996,34.36,49.2,35.79166666666667,66.16666666666667,42.25,27.666666666666668,31.5,18.821424147615517,4.070238356383784,72.4,76.8,1126.0883333333334,826.8208333333334,1437.2375,901.6791666666668,668.0833333333334,768.5166666666668,402.6005079113613,53.120064394910564,1378.1799999999998,1443.1200000000001,24.291413261460626,25.935884803618137,25.629036176954457,26.902809807938997,22.860478730424926,24.747106207140472,1.0357541218888338,0.7912670807861321,30.290706497500043,31.69597438994972,16.891446834208566,15.890759958530305,18.723269229726668,16.29271854468498,14.505366726474014,15.536981750782248,2.1012888930165663,0.3051562749889648,19.043333852038664,17.252406389068568,,,,,,,,,,,5.0,5.0,2.0,0.0,87.0,1302.0,1362.0,1362.0,1275.0,60.0,-25.48333333333332,-4.199999999999996,-14.494166666666667,-13.81333333333333,-13.975833333333334,12.283333333333331,2.4208333333333343,-13.408333333333331,-299.2674999999999,1.6444715421575111,-1.0006868756782605,,1215.0,-1215.0,5,2,avg,home_minus_away
MLS-MAT-0006GS,Philadelphia Union II,TFC II,Subaru Park,529,463,82.23062381852552,80.12958963282938,11,5,0,1,0,0,22,6,5,6,,,2.3208,0.5394,2,2,435,371,0,0,5,9,6,6,643,576,ASA,2.101034185696136,16,-1,,1.7814,66,6,-1,0,2025-08-20,MLS-STA-000002,61.666666666666664,70.88333333333333,67.33333333333333,84.25,57.41666666666666,57.41666666666666,4.639148778481773,9.886394621453825,81.4,100.2,39.6,46.00833333333333,47.625,57.625,32.125,32.125,6.747015801242965,9.94819044125893,57.6,71.8,11.75,15.005,18.275,18.275,8.741666666666667,8.741666666666667,3.7635507484436963,3.9144701287516406,23.72,25.279999999999998,12.272499999999999,15.781666666666666,18.575,18.575,10.0375,10.858333333333334,3.5589499855996856,3.2361639242233147,24.14,25.880000000000003,13.566666666666666,15.5,19.429166666666667,20.066666666666663,9.808333333333334,9.808333333333334,3.910912217756875,4.327870153949219,28.560000000000002,35.7,79.10833333333332,83.06666666666668,98.875,96.04166666666669,57.25,57.25,16.300977731412303,17.640374499992912,116.6,139.2,22.9925,24.449166666666667,25.070833333333336,26.891666666666666,20.875,20.875,1.5944385767410434,2.7118989349408524,25.5,28.48,73.41666666666666,76.51666666666668,78.41666666666667,80.375,66.70833333333333,66.70833333333333,4.847142629082279,5.643611186308127,87.0,93.4,1685.0758333333335,1854.1933333333332,1781.55,2084.5416666666665,1383.2541666666666,1383.2541666666666,169.32477180107503,294.7921525408244,1949.0,2155.4,23.353748373344928,25.6042804539156,25.91612612598392,29.069375061666605,20.759884259259252,20.759884259259252,1.9218224215857802,3.7083132888956034,26.192366236412447,30.72548525071113,19.506031071441978,21.248150043206547,20.997918529160994,23.559580364758336,16.628331871928605,16.628331871928605,1.7114806158423883,3.098694799377976,21.467747619482623,23.21570972301915,,,,,,,,,,,5.0,5.0,2.0,0.0,87.0,10.0,8.0,8.0,-79.0,-2.0,9.216666666666661,6.408333333333331,3.255000000000001,3.509166666666667,1.9333333333333336,3.958333333333357,1.456666666666667,3.1000000000000227,169.1174999999996,2.2505320805706717,1.7421189717645689,,-77.0,77.0,5,2,avg,home_minus_away
MLS-MAT-0006GT,Colorado Rapids 2,Timbers2,University of Denver Soccer Stadium,398,385,84.92462311557789,82.85714285714286,17,13,5,2,0,0,20,3,4,0,,,,,1,0,338,319,0,0,13,16,0,4,529,494,,2.067480258435026,17,4,,,13,4,3,0,2025-08-20,MLS-STA-00001G,40.44166666666666,67.81666666666666,62.41666666666666,79.95833333333333,18.916666666666668,55.29166666666666,19.53070499239594,9.717029367158583,60.6,105.2,33.483333333333334,51.416666666666664,50.958333333333336,57.04166666666666,16.625,47.208333333333336,15.462364703441136,3.558538245466023,48.8,73.2,6.44,11.7425,9.958333333333334,20.966666666666665,3.758333333333333,5.804166666666667,2.48543081163899,6.076302586688717,9.06,17.720000000000002,7.8675,14.153333333333332,11.995833333333332,24.995833333333334,4.008333333333334,7.575,3.0741719187630197,6.911696507451055,11.26,20.619999999999997,10.705000000000002,13.780000000000001,13.5875,17.420833333333334,6.533333333333334,11.1375,3.581522556042952,2.295786826510201,23.1,29.9,56.791666666666664,92.96666666666667,96.79166666666669,99.70833333333331,25.20833333333333,86.70833333333333,33.28103970982077,5.468374987141978,91.8,146.2,21.47083333333333,23.556666666666665,23.433333333333334,24.65833333333333,19.829166666666666,22.791666666666668,1.7027423754702977,0.6844414287902532,27.04,31.2,58.45,42.825,71.20833333333333,47.333333333333336,40.583333333333336,39.04166666666666,14.431242631488418,3.5300544928120074,86.6,73.4,1166.3508333333334,896.0891666666666,1440.7375,1015.8583333333332,847.2416666666667,790.3000000000001,265.727629640792,88.36245027190873,1471.6399999999999,1235.04,21.03742845117569,22.662705472694086,22.468617116851856,23.576721378619823,19.526782407407406,22.26398790634325,1.3148345665606056,0.5221098173509499,26.090169212821344,29.22512961213426,15.572008975308862,14.775423944219474,16.71647082703092,15.28308298061632,14.425093718788991,13.884097305287938,1.0649598912943838,0.5787377914700247,17.47136498644196,16.747564693139203,,,,,,,,,,,5.0,5.0,2.0,0.0,31.0,1597.0,1609.0,1609.0,1578.0,12.0,27.375,17.93333333333333,5.302499999999999,6.285833333333333,3.0749999999999993,36.175000000000004,2.0858333333333334,-15.625,-270.26166666666677,1.6252770215183965,-0.7965850310893874,,1566.0,-1566.0,5,2,avg,home_minus_away
MLS-MAT-0006GU,LAFC 2,Whitecaps FC 2,Titan Stadium,607,363,90.60955518945634,83.19559228650138,18,13,4,4,0,0,25,10,8,4,,,1.9135,1.5955,1,3,550,302,0,0,11,18,4,9,754,503,ASA,7.413962902954964,15,4,,0.31800000000000006,244,5,0,0,2025-08-21,MLS-STA-00001F,59.58333333333333,72.33333333333334,91.08333333333331,81.54166666666667,28.916666666666668,64.5,27.417062433820284,7.3937497064900874,86.0,75.2,46.575,52.21666666666666,70.04166666666667,60.625,22.08333333333333,43.91666666666666,20.47613363433418,6.766787252620132,64.6,63.6,15.758333333333335,21.51583333333333,25.141666666666666,26.366666666666664,4.7,16.041666666666668,8.695632684156903,4.30353476323049,21.4,29.28,17.501666666666665,22.305,26.21666666666667,27.870833333333334,5.8125,16.720833333333335,8.402668640246253,4.479076937085737,23.2,30.48,30.188333333333333,41.060833333333335,54.25833333333333,53.175,10.470833333333331,30.179166666666664,18.78945233627692,10.581108936186437,48.06,64.58,59.69166666666666,49.175,85.54166666666667,58.458333333333336,36.91666666666666,39.29166666666666,21.05029938425264,6.912611763211424,116.0,120.8,20.684166666666666,24.06083333333333,26.058333333333334,26.97083333333333,16.825,21.5625,4.332228825584149,2.1161757140601005,25.080000000000002,31.6,74.475,60.65,91.45833333333331,71.29166666666667,61.41666666666666,45.29166666666666,11.627336981346057,10.207210822637977,94.4,87.6,1450.81,1340.2116666666666,1553.6583333333335,1470.5666666666666,1346.4333333333334,1099.4708333333333,97.78948160994449,148.261212640431,1681.8,1593.76,20.706651566087096,23.86985474247977,26.144777306517145,26.270940638834645,16.95113425925926,21.65972191284037,4.433882064526072,1.8029919012221067,24.900323703280023,30.901506439052504,17.119912538142277,18.11224207011718,19.960865495529813,18.46432952889248,14.78492771771582,17.648065811629966,2.516262434461709,0.3348532078834072,18.57927333307952,20.399389707493977,,,,,,,,,,,5.0,5.0,2.0,0.0,37.0,87.0,52.0,52.0,15.0,-35.0,12.750000000000014,5.641666666666659,5.757499999999995,4.803333333333335,10.872500000000002,-10.516666666666666,3.376666666666665,-13.824999999999996,-110.59833333333336,3.163203176392674,0.992329531974903,,50.0,-50.0,5,2,avg,home_minus_away
MLS-MAT-0006GV,Crown Legacy FC,Inter Miami CF II,Mecklenburg County Sportsplex,421,452,82.8978622327791,83.1858407079646,12,10,2,2,0,0,23,7,14,2,,,3.3128,0.5032,6,0,349,376,0,0,10,12,3,16,575,584,ASA,-0.287978475185497,16,12,,2.8096,-31,2,0,0,2025-08-22,MLS-STA-000039,49.25833333333334,73.15833333333333,70.91666666666667,88.45833333333333,32.458333333333336,64.20833333333333,19.041014759081396,9.24199165343824,60.8,105.2,35.3,52.05,51.16666666666666,59.75,23.75,47.79166666666666,13.175148902806033,4.566008924651816,48.8,78.0,10.126666666666667,16.197499999999998,16.175,18.445833333333333,5.275,15.104166666666666,5.235519547337738,1.319178116395879,14.5,25.9,11.984166666666667,16.475,16.416666666666668,18.666666666666668,7.8125,15.516666666666666,3.8079679346951796,1.2812855686119835,16.7,26.18,8.763333333333332,11.064166666666667,11.329166666666666,16.3875,5.7875000000000005,7.195833333333333,1.9711292941977303,3.8650371476581924,18.380000000000003,28.96,71.15833333333333,91.98333333333335,94.04166666666669,96.16666666666669,54.41666666666666,85.5,18.902008821815752,4.721828006421063,104.8,150.4,27.511666666666667,25.598333333333336,29.229166666666668,26.620833333333334,24.89583333333333,24.758333333333336,2.1588287719656396,0.8228222519677814,31.379999999999995,29.919999999999998,76.475,79.44166666666666,77.75,81.16666666666667,73.95833333333333,78.58333333333333,1.5188628787499034,1.0629492514278935,91.4,96.4,2076.400833333333,1992.3383333333331,2206.9791666666665,2045.725,1891.55,1924.3875,149.6747450318431,44.960480466954934,2271.9,2190.1400000000003,30.715244359760845,27.062682927922275,33.81745558640488,28.71272137121373,25.99150195079798,25.9187782516139,3.963086000206393,1.2207801268737097,35.88114040954808,32.63199204507647,24.126594703968504,22.676659715040678,25.644379052623663,23.51826767674362,21.75829068989987,21.869126976335803,1.9267031528183456,0.649008959187577,25.26286587834954,24.03582076682197,,,,,,,,,,,5.0,5.0,2.0,0.0,6.0,239.0,228.0,228.0,222.0,-11.0,23.89999999999999,16.75,6.070833333333331,4.490833333333335,2.300833333333335,20.825000000000017,-1.9133333333333304,2.9666666666666686,-84.0625,-3.6525614318385706,-1.4499349889278257,,233.0,-233.0,5,2,avg,home_minus_away
MLS-MAT-0006GW,NYCFC II,Columbus Crew 2,Icahn Stadium,445,382,85.3932584269663,85.07853403141361,4,10,0,1,0,0,11,17,3,6,,,1.1531,1.4333,3,1,380,325,0,0,10,4,6,3,607,528,ASA,0.3147243955526875,-6,-3,,-0.2802,63,-6,-1,0,2025-08-22,MLS-STA-000055,49.1,55.175,61.41666666666666,73.41666666666667,42.75,42.75,7.510559695817908,13.045007559301077,67.2,68.8,38.233333333333334,37.6,49.25,53.0,31.5,31.416666666666668,8.386010589732825,9.046302574962755,56.6,55.0,7.38,10.368333333333334,10.8625,17.25,3.5875,5.754166666666666,3.0328931686134646,4.640508532956754,12.7,20.18,8.020833333333334,11.250833333333334,11.954166666666666,17.625,3.675,5.858333333333333,3.690423746747188,4.4786883465536595,13.84,21.4,12.684166666666666,17.119999999999997,17.804166666666667,24.3125,8.375,12.466666666666669,3.4142374494330516,4.686912370574517,29.96,38.46,76.48333333333332,74.075,88.95833333333333,86.0,59.91666666666666,59.91666666666666,12.131212612284248,9.381960379129492,114.2,112.4,22.435833333333335,21.139166666666664,25.2625,26.0625,18.3375,18.3375,3.2662010722618473,2.9865810999647526,26.74,24.560000000000002,76.95833333333334,74.76666666666668,82.54166666666667,82.54166666666667,69.54166666666667,62.958333333333336,5.110327914027523,7.824662754535957,93.4,91.0,1686.9791666666667,1560.6433333333332,1963.5625,1964.4666666666665,1441.2291666666667,1255.075,203.35083351945116,261.4879621757896,1929.8200000000002,1877.3,23.006581517347307,21.467703585826264,26.439463483166225,27.77877255876095,18.31025462962963,18.31025462962963,3.779305406340609,3.718743176031168,27.78025158840844,25.524517781578677,19.328831435487725,17.87651098263035,22.30503266485884,22.786371985878905,15.84550814811469,15.484167066229304,2.7178660259202925,2.9234424984400675,21.058026165187577,20.210212158740468,,,,,,,,,,,5.0,5.0,2.0,0.0,231.0,27.0,51.0,51.0,-180.0,24.0,6.074999999999996,-0.6333333333333329,2.988333333333334,3.2300000000000004,4.435833333333331,-2.4083333333333172,-1.2966666666666704,-2.191666666666663,-126.33583333333354,-1.5388779315210428,-1.452320452857375,,-204.0,204.0,5,2,avg,home_minus_away
MLS-MAT-0006GX,Houston Dynamo 2,Town FC,SaberCats Stadium,416,391,83.89423076923077,83.12020460358056,12,11,1,4,0,0,11,10,4,2,,,,,0,1,349,325,0,0,11,12,2,4,550,527,,0.7740261656502128,1,2,,,25,1,-3,0,2025-08-22,MLS-STA-00000Y,65.475,97.525,119.66666666666669,119.66666666666669,28.75,64.91666666666667,45.79394709214066,23.25967913818054,100.2,171.6,46.31666666666667,68.975,81.29166666666667,81.29166666666667,20.45833333333333,49.0,30.924240985924875,13.405164583100056,76.6,125.8,11.695833333333333,18.23,19.854166666666668,24.9375,5.370833333333334,12.629166666666668,7.426833504447086,4.9700530262094125,14.86,24.580000000000002,12.73,19.60583333333333,20.1625,26.191666666666663,6.8875,15.770833333333334,6.834900353861949,4.270378634331568,16.259999999999998,26.119999999999997,13.439166666666665,20.736666666666668,25.541666666666668,25.541666666666668,3.779166666666667,16.025000000000002,9.651138120133234,4.013353794590698,28.439999999999998,42.28,76.15,108.68333333333335,122.25,122.25,38.25,74.95833333333333,42.07302472751659,20.47507800826274,132.8,205.8,22.739166666666666,28.697499999999998,28.95833333333333,29.79583333333333,18.070833333333333,27.291666666666668,5.372944212802594,0.9652899679486042,28.660000000000004,33.480000000000004,72.4,79.05833333333332,78.29166666666667,87.875,63.16666666666666,74.70833333333333,6.875290397907248,5.120306116065938,93.4,97.0,1598.7675,2218.3591666666666,2179.670833333333,2383.4875,1119.9708333333333,2134.329166666667,516.6350764737674,97.37958123761827,1842.86,2499.7400000000002,23.90406111379381,32.456006307710865,32.201668594725945,34.309896667898094,17.945115740740743,30.714270918937924,7.308682364403868,1.4409146353189703,30.427957882918708,39.177456546321395,18.925907000607488,25.53013040257306,25.25761475178305,25.89812643018467,14.259747355038227,25.06049325633561,5.700371101847419,0.3627550244675611,20.44104147720824,26.511147463550877,,,,,,,,,,,5.0,5.0,2.0,0.0,17.0,20.0,14.0,14.0,-3.0,-6.0,32.05000000000001,22.658333333333324,6.534166666666668,6.875833333333329,7.297500000000003,32.533333333333346,5.958333333333332,6.658333333333317,619.5916666666667,8.551945193917057,6.604223401965573,,3.0,-3.0,5,2,avg,home_minus_away
MLS-MAT-0006GY,Austin FC II,Ventura County,Parmer Field,391,483,83.63171355498721,88.19875776397515,14,16,5,2,0,0,16,19,4,5,,,2.1928,1.4586,2,1,327,426,0,0,16,13,6,6,509,604,ASA,-4.567044208987937,-3,-1,,0.7342000000000002,-92,-2,3,0,2025-08-22,MLS-STA-000018,57.725,60.56666666666666,81.20833333333333,81.20833333333333,39.41666666666666,44.91666666666666,18.680672758822748,16.02779703445791,78.2,90.2,42.266666666666666,43.791666666666664,59.91666666666666,59.91666666666666,26.875,28.916666666666668,14.194415226106042,13.440971773730578,62.2,64.8,11.288333333333332,11.2525,16.5125,16.5125,7.15,4.041666666666667,4.450900540901807,5.048111927025566,17.66,17.240000000000002,13.810833333333335,13.448333333333334,17.304166666666667,18.15833333333333,10.875,5.283333333333333,2.8094746073678,5.515304306855808,20.82,20.060000000000002,9.784166666666668,5.865833333333334,13.066666666666668,8.200000000000001,7.666666666666667,3.583333333333333,2.6546349665359936,2.193949618964746,21.380000000000003,14.3,76.5,87.05833333333332,104.83333333333331,104.83333333333331,48.5,60.75,26.73591269767647,19.465817618470474,126.2,134.0,25.1375,30.784999999999997,30.05,31.991666666666664,20.691666666666663,29.266666666666666,4.23430927070756,1.1061601501490543,29.46,36.239999999999995,71.34166666666667,57.71666666666666,81.04166666666667,65.91666666666667,62.41666666666666,50.833333333333336,7.3572880533522795,6.535785572948019,87.6,80.6,1733.4416666666668,1718.6650000000002,1892.8625,1892.8625,1648.8125,1570.05,113.6376157279506,138.7758171864389,1926.0400000000002,2109.94,26.297258181288612,32.96970859009688,32.41142356655996,33.98681987490753,20.93247685185185,31.82664126748608,5.4023118970296,0.8500712563714062,30.89144342838403,38.53766607396937,21.004910494600143,23.926697427305342,24.075211759965324,24.13047831742935,18.243727626686496,23.495997816438365,2.838370209588607,0.2625155617849137,22.376792699734104,24.911478955753022,,,,,,,,,,,5.0,5.0,2.0,0.0,25.0,164.0,157.0,157.0,132.0,-7.0,2.8416666666666615,1.5249999999999986,-0.03583333333333272,-0.3625000000000007,-3.918333333333334,10.558333333333323,5.647499999999997,-13.625000000000007,-14.776666666666642,6.672450408808267,2.9217869327051993,,139.0,-139.0,5,2,avg,home_minus_away
MLS-MAT-0006GZ,Chattanooga,Huntsville,Finley Stadium,173,595,64.16184971098266,90.92436974789916,12,9,2,2,0,0,8,26,2,5,,,0.4776,3.1816,1,0,111,541,0,0,9,12,6,2,320,750,ASA,-26.7625200369165,-18,-3,,-2.7039999999999997,-422,3,0,0,2025-08-23,MLS-STA-00002S,62.86666666666666,64.675,66.91666666666667,68.04166666666667,59.25,59.54166666666666,2.8640188837831797,3.570398164848788,77.2,83.8,46.108333333333334,46.575,48.958333333333336,53.16666666666666,43.0,39.708333333333336,2.8531172036524874,5.272883329935441,64.4,67.2,14.3225,14.250833333333333,17.991666666666667,18.5375,9.741666666666667,7.791666666666667,3.2386012712966763,4.047260304480331,21.18,20.880000000000003,14.850833333333332,14.732499999999998,18.33333333333333,18.72083333333333,10.075,8.095833333333333,3.349449840811339,4.113467042667427,21.86,21.5,4.883333333333333,5.659999999999999,6.266666666666667,7.375,3.6375,4.220833333333333,1.0139949525953713,1.2117143789322267,10.059999999999999,12.540000000000001,87.55833333333334,89.10833333333332,94.875,99.45833333333331,80.54166666666667,80.54166666666667,5.86158338013051,6.737810495834505,129.2,134.4,27.445833333333333,26.725,29.245833333333334,28.0,25.570833333333336,25.570833333333336,1.6824538750487827,1.069758702023758,32.519999999999996,31.5,73.25833333333334,77.8,79.375,85.54166666666667,62.958333333333336,72.91666666666667,7.354927958707539,4.9114909198282755,92.2,92.8,1958.4016666666666,2042.3991666666666,2139.733333333333,2218.858333333333,1773.2833333333335,1936.6208333333332,136.2922764622553,110.4308476506778,2239.8599999999997,2264.18,29.405249490922508,28.810482825347503,31.649332285725592,30.81777092800586,27.010057395594934,27.010057395594934,1.9821015508968058,1.571574993960455,35.812956886656,35.26499289813294,23.46152981170216,23.529449085317882,24.31743762675657,24.312565205827028,22.32684734264821,22.32684734264821,0.8043452805775766,0.8274174857170075,25.00071676067018,25.299838970810015,,,,,,,,,,,5.0,5.0,2.0,0.0,190.0,206.0,209.0,209.0,19.0,3.0,1.8083333333333371,0.46666666666666856,-0.07166666666666721,-0.11833333333333407,0.7766666666666664,1.549999999999983,-0.7208333333333314,4.541666666666657,83.99749999999995,-0.5947666655750048,0.06791927361572192,,16.0,-16.0,5,2,avg,home_minus_away
MLS-MAT-0006H0,Orlando City B,Atlanta,Osceola Heritage Park,350,430,86.28571428571429,89.06976744186046,10,17,3,3,0,0,8,14,4,4,,,0.9286,1.6626,2,1,302,383,0,0,17,10,4,4,477,572,ASA,-2.7840531561461717,-6,0,,-0.7340000000000001,-80,-7,0,0,2025-08-23,MLS-STA-000017,70.48333333333333,40.733333333333334,90.41666666666669,57.0,45.375,30.416666666666668,19.27405603683644,10.938138870230368,104.4,52.4,49.55833333333333,32.0,61.91666666666666,44.875,30.0,25.95833333333333,12.895904011653379,7.574514102494554,75.6,48.2,15.145,7.152500000000001,23.633333333333336,13.5875,5.583333333333333,3.983333333333333,6.5658188697645,3.87235191776264,21.78,13.12,15.647499999999999,8.160833333333333,23.84583333333333,14.458333333333334,6.5625,4.304166666666666,6.259993122111946,3.963969233398934,22.54,14.319999999999999,11.9675,9.748333333333333,13.920833333333334,11.645833333333334,8.920833333333333,7.858333333333333,2.00334659244087,1.7474872833744914,28.32,26.659999999999997,88.10833333333332,66.55,104.83333333333331,78.375,54.66666666666666,55.5,22.891531670515676,8.977953320959816,144.4,106.2,26.543333333333333,27.44083333333333,27.954166666666666,27.704166666666666,25.4875,26.754166666666663,1.0573387715286786,0.4085288647492798,31.28,31.8,83.25833333333334,83.33333333333333,87.29166666666667,88.58333333333333,79.29166666666667,80.375,3.478530380938353,3.5828488044509457,96.0,95.0,2178.4849999999997,2263.9625,2351.2125,2359.270833333333,2061.766666666667,2199.016666666667,111.14889731796703,71.82650459372731,2331.92,2413.3599999999997,28.959204209313903,30.449699038510353,31.246545010711294,30.673635523069013,27.144516605071956,29.786351131455305,1.8224406531454964,0.3792120995496338,36.335006528375615,37.612816933736056,24.161285248767513,25.06821444165424,25.310282329230677,25.336715816100824,23.297073329184187,24.874415799942756,0.9544119252034706,0.1906009917329575,25.89089053010104,26.477228185353727,,,,,,,,,,,5.0,5.0,2.0,0.0,316.0,39.0,23.0,23.0,-293.0,-16.0,-29.75,-17.55833333333333,-7.992499999999999,-7.486666666666666,-2.2191666666666663,-21.558333333333323,0.8974999999999973,0.07499999999998863,85.47750000000042,1.4904948291964502,0.9069291928867287,,-277.0,277.0,5,2,avg,home_minus_away
MLS-MAT-0006H3,FC Cincinnati 2,Carolina Core FC,NKU Soccer Stadium,431,411,84.91879350348027,81.50851581508516,18,7,2,2,0,0,14,12,7,3,,,1.2859,1.8401,2,2,366,335,0,0,7,18,3,7,546,538,ASA,3.4102776883951122,2,4,,-0.5542,20,11,0,0,2025-08-24,MLS-STA-000016,59.479166666666664,51.43333333333334,70.16666666666667,70.16666666666667,48.79166666666666,37.083333333333336,15.114407447862463,12.964380957497012,78.5,76.0,47.39583333333333,40.7,51.16666666666666,51.16666666666666,43.625,31.125,5.332763641448539,8.941379305727326,67.0,62.0,16.575000000000003,10.377500000000001,18.51666666666667,18.51666666666667,14.633333333333333,5.6000000000000005,2.745931333607763,5.868014168164372,24.25,18.46,17.24583333333333,10.755833333333332,19.35833333333333,19.35833333333333,15.133333333333333,5.754166666666666,2.9875261505131605,6.158428196157051,25.049999999999997,19.119999999999997,16.302083333333336,11.388333333333334,20.7,20.7,11.904166666666669,7.0125,6.219593396186673,5.502053278347802,44.150000000000006,26.52,78.54166666666666,80.675,79.25,95.95833333333331,77.83333333333333,71.58333333333333,1.0017346066809507,9.083639138583168,134.0,128.6,22.929166666666667,24.238333333333333,23.3125,26.9125,22.54583333333333,23.14583333333333,0.5421151989096895,1.5501131231121323,26.549999999999997,27.98,69.85416666666666,72.88333333333333,70.33333333333333,79.70833333333333,69.375,69.41666666666667,0.6776439986371098,4.028910281398123,86.5,88.8,1571.69375,1738.7191666666665,1576.8166666666666,1903.2291666666667,1566.5708333333332,1611.7625,7.244898228907211,145.95830081953187,1725.5,1977.3799999999999,23.12959226814908,24.885868827714564,23.566730832594452,28.72294869034909,22.692453703703706,23.355717592592597,0.6182072864749519,2.2120026728541884,26.81115105594663,29.253327404995588,18.86694860025812,20.510285486691313,19.110123285457988,22.82851008907833,18.62377391505825,19.19971580965548,0.3439009378354615,1.5333070217385503,20.123999569604464,22.03720559274607,,,,,,,,,,,2.0,5.0,2.0,0.0,,160.0,266.0,266.0,,106.0,-8.045833333333327,-6.695833333333326,-6.197500000000002,-6.489999999999998,-4.913750000000002,2.13333333333334,1.3091666666666661,3.0291666666666686,167.02541666666662,1.7562765595654852,1.6433368864331932,,,,5,2,avg,home_minus_away
MLS-MAT-0006H2,Philadelphia Union II,New England Revolution II,Subaru Park,509,285,82.71119842829077,71.57894736842105,17,16,3,4,0,0,21,5,4,2,,,1.9928,1.1381,1,2,421,204,0,1,15,15,2,5,658,425,ASA,11.132251059869716,16,2,,0.8547,224,1,-1,0,2025-08-24,MLS-STA-000002,42.141666666666666,48.575,52.0,57.41666666666666,35.583333333333336,36.083333333333336,8.36637200676348,7.950607069763775,51.6,58.4,32.891666666666666,34.43333333333334,42.708333333333336,42.708333333333336,25.541666666666668,28.791666666666668,7.385620883401299,5.577702384395293,46.0,50.8,7.1825,8.14,8.770833333333334,8.770833333333334,4.970833333333333,7.212499999999999,1.5148437992450283,0.6822819655798887,12.02,15.38,8.095,8.975833333333332,8.866666666666667,10.858333333333334,6.325,7.399999999999999,1.0718720642978907,1.232813798231961,13.040000000000001,16.18,11.121666666666666,12.157499999999999,15.533333333333331,15.533333333333331,5.329166666666667,9.808333333333334,3.7264112259652715,2.206175045941126,22.86,24.7,72.33333333333334,74.0,83.5,83.5,58.0,61.25,10.350330442926825,8.79783551347843,103.2,108.6,18.723333333333333,21.071666666666665,22.004166666666663,22.004166666666663,15.216666666666669,19.2125,3.1408633477826493,1.1343416164356204,23.18,25.240000000000002,69.39166666666667,69.95,84.70833333333333,84.41666666666667,58.54166666666666,58.54166666666666,12.681138936318861,11.413640109778989,89.6,86.8,1226.01,1437.1741666666667,1301.3583333333331,1800.3041666666668,1066.0416666666667,1209.05,96.04131772351644,231.53398998656166,1413.02,1693.14,18.452227065404706,21.049972435775075,21.74278752630788,21.753935185185185,15.005717592592594,19.259699074074074,3.147791890794521,1.0876664050322746,22.71606515819645,25.11784293597423,14.727924080876164,17.092035871063427,16.60682618181597,19.38920103459584,13.343605929776906,16.19813218390093,1.56172288751065,1.2973928996522304,16.139993530139137,18.867879956298502,,,,,,,,,,,5.0,5.0,2.0,0.0,79.0,10.0,8.0,8.0,-71.0,-2.0,6.433333333333337,1.5416666666666714,0.9575000000000005,0.8808333333333316,1.0358333333333327,1.6666666666666572,2.3483333333333327,0.5583333333333371,211.1641666666667,2.597745370370369,2.3641117901872626,,-69.0,69.0,5,2,avg,home_minus_away
MLS-MAT-0006H4,RBNY II,Chicago Fire FC II,MSU Soccer Park,394,477,81.97969543147208,84.27672955974843,15,12,3,2,0,0,21,11,6,2,,,2.6412,1.1867,1,0,323,402,0,0,12,14,2,7,543,625,ASA,-2.2970341282763513,10,4,,1.4545,-83,3,1,0,2025-08-24,MLS-STA-000014,52.19999999999999,48.025,63.04166666666666,57.29166666666666,46.04166666666666,42.75,6.5355863462193575,5.606806998838303,77.0,61.6,41.65833333333333,37.12499999999999,45.458333333333336,45.16666666666666,37.5,31.416666666666668,2.9463371799198024,6.809409339697203,65.4,53.4,6.666666666666667,8.059999999999999,8.595833333333333,10.045833333333333,3.275,5.754166666666666,2.4566095651437077,1.8574867279322465,12.72,15.86,6.8325000000000005,8.895833333333334,8.933333333333334,11.954166666666666,3.3125,5.858333333333333,2.5520916666530615,2.241325872484112,12.940000000000001,17.020000000000003,10.360833333333332,16.346666666666668,13.720833333333331,19.475,6.9375,12.466666666666669,2.87460232756927,3.1852407570787418,22.18,36.58,93.43333333333334,76.64166666666667,101.66666666666669,87.375,83.875,59.91666666666666,6.7414812500254335,10.862165159140442,131.6,110.6,21.425,20.269166666666663,22.616666666666664,21.85833333333333,20.429166666666667,18.15833333333333,0.910714577497618,1.4991450109608788,24.5,24.68,72.89166666666668,68.70833333333334,88.08333333333333,83.66666666666667,55.208333333333336,55.625,14.795997018713466,12.808451257318785,87.2,87.4,1533.2983333333334,1341.7733333333333,1992.7958333333331,1626.6,1115.3458333333333,1116.525,357.10203860721737,197.72003894044502,1721.58,1554.8,21.51023977162189,20.12987441680548,23.233842592592595,21.621431303394445,20.603472222222223,18.143634259259255,1.0391458681972308,1.344667412779489,24.52274668088712,24.456560470200905,17.816976617572895,16.137175621894297,21.09721599320185,17.50301275450159,15.368702003040864,15.33703505934048,2.2044067445893134,0.8362264162017584,19.33649990148629,17.96834311368996,,,,,,,,,,,5.0,5.0,2.0,0.0,265.0,4.0,5.0,5.0,-260.0,1.0,-4.17499999999999,-4.5333333333333385,1.3933333333333318,2.0633333333333335,5.985833333333336,-16.79166666666667,-1.1558333333333373,-4.183333333333337,-191.5250000000001,-1.3803653548164085,-1.6798009956785975,,-261.0,261.0,5,2,avg,home_minus_away
MLS-MAT-0006H5,St Louis CITY2,Sporting KC II,Energizer Park,475,392,83.36842105263158,76.78571428571429,18,16,1,4,0,0,19,6,5,3,,,,,2,0,396,301,0,0,15,17,4,7,607,507,,6.582706766917283,13,2,,,83,2,-3,0,2025-08-24,MLS-STA-00000U,56.18333333333332,52.3,67.66666666666667,62.833333333333336,49.625,43.958333333333336,7.455749086741348,7.0213216941921495,72.2,72.4,43.45833333333333,41.199999999999996,54.583333333333336,44.91666666666666,36.79166666666666,35.041666666666664,6.902218846139265,4.068147783560579,63.8,63.6,11.330833333333334,8.799166666666668,17.941666666666666,10.7625,7.075,7.075,4.075421331319962,1.7750180945869571,15.76,12.76,12.271666666666667,9.3425,19.854166666666668,11.729166666666666,7.3625,7.341666666666666,4.695338261391706,2.1059839512156255,17.3,13.66,13.034166666666668,8.966666666666665,25.1,14.845833333333331,7.6875,6.170833333333333,7.333613512640122,3.519551048547716,30.419999999999998,19.32,77.375,85.98333333333332,83.58333333333333,97.25,73.29166666666667,76.20833333333333,3.7970428918070187,7.768045746661266,128.0,128.2,26.106666666666666,25.48916666666667,28.775,28.445833333333336,24.1,23.59166666666667,1.8792050069998567,1.9461558440794113,29.8,28.98,69.19166666666668,70.50833333333334,71.58333333333333,76.625,67.54166666666667,67.54166666666667,1.5322346607342976,3.542695928871743,88.2,86.6,1778.5183333333334,1779.05,2032.2125,2158.9041666666667,1627.1208333333334,1627.1208333333334,161.89499081838002,224.26170226418637,1991.8200000000002,1949.64,27.3474997350068,26.69226991044193,32.005624980664486,32.25608267012256,24.4976465059588,23.83090277777778,2.977948776148935,3.3668386937898553,31.814560561427186,31.044310409572926,21.727952818817187,21.38433190403988,24.581447992141136,25.06457643207172,19.80958927016924,19.56562388611281,1.9055072040862737,2.261930167965203,23.178124844239466,23.071711589110237,,,,,,,,,,,5.0,5.0,2.0,0.0,276.0,152.0,142.0,142.0,-134.0,-10.0,-3.8833333333333258,-2.258333333333333,-2.5316666666666663,-2.929166666666667,-4.067500000000003,8.60833333333332,-0.6174999999999962,1.3166666666666629,0.5316666666665242,-0.65522982456487,-0.3436209147773077,,-124.0,124.0,5,2,avg,home_minus_away
MLS-MAT-0006H6,North Texas SC,LAFC 2,Choctaw Stadium,388,666,86.5979381443299,93.84384384384384,13,7,3,1,0,0,3,21,1,7,,,0.2767,2.3167,0,4,336,625,1,0,7,13,8,1,493,789,ASA,-7.245905699513941,-18,-6,,-2.04,-278,6,2,0,2025-08-24,MLS-STA-000010,82.825,69.1,88.08333333333333,73.375,78.29166666666667,65.125,3.614616354316021,3.343032763159154,105.6,100.8,59.2,51.525,63.29166666666666,54.79166666666666,55.66666666666666,47.91666666666666,2.9897684321327915,3.0217096430111647,78.0,73.0,22.284999999999997,13.475,26.366666666666664,15.0625,16.895833333333332,12.666666666666666,4.633204622013197,0.9632437602531703,33.06,19.46,23.419999999999998,14.969166666666666,27.870833333333334,15.975,17.945833333333333,13.716666666666669,4.805291679492517,0.9264890417292818,34.36,21.16,39.80083333333333,12.020833333333332,53.175,18.28333333333333,21.125,7.795833333333333,16.360701030042833,4.4917062846119205,67.4,30.26,68.60833333333332,96.43333333333332,104.04166666666669,101.58333333333331,41.79166666666666,93.0,29.433933199813975,4.307374167891881,144.8,145.2,28.12083333333333,30.27833333333333,30.27083333333333,32.045833333333334,25.016666666666666,29.5375,2.1228072837374774,1.011386561991892,35.12,34.660000000000004,49.75,56.53333333333334,57.208333333333336,64.125,39.54166666666666,49.875,7.4261409523685,5.197104562478352,77.2,79.6,1304.2825,1664.0875,1604.6708333333331,1891.1541666666665,1052.65,1434.65,233.6898403979264,165.58089816402588,1709.06,2074.46,28.025841325171683,32.039123956078,30.59997780818029,34.73808873224865,24.70561092053798,30.34166491155096,2.5706379955782577,1.8372839861372545,34.324212473848064,36.45631180214943,19.94422944878702,23.32501753726816,22.542586544696075,24.46773077454439,18.019976296656985,21.8150886734602,2.162117403051512,1.1375706104065537,21.99811901574293,24.254484979743616,,,,,,,,,,,5.0,5.0,2.0,0.0,87.0,219.0,187.0,187.0,100.0,-32.0,-13.725000000000009,-7.675000000000004,-8.809999999999997,-8.450833333333332,-27.779999999999998,27.825000000000003,2.157499999999999,6.7833333333333385,359.80500000000006,4.013282630906318,3.3807880884811397,,132.0,-132.0,5,2,avg,home_minus_away
MLS-MAT-0006H7,Real Monarchs,MNUFC2,America First Field,341,406,82.11143695014663,84.23645320197045,14,17,4,3,0,0,18,15,6,6,,,3.0334,2.3263,3,2,280,342,0,0,16,13,6,6,464,531,ASA,-2.1250162518238227,3,0,,0.7071000000000001,-65,-3,1,0,2025-08-24,MLS-STA-00000R,55.98333333333333,52.475,61.41666666666666,57.625,49.208333333333336,48.79166666666666,5.102644330802085,3.5240493201870917,75.8,96.0,42.675,50.65,51.583333333333336,53.16666666666666,33.25,44.208333333333336,8.608044929018435,3.6496527612606866,58.8,70.2,10.408333333333333,6.7683333333333335,14.325,8.354166666666666,8.1625,5.704166666666667,2.5252234499588795,1.1765378529586048,14.460000000000003,10.040000000000001,13.930000000000001,11.434166666666666,16.3125,13.554166666666667,10.729166666666666,8.766666666666667,2.5472316127295707,1.7350562350796845,19.44,16.02,13.004166666666666,17.830000000000002,17.466666666666665,21.870833333333334,9.05,11.979166666666666,3.385301921132326,3.8062977783901486,29.060000000000002,40.82,77.01666666666667,83.96666666666667,100.33333333333331,92.20833333333331,58.29166666666666,77.08333333333333,21.370686699308465,6.340894609157639,123.2,140.4,25.554166666666667,27.96583333333333,28.78333333333333,28.429166666666664,23.34166666666667,27.495833333333334,2.4104895912333757,0.4208271451690229,30.880000000000003,35.120000000000005,60.04166666666667,40.45833333333333,82.70833333333333,48.875,32.166666666666664,34.041666666666664,23.03633527832836,6.01596544851928,81.6,84.8,1442.0508333333332,981.7816666666665,2007.5416666666667,1203.5291666666667,864.7166666666667,718.6708333333332,501.63729205597343,201.29631406351075,1669.86,1620.6200000000001,25.588828920703865,26.826978998055303,27.558976551136407,27.54686558582678,23.77609117543103,25.84538618134229,1.6199845409566949,0.6176608347508077,31.01519210193561,32.73605415353834,19.298379648679965,17.41613185420201,22.29694274107173,18.878120804243604,17.23839280165965,14.94629175669389,2.1181298028694022,1.6776316608268969,20.94182590076454,18.514394277742976,,,,,,,,,,,5.0,5.0,2.0,0.0,257.0,1302.0,1362.0,1362.0,1105.0,60.0,-3.5083333333333258,7.975000000000001,-3.6399999999999997,-2.4958333333333353,4.825833333333335,6.950000000000003,2.4116666666666617,-19.583333333333343,-460.2691666666667,1.2381500773514382,-1.882247794477955,,1045.0,-1045.0,5,2,avg,home_minus_away
MLS-MAT-0006H1,Timbers2,Tacoma Defiance,Providence Park,604,402,92.3841059602649,84.57711442786069,11,16,2,4,0,0,22,11,9,2,,,1.6229,2.0953,2,1,558,340,0,1,16,11,2,10,741,517,ASA,7.806991532404211,11,7,,-0.47239999999999993,202,-5,-2,0,2025-08-24,MLS-STA-00000P,42.24999999999999,38.56666666666666,53.79166666666666,49.04166666666666,35.416666666666664,30.5,8.577971626335806,7.76251230093854,59.6,55.2,34.55833333333333,33.71666666666666,42.91666666666666,42.91666666666666,26.25,27.08333333333333,6.205158584239043,5.8115217217371,52.8,51.4,7.100833333333332,5.810833333333333,9.754166666666666,9.754166666666666,4.704166666666667,3.8083333333333336,2.344351589459226,2.453943113757031,12.34,10.459999999999999,7.480833333333334,6.175000000000001,10.041666666666666,9.9,4.754166666666667,3.8708333333333336,2.4883314495415956,2.476912490604202,12.639999999999999,10.959999999999999,12.059999999999999,10.338333333333335,16.95,12.529166666666669,9.658333333333331,9.279166666666669,2.9830374038516143,1.3403474363014989,23.06,18.7,66.05833333333332,69.15833333333333,92.70833333333331,92.70833333333331,46.41666666666666,50.79166666666666,20.465261047008955,18.141836050349966,107.8,110.4,21.988333333333333,23.171666666666667,27.71666666666667,27.71666666666667,18.4,20.3,4.457672653539191,3.4148819017321492,29.419999999999998,32.12,60.8,52.98333333333333,72.375,61.958333333333336,42.29166666666666,42.29166666666666,14.503453851104268,8.460519011529055,88.4,84.8,1176.9641666666666,1070.6416666666667,1332.775,1167.9666666666667,1012.3208333333332,981.85,150.35021820019836,88.78634814158899,1419.06,1346.9,21.49499841745325,22.532174359708804,26.817856537744373,26.817856537744373,18.112453703703704,20.00335648148148,4.07585882672827,3.146390057714173,28.327303606675127,30.747263147667137,15.984580592121816,15.876585222300255,17.834065822728302,17.834065822728302,14.50409427822342,14.457097893731673,1.3253015363978429,1.3985075114812144,17.86971669238445,18.25762323104967,,,,,,,,,,,5.0,5.0,2.0,0.0,42.0,31.0,13.0,13.0,-29.0,-18.0,-3.68333333333333,-0.8416666666666686,-1.2899999999999991,-1.3058333333333332,-1.721666666666664,3.1000000000000085,1.1833333333333336,-7.81666666666667,-106.32249999999999,1.0371759422555549,-0.10799536982156077,,-11.0,11.0,5,2,avg,home_minus_away
MLS-MAT-0006H8,Atlanta,Inter Miami CF II,Fifth Third Stadium,373,438,81.76943699731903,82.64840182648402,14,19,0,3,0,0,19,9,11,4,,,2.6451,0.5966,4,1,305,362,0,0,18,13,4,12,519,564,ASA,-0.8789648291649854,10,7,,2.0484999999999998,-65,-5,-3,0,2025-08-27,MLS-STA-000011,64.65833333333333,69.23333333333332,91.95833333333331,79.20833333333333,48.16666666666666,54.04166666666666,16.84736420202149,9.285947417708359,77.8,108.4,40.425,47.95833333333333,53.04166666666666,56.125,28.625,33.583333333333336,9.336234668097076,8.719042458257036,55.0,69.2,13.141666666666666,13.105,27.245833333333334,18.10833333333333,6.454166666666667,7.783333333333334,8.285240390799373,4.868765957041315,22.380000000000003,22.64,15.544999999999998,13.316666666666666,31.479166666666668,18.629166666666663,6.545833333333333,7.854166666666667,9.477089241223336,4.987472152525989,25.44,22.94,9.745000000000001,9.995833333333334,14.804166666666667,13.075,4.766666666666667,6.5,4.8522684056589,2.519614030186193,17.82,24.64,79.075,94.875,92.95833333333331,101.54166666666669,63.708333333333336,79.29166666666667,13.12197054984925,9.029417586115088,114.6,141.0,25.405833333333334,22.65083333333333,28.59166666666667,23.8,21.370833333333334,21.23333333333333,3.1319791510764854,0.9890388853157737,29.380000000000003,26.76,73.16666666666666,78.15833333333333,85.625,93.29166666666669,54.04166666666666,56.25,14.142565282782956,16.160743115820996,87.8,92.4,1867.105,1751.2066666666665,2312.954166666667,2166.1541666666667,1123.0458333333331,1154.1041666666667,567.3271451936803,424.38803326001715,2095.1,1976.3200000000002,27.274952653549548,23.103953323720837,32.63046169703436,24.81721731045242,20.974560185185187,20.880972222222223,5.099479401542871,1.4700904810454403,32.868454210428915,27.669502041812496,21.711114108634813,19.71196496340833,25.41899509205356,22.68131044768537,15.270681725674883,15.419715425394076,4.870121198635913,2.8739164277804683,23.447024548225464,21.721444676516544,,,,,,,,,,,5.0,5.0,2.0,0.0,6.0,316.0,336.0,336.0,330.0,20.0,4.574999999999989,7.533333333333331,-0.03666666666666529,-2.2283333333333317,0.2508333333333326,15.799999999999997,-2.7550000000000026,4.991666666666674,-115.89833333333354,-4.17099932982871,-1.9991491452264825,,310.0,-310.0,5,2,avg,home_minus_away
MLS-MAT-0006H9,Town FC,Real Monarchs,PayPal Park,576,373,86.97916666666667,81.50134048257372,15,11,1,0,0,0,7,7,5,2,,,,,0,0,501,304,0,0,11,15,3,6,716,523,,5.477826184092947,0,3,,,203,4,1,0,2025-08-27,MLS-STA-00000Q,56.1,53.95,59.16666666666666,57.708333333333336,54.04166666666666,51.333333333333336,2.2528145975892255,2.55756638884181,80.0,55.6,44.21666666666666,32.483333333333334,53.16666666666666,35.541666666666664,33.75,30.166666666666668,9.076803845823452,2.236960673672103,58.8,39.2,9.585833333333333,11.295833333333333,11.733333333333334,12.854166666666666,7.675,10.1375,1.676560736382008,1.1845980624011014,12.3,14.98,14.014166666666664,13.9725,16.058333333333334,16.083333333333332,11.991666666666667,12.504166666666668,1.5050136119724036,1.6463728018823007,17.32,18.119999999999997,13.653333333333332,9.36,21.870833333333334,10.045833333333333,7.995833333333334,8.2875,5.6189878363950525,0.8719171883460799,28.32,18.080000000000002,77.44166666666668,50.375,93.125,61.0,58.833333333333336,43.54166666666666,15.123008362903349,7.38041232663265,124.6,78.6,24.803333333333335,19.405833333333334,28.429166666666664,20.245833333333334,21.129166666666663,18.604166666666668,3.4217929023637095,0.6272777937688808,31.320000000000004,26.119999999999997,53.375,71.98333333333333,64.375,74.91666666666667,42.91666666666666,68.75,8.923332788569283,2.4700638205880003,82.8,94.2,1213.5241666666666,1327.1924999999999,1291.6208333333334,1373.4666666666665,1110.1791666666666,1302.4708333333333,66.91799023182536,28.187472807328536,1596.96,1446.3600000000001,24.339097449502294,19.279267646196075,27.54686558582678,20.1097641569063,20.961164660419172,18.476296296296297,3.1540430911911996,0.6307295927159924,30.045276067538715,25.919896172092457,17.61368803592711,15.716918227645442,18.878120804243604,16.099727692379435,15.91306282010362,15.36715127467266,1.3960438448211034,0.327848051619067,19.15573402629182,18.121945821595688,,,,,,,,,,,5.0,5.0,2.0,0.0,1302.0,17.0,33.0,33.0,-1269.0,16.0,-2.1499999999999986,-11.733333333333327,1.709999999999999,-0.0416666666666643,-4.293333333333333,-27.066666666666677,-5.397500000000001,18.608333333333334,113.6683333333333,-5.059829803306219,-1.89676980828167,,-1285.0,1285.0,5,2,avg,home_minus_away
MLS-MAT-0006HA,LAFC 2,Austin FC II,Titan Stadium,478,406,88.28451882845188,84.72906403940887,11,11,5,4,0,0,23,6,6,3,,,2.7367,0.2499,1,0,422,344,0,0,10,11,4,7,615,544,ASA,3.5554547890430115,17,3,,2.4867999999999997,72,0,1,0,2025-08-29,MLS-STA-00001F,77.93333333333332,70.66666666666667,90.83333333333331,77.54166666666667,68.79166666666667,64.04166666666667,8.608206275280443,5.128386415064898,107.2,73.6,56.866666666666674,51.21666666666666,61.708333333333336,55.125,51.583333333333336,47.25,3.5994550127608043,3.6813625949579545,74.8,63.8,16.2725,19.976666666666667,20.225,22.85833333333333,12.0,16.933333333333334,3.582121403581961,2.8618367135460385,24.259999999999998,27.619999999999997,17.351666666666667,21.625833333333333,22.070833333333336,24.525,12.608333333333334,18.4625,4.195731544611077,2.942486016675921,25.44,28.72,21.269166666666667,43.16916666666666,46.15833333333333,50.42083333333333,3.954166666666667,36.61666666666667,21.811781387398568,6.472907346308065,35.260000000000005,67.52000000000001,91.0,39.15,128.0,46.54166666666666,38.875,28.75,40.39222843636577,6.4979029736950915,139.2,94.6,27.922500000000003,26.255000000000003,30.34166666666667,28.55,24.52083333333333,24.691666666666663,2.872022310633709,1.5305409356026907,34.02,33.2,56.56666666666666,53.68333333333332,63.875,59.29166666666666,51.91666666666666,50.29166666666666,4.728257989060151,3.8202448656248897,85.0,76.2,1495.2758333333334,1333.3991666666666,1618.7833333333335,1461.7375,1376.3416666666665,1196.3208333333334,87.99615001047876,98.40897529393727,1925.3,1602.58,28.389086950759996,26.129275275415864,31.162172922607613,28.5227136496427,24.445961937945288,24.325905348427327,3.319064331419987,1.6371396711458872,33.848690150532505,32.61173768670269,21.061595655972006,19.179857359392415,22.88005406209824,20.56573453599512,18.509026309348748,17.470542168022245,1.9363896604366442,1.1947600687476523,22.110910433070703,21.152742160169772,,,,,,,,,,,5.0,5.0,2.0,0.0,164.0,87.0,52.0,52.0,-112.0,-35.0,-7.2666666666666515,-5.650000000000013,3.7041666666666657,4.274166666666666,21.899999999999995,-51.85,-1.6675000000000004,-2.88333333333334,-161.87666666666678,-2.2598116753441317,-1.8817382965795915,,-77.0,77.0,5,2,avg,home_minus_away
MLS-MAT-0006HB,Atlanta,Huntsville,Fifth Third Stadium,279,564,78.49462365591398,89.00709219858156,14,15,2,2,0,0,16,19,3,7,,,1.3067,2.2145,2,0,219,502,0,0,15,14,7,3,416,703,ASA,-10.512468542667577,-3,-4,,-0.9078000000000002,-285,-1,0,0,2025-08-30,MLS-STA-000011,59.233333333333334,75.23333333333333,84.29166666666667,87.875,38.5,63.25,18.90552627173101,9.436998698974401,85.4,120.8,42.46666666666666,55.025,61.208333333333336,65.16666666666667,32.375,48.66666666666666,13.288381255400859,6.881978781167844,64.6,79.8,9.560833333333333,14.511666666666665,13.05,20.004166666666663,6.4375,7.783333333333334,3.0308291517705555,4.482990034873796,15.440000000000001,27.860000000000003,9.700833333333332,14.650833333333333,13.166666666666666,20.1875,6.525,7.854166666666667,3.0064144387921266,4.517040843971983,15.6,28.04,7.553333333333333,15.906666666666666,13.0625,26.09583333333333,4.3125,8.579166666666667,4.254409885309857,7.63222824515299,20.3,52.08,89.975,97.875,114.375,101.54166666666669,78.83333333333333,95.33333333333331,14.808986339006763,2.3835737058272746,132.4,157.2,22.30833333333333,21.759166666666665,23.525,22.95833333333333,21.441666666666663,20.53333333333333,0.8076403816743637,0.9219563288042557,27.560000000000002,26.839999999999996,54.7,64.19166666666666,66.16666666666667,73.58333333333333,44.375,56.25,10.58302164895368,7.001277165235243,74.6,85.6,1166.9108333333334,1353.2208333333333,1397.8791666666666,1581.8208333333332,980.2708333333334,1148.15,198.56458119340883,195.07229951976925,1401.5,1672.52,21.99566927452834,21.67811463499941,23.147812835925844,23.040877353163054,21.30142536430584,20.16428240740741,0.7446551235754444,1.1576034560078243,27.019021107720494,26.815702602301798,16.043456032054248,16.94547647098763,17.418775776756295,18.590337922190365,14.703723694510089,15.042537708819305,1.1798606255333108,1.6342866265351899,17.888287590910622,19.48270386611923,,,,,,,,,,,5.0,5.0,2.0,0.0,190.0,316.0,336.0,336.0,146.0,20.0,16.0,12.558333333333337,4.950833333333332,4.950000000000001,8.353333333333333,7.900000000000006,-0.5491666666666646,9.49166666666666,186.30999999999995,-0.3175546395289288,0.9020204389333806,,126.0,-126.0,5,2,avg,home_minus_away
MLS-MAT-0006HC,Sporting KC II,Colorado Rapids 2,Children's Mercy Victory Field,476,456,86.76470588235294,87.06140350877193,18,18,3,2,0,0,9,13,7,5,,,,,2,3,413,397,0,0,17,18,5,7,598,603,,-0.29669762641898956,-4,2,,,20,0,1,0,2025-08-31,MLS-STA-000026,60.275,53.725,65.29166666666667,61.79166666666666,50.875,40.958333333333336,5.517538324893325,8.615161457827961,87.2,84.6,48.4,47.391666666666666,52.375,52.375,39.458333333333336,39.91666666666666,5.23465017933386,4.55270066370867,68.0,69.0,11.943333333333333,8.8825,14.6,11.333333333333334,10.329166666666667,4.979166666666667,1.7516648826505345,3.071468444047208,18.36,16.080000000000002,12.516666666666667,9.075,15.508333333333333,11.6125,10.766666666666666,5.016666666666667,2.028835102959331,3.2146420657844814,19.1,16.3,18.461666666666666,15.949166666666667,23.633333333333336,23.633333333333336,14.216666666666669,11.0625,3.598078190738311,5.464310023029239,39.44,34.56,78.58333333333333,80.45833333333334,85.5,85.5,67.375,73.91666666666667,7.045795140838734,5.067598598503588,136.8,137.4,19.93333333333333,21.775,23.22083333333333,23.22083333333333,17.5125,20.08333333333333,2.5990466334365334,1.1434255004153104,25.619999999999997,27.2,72.68333333333332,59.916666666666664,84.29166666666667,63.79166666666666,61.25,54.708333333333336,10.489065073261349,4.189313454758692,95.0,82.8,1361.8858333333333,1247.0833333333335,1438.7125,1365.8041666666668,1246.6208333333334,1067.2041666666669,81.33860817936063,136.65143137895274,1643.1,1531.7400000000002,19.865721174949318,21.5587321619661,23.143275930903247,23.143275930903247,17.52025462962963,19.617060185185185,2.580144908894924,1.3093793858243379,25.304005905836455,26.869122876076027,16.227125478974227,16.311682526305766,17.796614885872156,17.796614885872156,14.895586015391268,14.29353886118003,1.181428511184479,1.4208128279416468,17.90055971020137,18.13317624243533,,,,,,,,,,,5.0,5.0,2.0,0.0,1597.0,276.0,280.0,280.0,-1317.0,4.0,-6.549999999999997,-1.0083333333333329,-3.060833333333333,-3.441666666666668,-2.5124999999999993,1.8750000000000142,1.8416666666666686,-12.766666666666659,-114.80249999999978,1.6930109870167804,0.08455704733153979,,-1321.0,1321.0,5,2,avg,home_minus_away
MLS-MAT-0006HE,New England Revolution II,Chicago Fire FC II,Gillette Stadium,382,546,83.24607329842932,85.53113553113553,14,10,3,2,0,0,15,10,7,5,,,1.3439,1.567,2,2,318,467,0,0,10,14,5,7,510,657,ASA,-2.28506223270621,5,2,,-0.22309999999999985,-164,4,1,0,2025-08-31,MLS-STA-00000N,50.05833333333334,49.791666666666664,54.375,53.958333333333336,43.208333333333336,43.208333333333336,5.030687080310203,4.172599942215618,55.6,57.0,36.958333333333336,37.71666666666667,42.708333333333336,42.708333333333336,31.375,31.375,4.838359455664929,4.910165192966752,51.0,51.8,9.096666666666668,8.75,11.904166666666669,10.875,7.029166666666666,7.029166666666666,1.8865763008394048,1.5277724116067375,14.76,15.76,9.397499999999999,9.065833333333334,11.9875,11.125,7.158333333333334,7.158333333333334,1.8349982970019345,1.5948005796615727,15.059999999999999,16.06,12.105,9.204166666666667,22.070833333333336,12.670833333333334,6.958333333333333,6.958333333333333,5.960708588330754,2.096597359082357,26.660000000000004,24.0,77.41666666666667,79.28333333333333,99.375,99.375,65.29166666666667,68.04166666666667,14.507481307549178,12.389315513331995,108.8,111.2,18.343333333333334,18.71,19.133333333333333,20.425,17.554166666666667,17.533333333333335,0.5883460220539151,1.055576297310831,21.82,23.44,67.60833333333332,63.58333333333333,79.625,80.875,54.125,55.54166666666666,10.64102549621563,10.219126946836289,87.4,84.4,1212.4775,1143.8316666666665,1457.3,1476.1708333333331,957.9,1013.3583333333332,217.29623484332012,188.4630310141163,1397.8799999999999,1389.56,17.998550925925926,18.29678703703704,18.73199074074074,19.973310185185184,17.054745370370373,17.029652777777777,0.7572748327910318,1.0820063142483112,21.383999999999997,22.89444444444445,14.32493946107087,14.07680397861372,16.046221461214678,16.12585002107019,12.442628112909878,13.094041435673224,1.5582252311282574,1.303495937872976,15.754270942372653,15.71007105702503,,,,,,,,,,,5.0,5.0,2.0,0.0,265.0,79.0,91.0,91.0,-174.0,12.0,-0.2666666666666728,0.7583333333333329,-0.34666666666666757,-0.3316666666666652,-2.900833333333333,1.86666666666666,0.36666666666666714,-4.0249999999999915,-68.64583333333348,0.2982361111111125,-0.24813548245714934,,-186.0,186.0,5,2,avg,home_minus_away
MLS-MAT-0006HF,TFC II,NYCFC II,York Lions Stadium,575,456,87.1304347826087,85.96491228070175,7,13,2,2,0,0,20,10,9,3,,,2.3768,1.0256,3,0,501,392,0,0,12,7,4,9,702,580,ASA,1.165522501906949,10,6,,1.3511999999999997,119,-6,0,0,2025-08-31,MLS-STA-00001H,54.3,37.74166666666666,71.04166666666667,49.79166666666666,43.125,30.0,10.34367761807505,8.601992259548558,59.2,43.2,37.983333333333334,28.008333333333336,55.083333333333336,31.291666666666668,29.416666666666668,22.75,10.18937866113533,3.215414263961782,48.2,35.0,13.398333333333332,6.655833333333334,25.89583333333333,9.8125,9.066666666666666,3.625,7.108119379351411,2.8583190597311248,24.22,10.620000000000001,13.668333333333333,6.865833333333333,26.15833333333333,10.25,9.5375,3.654166666666667,7.086721371104317,3.0644344797295893,24.6,10.959999999999999,15.959166666666667,9.996666666666666,33.325,13.925,6.5375000000000005,6.5375000000000005,10.186688532780853,3.333549992958791,35.3,16.8,64.79166666666666,63.733333333333334,74.0,68.16666666666667,60.0,60.0,6.091746465505606,4.0339918539553095,97.2,82.6,18.219166666666666,17.107499999999998,20.89583333333333,18.133333333333333,14.420833333333334,15.3625,2.754416592291167,1.098196912367418,22.52,20.119999999999997,58.31666666666666,64.55,61.16666666666666,72.875,54.25,59.25,2.643223778730137,5.546864730037444,82.2,81.8,1011.55,1082.1583333333333,1153.1291666666668,1315.525,856.2333333333332,943.5125,131.09866271751014,148.29716348574127,1228.74,1255.72,17.619351851851853,16.559277777777776,20.4575,17.905069444444447,13.515601851851851,14.587337962962962,2.987154772622077,1.2605583332792638,21.767555555555553,19.508777777777777,12.960273314862434,12.8482584275602,14.899727443790646,14.864925305787969,10.0234293542981,11.05880924893343,2.218863796378106,1.3855011643874355,14.18107856623486,14.282273131038389,,,,,,,,,,,5.0,5.0,2.0,0.0,27.0,87.0,165.0,165.0,138.0,78.0,-16.558333333333337,-9.974999999999998,-6.742499999999998,-6.8025,-5.9625,-1.058333333333323,-1.1116666666666681,6.233333333333334,70.60833333333335,-1.0600740740740768,-0.11201488730223375,,60.0,-60.0,5,2,avg,home_minus_away
MLS-MAT-0006HJ,Orlando City B,Crown Legacy FC,Osceola Heritage Park,483,347,86.33540372670808,85.01440922190201,11,22,2,4,0,0,11,25,3,6,,,1.0417,2.942,1,0,417,295,0,0,21,9,7,3,645,511,ASA,1.320994504806066,-14,-3,,-1.9003,136,-11,-2,0,2025-08-31,MLS-STA-000017,60.2,57.18333333333332,68.5,72.08333333333333,56.208333333333336,32.041666666666664,5.051247783139,14.982993831897105,84.8,88.8,46.35,44.50833333333333,52.29166666666666,55.125,44.41666666666666,34.708333333333336,3.345887816077782,7.289309142695059,68.0,74.8,12.273333333333333,10.661666666666667,15.675,13.1125,8.5875,6.65,3.1698840563269117,2.900835607583136,24.7,18.6,13.139166666666668,11.991666666666667,15.858333333333334,15.95,8.6875,7.495833333333334,3.347886978710934,3.356842876457315,26.02,20.080000000000002,11.135833333333334,9.6675,17.1375,10.029166666666669,8.383333333333333,8.895833333333334,3.52673888355486,0.47514069553718075,35.019999999999996,19.14,87.875,85.04166666666666,92.25,101.08333333333331,81.54166666666667,67.54166666666667,4.582386265788697,12.05337521886158,135.8,146.0,23.77,26.738333333333333,27.025,27.17083333333333,21.175,26.133333333333336,2.8827212139265597,0.39811186311833746,28.24,31.04,67.25833333333333,83.93333333333334,84.125,89.66666666666667,54.125,79.75,14.544215392687526,3.62267645839678,84.4,97.2,1599.8975,2215.3808333333336,2244.329166666667,2333.3416666666667,1109.9583333333333,2124.7625000000003,557.2726811766067,76.84877548408156,1908.0,2389.3599999999997,24.52376337133027,29.09015283107102,29.625938690457343,29.5663728599652,20.76131944444444,28.595005764529365,4.327369868428578,0.41373970675969574,29.684319658717804,35.57982228466981,19.329525141168254,24.451344129131606,24.75949934843035,24.737651495036715,15.07540133104755,24.208138358759992,4.744878412922489,0.24166917069131708,21.391938383978992,25.699571973967966,,,,,,,,,,,5.0,5.0,2.0,0.0,239.0,39.0,23.0,23.0,-216.0,-16.0,-3.01666666666668,-1.8416666666666686,-1.6116666666666664,-1.1475000000000009,-1.4683333333333337,-2.833333333333343,2.9683333333333337,16.67500000000001,615.4833333333336,4.566389459740751,5.121818987963351,,-200.0,200.0,5,2,avg,home_minus_away
MLS-MAT-0006HG,Whitecaps FC 2,Timbers2,Swangard Stadium,455,493,89.67032967032966,90.26369168356996,16,17,2,4,0,0,14,10,9,3,,,2.081,1.4751,4,1,408,445,0,1,16,14,4,9,580,616,ASA,-0.593362013240295,4,6,,0.6058999999999999,-38,-1,-2,0,2025-08-31,MLS-STA-00001E,56.516666666666666,94.51666666666668,62.375,127.66666666666669,52.91666666666666,74.95833333333333,3.692922096539694,24.18735823960756,71.6,124.4,42.68333333333334,55.15833333333334,50.708333333333336,83.5,36.708333333333336,45.708333333333336,5.2807137301694365,16.02226640751343,63.2,82.4,10.084166666666667,28.064999999999998,13.083333333333334,42.975,6.020833333333333,21.875,3.152795001176646,8.604402034714559,14.780000000000001,41.160000000000004,12.071666666666667,28.815833333333337,13.845833333333331,43.275,8.683333333333334,22.604166666666668,2.2851676786276416,8.338164432961914,17.619999999999997,41.9,8.620833333333334,30.175,11.891666666666666,34.19166666666667,3.883333333333333,24.245833333333334,3.8428527633922056,4.206906730141652,16.44,52.82000000000001,81.29166666666666,75.375,106.0,128.16666666666666,62.5,43.54166666666666,21.539188284251665,31.553649749276225,125.6,134.8,25.212500000000002,21.8525,26.570833333333336,23.391666666666666,24.429166666666664,20.1625,1.1809541810662199,1.1647774882878796,32.166666666666664,25.78,55.27777777777777,76.73333333333333,58.125,80.16666666666667,53.41666666666666,73.0,2.5042787458741618,2.599011564251134,81.66666666666667,94.0,1317.7069444444444,1643.9225,1364.6875,1683.0958333333335,1255.9541666666669,1590.5875,55.85157434201361,42.088522534851116,1537.6333333333332,1801.5,25.042430026411182,22.1425346267088,26.48726152990668,23.920682392803258,24.29329477845436,20.327546296296298,1.2515460385449113,1.2953883457089665,31.422144211317047,26.199316312954245,18.565867419981526,18.77777434279871,19.560260795093075,19.70751657309567,17.866933341389927,17.6331013954268,0.8844838117745544,0.7870363470518301,20.82620486519352,20.40919960973942,,,,,,,,,,,5.0,5.0,2.0,0.0,31.0,37.0,0.0,0.0,-31.0,-37.0,38.000000000000014,12.475000000000001,17.98083333333333,16.744166666666672,21.554166666666667,-5.916666666666657,-3.360000000000003,21.455555555555563,326.2155555555555,-2.8998953997023804,0.21190692281718526,,6.0,-6.0,5,2,avg,home_minus_away
MLS-MAT-0006HH,RBNY II,Columbus Crew 2,MSU Soccer Park,550,533,86.54545454545455,86.11632270168856,11,13,2,2,0,0,13,14,10,6,,,3.5778,2.1766,7,4,476,459,0,0,13,11,6,10,679,652,ASA,0.4291318437659868,-1,4,,1.4011999999999998,17,-2,0,0,2025-08-31,MLS-STA-000014,46.233333333333334,59.79166666666667,71.91666666666667,71.04166666666667,34.291666666666664,50.583333333333336,16.051366115277126,9.820569046083277,56.4,67.2,34.90833333333333,41.575,47.0,55.083333333333336,26.625,31.58333333333333,7.970289883895901,9.439242848637576,50.8,54.8,7.845833333333334,13.781666666666666,13.379166666666668,25.89583333333333,4.4875,7.3625,3.4371843289400577,7.179444519676371,15.459999999999999,25.3,8.0025,13.942499999999999,13.533333333333331,26.15833333333333,4.566666666666666,7.587499999999999,3.445074483149013,7.2240552294631115,15.84,25.580000000000002,9.574166666666667,17.163333333333334,11.808333333333332,33.325,6.729166666666667,10.6875,1.870973454292354,9.167077358224194,22.6,37.839999999999996,73.575,73.53333333333333,96.875,95.125,62.208333333333336,61.79166666666666,14.263559581831052,12.82363675882245,111.2,112.8,18.291666666666664,19.983333333333334,20.854166666666668,20.975,16.995833333333334,19.054166666666667,1.7076218030413592,0.8146392777038058,23.240000000000002,24.56,57.21666666666666,56.90833333333334,61.5,61.708333333333336,50.75,50.958333333333336,4.564868106893485,4.225768339078181,79.4,83.4,1001.9125,1085.3125,1218.4833333333331,1220.0625,860.1166666666667,922.3208333333332,136.5579287628005,106.55187781043826,1172.78,1299.1,17.67037962962963,19.523162037037036,20.575949074074074,20.548935185185183,16.1675,18.345717592592592,1.8801798423425318,0.9394789117321468,22.59611111111111,24.006333333333334,12.913549203483097,14.327042326644914,15.636460137303397,15.470548856584642,11.335107066375516,12.736840387885785,1.628534713443277,1.0483123543849335,14.601704355664817,15.44564185617494,,,,,,,,,,,5.0,5.0,2.0,0.0,231.0,4.0,5.0,5.0,-226.0,1.0,13.558333333333337,6.666666666666671,5.935833333333332,5.9399999999999995,7.589166666666667,-0.041666666666671404,1.69166666666667,-0.3083333333333229,83.39999999999998,1.8527824074074069,1.4134931231618175,,-227.0,227.0,5,2,avg,home_minus_away
MLS-MAT-0006HI,FC Cincinnati 2,Philadelphia Union II,NKU Soccer Stadium,444,297,79.27927927927928,73.73737373737374,11,11,1,3,0,0,13,22,6,7,,,1.8685,2.5501,1,2,352,219,0,0,11,11,7,7,607,480,ASA,5.541905541905535,-9,-1,,-0.6816,147,0,-2,0,2025-08-31,MLS-STA-000016,58.93333333333332,53.416666666666664,72.0,59.25,52.333333333333336,49.583333333333336,7.704481019366443,3.6854396315470668,63.6,61.8,42.258333333333326,40.40833333333333,51.91666666666666,45.958333333333336,38.66666666666666,35.916666666666664,5.468216243793664,3.624568939887887,59.0,55.0,13.834166666666667,10.578333333333333,24.058333333333334,13.733333333333334,9.2375,8.695833333333333,5.899037998314264,1.9827892285868411,26.880000000000003,19.380000000000003,14.029166666666669,10.7825,24.3625,13.958333333333334,9.354166666666666,8.879166666666666,5.961502653600759,2.021892763531791,27.160000000000004,19.740000000000002,16.231666666666666,12.841666666666669,28.8875,17.729166666666668,8.641666666666667,8.641666666666667,7.748648291619785,3.331370515852131,41.379999999999995,27.72,68.75833333333334,71.39166666666668,75.66666666666667,82.29166666666667,59.833333333333336,61.0,6.348282794933167,8.070414934947411,114.2,115.8,19.639166666666664,18.835,21.025,19.95833333333333,18.1875,18.075,1.0264454577705397,0.7922180097675111,24.6,24.119999999999997,56.81666666666666,60.45833333333333,63.125,63.25,52.208333333333336,57.79166666666666,4.490305916329335,2.3544431990977803,79.6,87.0,1061.2441666666666,1074.4816666666668,1137.9541666666669,1178.6625,987.5916666666668,974.8625,68.30576143444193,82.91763879245873,1222.4,1255.02,19.142185185185184,18.352689814814816,20.56041666666667,19.66125,17.566458333333333,17.509444444444444,1.082322895248874,0.9125928465974492,24.03466666666667,23.553666666666665,14.013571640322875,13.73177939718958,14.791157007873222,15.004714122349093,12.81880728466065,12.73462982600532,0.8248846026576009,0.9190233099764077,15.48460309303473,15.426046333989465,,,,,,,,,,,5.0,5.0,2.0,0.0,10.0,160.0,266.0,266.0,256.0,106.0,-5.516666666666659,-1.8499999999999943,-3.2558333333333334,-3.246666666666668,-3.389999999999997,2.63333333333334,-0.8041666666666636,3.6416666666666657,13.237500000000182,-0.7894953703703678,-0.2817922431332942,,150.0,-150.0,5,2,avg,home_minus_away
MLS-MAT-0006HK,Houston Dynamo 2,St Louis CITY2,SaberCats Stadium,256,336,72.265625,74.10714285714286,17,11,5,2,0,0,11,16,6,5,,,,,2,2,185,249,0,0,11,17,5,6,402,485,,-1.8415178571428612,-5,1,,,-80,6,3,0,2025-08-31,MLS-STA-00000Y,55.9,62.266666666666666,67.54166666666667,86.08333333333333,47.29166666666666,51.833333333333336,7.928259056480606,13.628331651787427,86.2,81.2,45.13333333333333,45.56666666666667,54.125,60.75,39.66666666666666,38.5,6.89853295595842,9.199260235958588,70.6,69.6,8.911666666666667,12.120833333333334,11.333333333333334,15.279166666666669,6.833333333333333,9.15,2.042156403848094,2.230188628668985,16.78,19.28,10.0425,14.848333333333334,15.233333333333334,18.2,6.904166666666666,10.591666666666669,3.4263612461164823,2.9973970188963763,17.9,22.8,16.385833333333334,18.491666666666667,21.925,27.05,10.020833333333334,10.020833333333334,4.314617636271171,7.533616214268475,49.04,39.94,80.075,76.025,103.04166666666669,97.16666666666669,66.54166666666667,60.29166666666666,13.690096785633042,13.771025591194492,138.8,137.8,23.610833333333332,27.82833333333333,29.40833333333333,29.40833333333333,19.104166666666668,26.791666666666668,4.3580540860189725,1.0048942730456767,28.880000000000003,32.38,66.7,82.175,88.625,88.625,55.333333333333336,74.75,14.596404856067204,5.515870410813591,89.0,96.0,1559.6783333333333,2255.4625,2358.554166666667,2358.554166666667,1045.5875,2157.795833333333,645.9369801535297,92.85265624940112,1736.36,2423.58,24.842071020864957,31.34521744202338,33.77716147582448,33.77716147582448,18.60743055555556,29.845322594207055,6.626757321789841,1.5286178771954764,31.343059661612482,39.28574359908631,19.027624653402484,25.245807969152573,25.61660058715491,25.61660058715491,13.711203423700502,24.62279022243853,5.908542990219343,0.38010626685558846,21.014936730790602,26.86277307305513,,,,,,,,,,,5.0,5.0,2.0,0.0,152.0,20.0,14.0,14.0,-138.0,-6.0,6.366666666666667,0.4333333333333371,3.2091666666666665,4.805833333333334,2.105833333333333,-4.049999999999997,4.217499999999998,15.474999999999994,695.7841666666668,6.503146421158423,6.218183315750089,,-132.0,132.0,5,2,avg,home_minus_away
MLS-MAT-0006HL,MNUFC2,Town FC,National Sports Center Stadium,329,447,74.77203647416414,79.6420581655481,21,13,4,3,0,0,12,19,5,2,,,,,1,0,246,356,1,0,12,19,2,5,462,599,,-4.870021691383954,-7,3,,,-118,8,1,0,2025-08-31,MLS-STA-000015,55.166666666666664,48.81666666666666,62.54166666666666,59.083333333333336,47.708333333333336,44.208333333333336,5.412017235334296,5.947440509253634,61.4,59.6,36.1,38.29166666666667,39.54166666666666,48.208333333333336,32.875,30.70833333333333,2.4503046862697593,6.950219820664349,50.2,56.2,11.209999999999999,9.309166666666666,13.9625,12.954166666666666,7.6875,5.458333333333333,2.764201964401299,2.750627138086472,17.4,15.440000000000001,12.419999999999998,9.499166666666667,16.349999999999998,13.291666666666666,7.870833333333334,5.620833333333334,3.6539640289690865,2.796828871438349,18.78,15.62,12.276666666666666,15.668333333333333,13.658333333333331,23.15416666666667,10.045833333333333,8.904166666666667,1.3568838124745817,5.704070488597498,31.4,46.120000000000005,59.883333333333326,63.31666666666666,72.5,73.5,52.79166666666666,48.91666666666666,8.542652382148193,9.411715143609287,103.4,114.0,19.256666666666668,19.46,19.7375,20.495833333333334,18.679166666666667,17.779166666666665,0.4092633965770427,1.0952533319333528,25.72,24.339999999999996,72.05833333333332,72.49166666666666,75.08333333333333,79.25,69.83333333333333,63.29166666666666,2.362650641875684,5.859198608456058,93.2,91.6,1322.9791666666665,1372.2333333333331,1463.5125,1563.2958333333331,1206.0291666666667,1079.2583333333334,94.52280584416015,189.82176981809792,1442.6200000000001,1539.26,19.115302818600796,19.354393518518517,19.72731481481481,20.557129629629628,18.405518722633616,17.265254629629627,0.49217226389733926,1.3501809223283923,25.503094246298676,24.260444444444442,15.604711899715587,15.950495614747316,16.61091058695394,17.65099701319112,14.637852467334822,13.230275109595864,0.7085862109576664,1.745592694917837,18.129564946614344,18.229978462101823,,,,,,,,,,,5.0,5.0,2.0,0.0,17.0,257.0,275.0,275.0,258.0,18.0,-6.350000000000001,2.19166666666667,-1.900833333333333,-2.9208333333333307,3.3916666666666675,3.433333333333337,0.20333333333333314,0.4333333333333371,49.254166666666606,0.23909069991772114,0.3457837150317289,,240.0,-240.0,5,2,avg,home_minus_away
MLS-MAT-0006HM,Real Monarchs,Tacoma Defiance,Zions Bank Stadium,442,426,88.91402714932127,87.08920187793427,10,14,4,1,0,0,7,6,5,2,,,0.6489,0.5903,3,0,393,371,0,0,14,10,2,5,570,548,ASA,1.8248252713869988,1,3,,0.058599999999999985,16,-4,3,0,2025-08-31,MLS-STA-00001I,74.28333333333333,68.88333333333333,80.95833333333333,78.83333333333333,65.29166666666667,58.79166666666666,7.000520813958531,8.886113933173117,96.8,85.8,50.01666666666666,50.166666666666664,55.29166666666666,53.375,38.91666666666666,45.66666666666666,6.71774701816018,3.601335593298074,71.2,66.6,18.65,17.57,20.754166666666663,23.370833333333334,15.6875,13.845833333333331,2.1910704987643714,3.7106317783423957,27.919999999999998,25.68,23.581666666666667,21.359166666666663,31.92083333333333,26.54583333333333,17.270833333333332,17.858333333333334,6.565120244096406,3.247816306980566,32.32,28.9,16.15083333333333,13.5475,17.4375,16.4875,14.270833333333334,8.670833333333333,1.3338228268152155,3.554353013872176,33.38,28.820000000000004,80.86666666666667,91.725,95.66666666666669,95.29166666666669,56.625,87.95833333333333,16.56294286619649,2.8808214009973723,142.4,132.4,22.229999999999997,21.270833333333332,24.870833333333334,22.65,21.075,20.1875,1.567913953846532,1.0161585137172249,27.160000000000004,25.839999999999996,63.75,66.875,74.375,75.75,50.66666666666666,60.458333333333336,11.447987753798094,6.0580954790538994,89.0,92.8,1363.7908333333332,1365.5766666666666,1598.9166666666667,1509.0541666666668,998.9791666666666,1196.1458333333333,297.8983699422272,130.22812828200097,1645.7599999999998,1624.8,22.167486083110084,21.196890341582872,25.09346362867909,22.703000780778435,20.60453703703704,20.239722222222223,1.851691481017057,1.0224260106677465,26.878225884752027,25.53423099656312,17.223555471079244,16.800034854770367,20.073128087479635,18.16062856718788,14.342835270760974,15.945636608258113,2.529951875656174,0.8727509028186432,18.200243440605846,17.967380551609462,,,,,,,,,,,5.0,5.0,2.0,0.0,42.0,1302.0,1509.0,1509.0,1467.0,207.0,-5.400000000000006,0.15000000000000568,-1.0799999999999983,-2.2225000000000037,-2.6033333333333317,10.85833333333332,-0.9591666666666647,3.125,1.7858333333333576,-0.9705957415272124,-0.4235206163088776,,1260.0,-1260.0,5,2,avg,home_minus_away
MLS-MAT-0006HD,Ventura County,North Texas SC,William Rolland Stadium,502,287,86.45418326693228,79.09407665505226,16,12,3,3,0,0,21,8,7,5,,,1.9556,1.1122,0,1,434,227,0,1,12,16,5,7,638,440,ASA,7.360106611880013,13,2,,0.8433999999999999,215,4,0,0,2025-08-31,MLS-STA-00004W,63.908333333333324,55.21666666666666,92.91666666666669,58.375,38.91666666666666,52.625,20.891261131551325,2.2248595461286995,98.2,62.0,43.44166666666666,40.7,63.25,42.29166666666666,28.75,38.29166666666666,14.22932222950591,1.5591352660297908,61.8,62.4,13.463333333333333,11.3225,18.820833333333333,12.1875,7.183333333333334,10.3125,5.375762542808849,0.8049251604272847,18.619999999999997,16.880000000000003,15.021666666666665,13.376666666666665,19.14583333333333,14.4375,9.083333333333334,12.45,4.410573036906755,0.8389011910429821,20.1,19.080000000000002,6.458333333333333,13.79583333333333,7.816666666666666,15.166666666666666,5.179166666666666,12.1875,1.153124529509088,1.4341960824021867,11.6,27.04,89.56666666666666,70.575,118.16666666666669,78.0,62.41666666666666,62.91666666666666,21.933148903733215,5.341741419133736,126.0,124.4,26.763333333333332,23.520833333333332,29.98333333333333,25.22083333333333,25.125,22.066666666666663,1.8752740540459079,1.282308167372848,32.7,28.160000000000004,58.53333333333334,68.26666666666667,63.958333333333336,78.0,50.625,59.41666666666666,5.627962183004903,7.798604308891863,79.6,86.4,1509.8233333333333,1559.2316666666668,1806.8166666666664,1698.2458333333334,1252.2208333333333,1451.9541666666669,241.8941474728092,107.51129493311124,1801.92,1744.06,27.36478996447185,23.71023103517436,32.36874782641326,25.30599203264076,24.716940456304272,22.36555555555556,2.984166994350887,1.178462128351351,33.39412655591296,28.272410590405322,20.49947164123663,19.112430554152233,24.006943335914315,19.378609467239915,18.144054245264822,18.900446193059324,2.3411914613627736,0.19230817024514865,22.29490187092687,20.583957869103806,,,,,,,,,,,5.0,5.0,2.0,0.0,219.0,25.0,272.0,272.0,53.0,247.0,-8.691666666666663,-2.74166666666666,-2.140833333333333,-1.6449999999999996,7.337499999999998,-18.99166666666666,-3.2424999999999997,9.733333333333327,49.40833333333353,-3.6545589292974903,-1.3870410870843983,,-194.0,194.0,5,2,avg,home_minus_away
MLS-MAT-0006HP,Crown Legacy FC,Carolina Core FC,Mecklenburg County Sportsplex,464,280,87.28448275862068,77.5,15,12,5,2,0,0,20,11,5,9,,,2.9342,1.5367,3,4,405,217,0,0,12,15,9,8,597,412,ASA,9.784482758620683,9,-4,,1.3975000000000002,184,3,3,0,2025-09-04,MLS-STA-000039,61.770833333333336,63.466666666666676,73.54166666666667,73.54166666666667,50.0,50.0,16.64647214043331,9.232359304822001,101.5,98.6,48.41666666666666,48.008333333333326,56.04166666666666,56.04166666666666,40.79166666666666,40.79166666666666,10.78337841309485,5.891554690119297,75.5,72.8,13.585416666666664,11.595833333333333,18.504166666666663,18.504166666666663,8.666666666666666,8.016666666666667,6.956162959922659,4.193240261288264,23.65,18.439999999999998,14.097916666666666,11.865,18.991666666666667,18.991666666666667,9.204166666666667,8.075000000000001,6.920807620863333,4.287520853528814,24.05,18.66,13.985416666666666,11.008333333333333,18.575,18.575,9.395833333333334,6.470833333333334,6.4906509956415155,4.956485124729686,34.45,26.54,91.52083333333334,95.29166666666667,96.79166666666669,99.41666666666669,86.25,86.25,7.454083985008202,5.22497341832686,148.5,144.4,21.210416666666667,21.65416666666667,21.695833333333336,23.4,20.725,20.325,0.6864828334019398,1.2071294289898375,26.9,26.919999999999998,57.47916666666667,58.9,58.333333333333336,65.41666666666667,56.625,53.25,1.2079740845270228,4.3745634702854135,83.5,85.4,1160.1458333333335,1217.5916666666667,1209.5333333333333,1397.5083333333332,1110.7583333333334,1042.3375,69.84447231170121,141.23595511540643,1401.6,1459.72,20.887318759060005,21.388794752058153,21.443040295897784,23.2149126597826,20.331597222222225,19.953611111111112,0.7859089342988076,1.3308396523252717,26.512898089653376,26.515066695443572,15.479616465143264,16.053594895675513,16.04887572412048,17.551703913461786,14.910357206166047,14.423521711363293,0.8050541645520386,1.4248369640364051,17.738293084805527,17.98259065720682,,,,,,,,,,,2.0,5.0,2.0,0.0,,239.0,228.0,228.0,,-11.0,1.69583333333334,-0.40833333333333144,-1.9895833333333304,-2.232916666666666,-2.977083333333333,3.7708333333333286,0.4437500000000014,1.4208333333333272,57.44583333333321,0.5014759929981487,0.5739784305322484,,,,5,2,avg,home_minus_away
MLS-MAT-0006HO,Tacoma Defiance,Whitecaps FC 2,Starfire Sports Complex,458,432,85.58951965065502,85.41666666666667,11,11,2,4,0,0,11,18,5,5,,,1.8859,1.7583,1,3,392,369,0,0,11,10,7,5,595,597,ASA,0.17285298398834925,-7,0,,0.12759999999999994,26,0,-2,0,2025-09-04,MLS-STA-00001D,77.9,69.51666666666667,98.45833333333331,83.20833333333333,59.54166666666666,56.125,14.021548396822814,10.801057689977506,84.2,77.6,49.016666666666666,46.1,54.79166666666666,55.625,45.708333333333336,34.083333333333336,3.7238206559631375,8.936193571960914,63.0,65.0,23.698333333333334,21.016666666666666,32.12916666666667,31.14583333333333,17.320833333333333,11.295833333333334,6.722149075589179,7.80448533341209,38.339999999999996,34.019999999999996,24.328333333333333,22.063333333333333,32.545833333333334,31.754166666666663,17.724999999999998,12.625,6.64887430426301,7.5165294702926415,39.160000000000004,35.12,27.583333333333332,22.2425,31.42083333333333,29.27916666666667,24.245833333333334,14.7875,2.6853980798425803,6.799010855345881,58.82000000000001,53.6,67.76666666666668,60.9,83.83333333333333,74.58333333333333,60.208333333333336,50.04166666666666,9.264093992398822,10.05309688327156,123.4,122.4,20.807499999999997,20.952499999999997,22.175,22.570833333333336,19.904166666666665,19.941666666666663,0.8841358382938426,1.0495724989516257,25.4,26.339999999999996,79.13333333333334,73.0,85.5,74.66666666666667,72.5,71.16666666666667,5.353753226579571,1.3166271091104131,96.8,93.8,1602.3158333333333,1472.2649999999999,1692.8125,1535.7125,1503.15,1408.9958333333334,83.28591210111037,60.31014370757027,1737.08,1713.8200000000002,21.02330226828172,21.022756502481577,22.40729837844565,22.78128206172761,20.18263888888889,19.8975,0.8910225068641311,1.159687185832753,25.612985887171554,26.38985132363378,18.051498275563898,17.345818310654874,18.67177321652175,18.550499614296537,17.485937753703407,16.445348919512835,0.5008333373826708,0.8838436500843786,19.891853951016294,19.250376883742653,,,,,,,,,,,5.0,5.0,2.0,0.0,37.0,42.0,45.0,45.0,8.0,3.0,-8.38333333333334,-2.9166666666666643,-2.6816666666666684,-2.2650000000000006,-5.340833333333332,-6.866666666666681,0.14499999999999957,-6.13333333333334,-130.05083333333346,-0.0005457658001439825,-0.7056799649090237,,5.0,-5.0,5,2,avg,home_minus_away
MLS-MAT-0006DM,Sporting KC II,Real Monarchs,Children's Mercy Victory Field,476,592,89.28571428571429,91.55405405405403,15,14,1,1,0,0,10,7,3,3,,,,,2,1,425,542,0,0,13,14,3,4,629,728,,-2.268339768339743,3,0,,,-116,1,0,0,2025-09-06,MLS-STA-000026,65.55,56.1,70.66666666666667,63.54166666666666,62.91666666666666,48.083333333333336,3.129635450904081,6.840989105710109,96.6,69.0,48.475,39.666666666666664,55.875,43.5,34.958333333333336,33.583333333333336,9.046830322764366,4.954392691788208,66.2,58.4,12.168333333333333,12.057500000000001,18.4375,18.4375,9.283333333333331,7.854166666666667,3.8852536829086928,4.281284367258653,18.380000000000003,18.66,15.14166666666667,12.2375,18.625,18.625,12.891666666666666,8.016666666666667,2.2358835719290533,4.297001134512301,22.8,18.98,15.885,9.909166666666668,21.204166666666666,12.470833333333331,8.229166666666666,7.545833333333333,5.942756153035765,2.0096239801680977,34.5,28.360000000000003,76.80833333333332,75.6,90.95833333333331,92.54166666666669,54.54166666666666,54.54166666666666,14.149671177961856,13.865537313786307,128.8,114.6,21.651666666666664,19.316666666666666,24.3,20.904166666666665,17.5125,17.5125,3.278232872126213,1.3044295528442051,27.82,23.14,54.85,71.2,61.583333333333336,83.20833333333333,50.41666666666666,60.29166666666666,5.583846369464135,9.901529062613404,89.4,86.2,1044.0433333333335,1356.67,1104.4458333333334,1610.275,1017.35,1055.3791666666666,37.095499830018206,257.1011538664198,1495.9,1592.1399999999999,20.934928393163045,19.179332634617023,23.44275776997844,21.110806691603628,16.893587962962965,16.893587962962965,3.1286228896837516,1.6541629295814237,26.436082189419572,23.18864429103602,14.834681512595324,15.710710604028483,16.003978590369698,17.668090755359902,12.797133853937943,12.797133853937943,1.4439188137900454,2.2390599186819466,16.940145311500693,18.101512000544734,,,,,,,,,,,5.0,5.0,2.0,0.0,1302.0,276.0,280.0,280.0,-1022.0,4.0,-9.449999999999996,-8.808333333333337,-0.11083333333333201,-2.9041666666666686,-5.975833333333332,-1.2083333333333286,-2.3349999999999973,16.35,312.62666666666655,-1.755595758546022,0.8760290914331588,,-1026.0,1026.0,5,2,avg,home_minus_away
MLS-MAT-0006HS,Town FC,Timbers2,St. Mary’s College,489,273,87.73006134969326,68.86446886446886,18,22,4,3,0,0,13,7,4,2,,,,,2,2,429,188,0,0,21,17,2,4,669,427,,18.865592485224397,6,2,,,216,-4,1,0,2025-09-06,MLS-STA-000024,55.33333333333333,51.5,62.66666666666666,56.583333333333336,48.958333333333336,41.5,5.387340484877486,6.002025121203307,61.0,55.2,37.85,32.99166666666667,45.29166666666666,35.208333333333336,28.875,30.291666666666668,6.627331874727398,2.1117643360733016,50.8,40.4,13.290000000000001,10.99,18.40833333333333,12.629166666666668,7.895833333333333,9.1125,4.046168669590749,1.4453097034507478,19.259999999999998,14.1,14.54583333333333,13.65,18.841666666666665,16.095833333333335,8.820833333333333,10.808333333333332,4.315515250233742,2.16793432467663,21.1,18.0,10.6625,9.1075,14.245833333333332,12.733333333333334,7.274999999999999,4.8500000000000005,2.822662196402538,3.381624671170156,21.48,17.4,65.23333333333333,55.641666666666666,72.08333333333333,64.54166666666667,56.083333333333336,43.04166666666666,6.236485388421911,8.615111078151516,111.8,85.8,21.035,19.799166666666668,24.78333333333333,22.3875,17.95,17.895833333333332,3.064447510019819,1.882977012752825,27.78,26.28,68.73333333333333,72.50833333333334,77.79166666666667,78.79166666666667,61.625,63.333333333333336,7.721981161305406,6.07957932115555,92.0,93.6,1353.0891666666666,1359.3383333333334,1451.2291666666667,1424.6875,1285.475,1307.5125,60.773225627121406,42.491529834060906,1487.4,1496.7,20.958839392621098,19.689871904194057,24.92082730707936,22.155285128316947,17.831782407407406,17.798310185185183,3.1535450030336842,1.8554540316459347,27.530370356382253,25.892079985286692,16.71016972703671,16.109337052480726,19.17987291271705,17.087887782805677,15.069902628625066,15.22352527935377,1.7898904291111732,0.9012666460972758,19.115123113083346,18.120480228647136,,,,,,,,,,,5.0,5.0,2.0,0.0,31.0,17.0,149.0,149.0,118.0,132.0,-3.8333333333333286,-4.858333333333334,-2.3000000000000007,-0.8958333333333304,-1.5549999999999997,-9.591666666666669,-1.235833333333332,3.7750000000000057,6.249166666666724,-1.268967488427041,-0.6008326745559849,,-14.0,14.0,5,2,avg,home_minus_away
MLS-MAT-0006HQ,North Texas SC,Ventura County,Choctaw Stadium,417,375,86.33093525179856,81.33333333333333,13,6,2,2,0,0,12,17,3,7,,,0.7283,2.0435,1,1,360,305,0,0,6,12,7,3,546,485,ASA,4.997601918465236,-5,-4,,-1.3152,42,7,0,0,2025-09-06,MLS-STA-000010,56.416666666666664,62.925,60.75,67.91666666666667,51.16666666666666,57.833333333333336,3.9366731936158152,4.598875164404641,81.2,99.8,43.93333333333333,50.291666666666664,46.875,56.66666666666666,37.458333333333336,48.0,3.710392686615377,3.590351654086265,69.4,79.0,8.925833333333333,10.872499999999999,12.054166666666667,13.479166666666666,4.629166666666666,8.120833333333334,3.05541044478661,2.020473765261779,15.719999999999999,20.34,10.285,11.022499999999999,15.266666666666666,13.695833333333333,4.691666666666666,8.237499999999999,4.299366676551843,2.0643522827323406,19.16,20.68,13.525833333333333,16.106666666666666,15.725,25.729166666666668,11.266666666666666,8.3875,1.7237122810311987,6.735872303899804,35.18,53.7,85.48333333333333,93.43333333333332,98.16666666666669,102.5,71.41666666666667,75.95833333333333,11.02343620806749,11.071288881607234,139.2,149.8,26.883333333333333,27.026666666666664,28.89583333333333,28.766666666666666,25.29583333333333,25.55,1.616194089004576,1.5085709987711333,32.019999999999996,32.7,60.4,63.675,66.875,79.45833333333333,53.875,52.875,6.048745852562237,11.56001850248423,78.0,87.4,1578.4733333333334,1649.5341666666668,1660.2666666666669,1986.6333333333328,1435.5958333333335,1413.6541666666665,94.79512908511654,230.56084276609897,1828.42,2006.1200000000001,27.5506528264199,27.70945239147148,30.15417589286039,29.646144998649927,25.816880929801773,26.591753229558982,1.8816068802493153,1.4460145469315724,33.01580734929023,33.274910348660924,21.007358400462977,21.479915740860406,21.88180586722504,22.614804445414208,20.43301285359143,20.700155767364404,0.5654031268984486,0.7503734801136559,23.00124460955748,23.157199749874273,,,,,,,,,,,5.0,5.0,2.0,0.0,25.0,219.0,187.0,187.0,162.0,-32.0,6.508333333333333,6.358333333333334,1.9466666666666654,0.7374999999999989,2.5808333333333326,7.949999999999989,0.14333333333333087,3.2749999999999986,71.06083333333345,0.15879956505158077,0.47255734039742947,,194.0,-194.0,5,2,avg,home_minus_away
MLS-MAT-0006HR,Columbus Crew 2,Inter Miami CF II,Historic Crew Stadium,474,433,84.38818565400844,83.14087759815243,11,16,2,2,0,0,16,8,8,1,,,2.9069,0.495,4,0,400,360,0,0,16,11,1,8,586,547,ASA,1.24730805585601,8,7,,2.4118999999999997,41,-5,0,0,2025-09-07,MLS-STA-000012,47.15,53.275,54.125,56.54166666666666,36.333333333333336,48.5,7.295510891408956,2.9392872813357678,56.6,81.2,37.05833333333334,40.29166666666667,45.083333333333336,51.75,30.916666666666668,30.916666666666668,5.320916535501923,8.632947224313245,51.4,58.2,8.41,8.940000000000001,13.066666666666668,13.066666666666668,5.745833333333334,6.654166666666666,2.833594657066455,2.5242170815918357,13.74,13.84,9.364166666666666,9.061666666666666,13.245833333333332,13.245833333333332,7.25,6.699999999999999,2.4792307414689017,2.5575076707824573,14.819999999999999,14.1,13.528333333333332,10.088333333333333,20.541666666666668,13.866666666666667,7.7,6.945833333333333,4.689123237462534,3.1993345119640813,30.32,28.5,71.625,80.35833333333332,81.16666666666667,93.08333333333331,63.375,63.375,7.642114218082733,11.717397144132876,109.2,120.6,23.719166666666666,19.480833333333333,27.8125,20.866666666666667,18.0625,18.0625,4.685376926613745,1.0746470673874498,27.639999999999997,24.580000000000002,73.025,58.35,88.16666666666667,67.5,49.125,49.125,17.161902656109486,7.031587954841116,85.4,83.2,1770.0125,1086.8775,2338.070833333333,1268.8958333333333,874.6083333333332,874.6083333333332,719.8783066826584,153.46763325969854,1938.08,1326.26,25.19904057868009,19.01206172344615,31.020355622965123,20.579206664971117,17.20701388888889,17.20701388888889,6.6337515357793855,1.2452762421533183,30.747351088081793,24.322925807151996,20.21268361471903,14.10067134002963,25.149824787622094,15.478098478966167,11.845275918321253,11.845275918321253,6.632170571059335,1.4064813717478146,22.12115320177501,16.88277825556787,,,,,,,,,,,5.0,5.0,2.0,0.0,6.0,231.0,227.0,227.0,221.0,-4.0,6.125,3.2333333333333343,0.5300000000000011,-0.3025000000000002,-3.4399999999999995,8.73333333333332,-4.238333333333333,-14.675000000000004,-683.135,-6.186978855233942,-6.1120122746894,,225.0,-225.0,5,2,avg,home_minus_away
MLS-MAT-0006DS,New England Revolution II,Huntsville,Gillette Stadium,270,549,77.03703703703704,88.88888888888889,21,8,7,5,0,0,7,18,1,3,,,1.2021,2.9613,1,0,208,488,0,0,7,21,3,1,421,722,ASA,-11.851851851851848,-11,-2,,-1.7592,-279,13,2,0,2025-09-08,MLS-STA-00000N,64.325,52.675,72.70833333333333,62.0,61.875,38.583333333333336,4.7023745479160715,9.832600608293934,92.4,75.8,47.475,41.599999999999994,53.25,47.79166666666666,41.458333333333336,32.916666666666664,4.6488312449952875,5.5734988013714375,66.0,60.8,13.9,9.401666666666667,19.166666666666668,19.166666666666668,8.929166666666667,5.15,4.484991367822735,5.804447528500117,21.48,15.52,14.404166666666665,10.350833333333332,19.404166666666665,19.404166666666665,9.008333333333333,6.075,4.28491884565961,5.498169992269144,21.96,16.56,7.543333333333332,10.000833333333333,18.39583333333333,18.39583333333333,3.6041666666666665,4.3125,6.159798117407924,5.585476423278499,15.919999999999998,19.04,93.475,84.76666666666668,108.45833333333331,105.04166666666669,62.04166666666666,62.04166666666666,18.07806662935934,17.35394407620355,130.0,120.0,22.8,19.738333333333333,26.34583333333333,23.28333333333333,16.645833333333332,16.650000000000002,3.6591945645334447,2.612068677844779,28.26,25.1,80.33333333333334,81.46666666666667,98.54166666666669,98.54166666666669,72.625,71.625,10.770047521302374,10.32545062239686,97.8,98.6,1758.1924999999999,1551.5099999999998,1870.9625,1864.7875,1622.9666666666665,1239.2291666666667,118.69461798473284,254.4307979616243,2019.8,1771.98,23.523751795368845,19.95734853175137,27.786154292530195,24.09187842822658,16.939004629629633,16.94358796296296,4.016717568581698,2.898447475882405,29.694293387547997,25.571459905622653,20.01549026376939,17.272917457539613,22.414907093455565,20.79327605584336,16.459869542228393,14.773380550577215,2.2471426188274504,2.4623681194509612,22.29876216446049,19.38630990151031,,,,,,,,,,,5.0,5.0,2.0,0.0,190.0,79.0,91.0,91.0,-99.0,12.0,-11.650000000000006,-5.875000000000007,-4.498333333333333,-4.053333333333333,2.4575000000000005,-8.708333333333314,-3.0616666666666674,1.1333333333333258,-206.68250000000012,-3.566403263617474,-2.742572806229777,,-111.0,111.0,5,2,avg,home_minus_away
MLS-MAT-0006HT,Chicago Fire FC II,FC Cincinnati 2,SeatGeek Stadium,346,362,83.52601156069365,85.91160220994475,10,19,1,2,0,0,9,15,4,7,,,1.4934,1.7997,2,1,289,311,0,0,18,10,7,4,495,513,ASA,-2.3855906492510996,-6,-3,,-0.3063,-16,-9,-1,0,2025-09-10,MLS-STA-00001B,49.516666666666666,45.05,59.25,52.16666666666666,35.083333333333336,38.583333333333336,10.433428181145018,5.597494479179447,61.0,55.2,41.08333333333333,34.19166666666667,46.79166666666666,45.583333333333336,35.5,26.75,4.719842128951157,7.084840525924195,55.8,46.0,9.628333333333334,8.215,13.525,10.145833333333334,4.529166666666667,5.929166666666667,3.6795469792111937,1.8580053895986897,18.34,15.9,9.772499999999999,8.360000000000001,13.7,10.1875,4.583333333333333,5.970833333333334,3.768795029213214,1.9248412632965057,18.52,16.2,16.263333333333332,14.146666666666667,26.0625,24.40833333333333,8.620833333333334,6.854166666666667,6.989754034179841,6.661483271389339,42.06,29.0,67.35,68.025,84.5,77.91666666666667,58.54166666666666,58.66666666666666,10.293336571674795,7.251053563295328,116.0,98.0,18.002499999999998,15.87,20.27083333333333,17.833333333333332,15.970833333333331,14.320833333333333,1.6794551034321925,1.4758925030487675,23.0,18.6,57.93333333333332,59.416666666666664,63.29166666666666,62.833333333333336,50.91666666666666,54.66666666666666,4.891052630399038,3.8828325857405837,77.0,72.6,999.4108333333334,926.3291666666668,1229.8625,1089.9916666666666,911.1166666666668,788.225,131.2304584195829,114.85758701600385,1208.52,1071.1799999999998,17.385827920361816,15.06399074074074,20.080181268475744,17.295462962962965,15.23800925925926,13.418657407407409,1.8736533427040156,1.648147822838607,22.584900330833356,17.758444444444443,12.774559170654133,11.164956481431938,15.478632373137932,13.24677353322864,11.36893219872106,9.509418314431947,1.6263292886453162,1.4761813773886596,15.381442283508585,12.553577492300487,,,,,,,,,,,5.0,5.0,2.0,0.0,160.0,265.0,189.0,189.0,29.0,-76.0,-4.466666666666669,-6.891666666666659,-1.413333333333334,-1.4124999999999979,-2.1166666666666654,0.6750000000000114,-2.1324999999999985,1.4833333333333414,-73.08166666666659,-2.3218371796210757,-1.6096026892221946,,105.0,-105.0,5,2,avg,home_minus_away
MLS-MAT-0006HV,New England Revolution II,TFC II,Gillette Stadium,407,506,85.012285012285,88.93280632411067,12,12,0,1,0,0,12,7,7,3,,,2.4259,1.2687,2,1,346,450,0,0,12,11,3,7,527,625,ASA,-3.9205213118256665,5,4,,1.1572,-99,0,-1,0,2025-09-12,MLS-STA-00000N,49.58333333333333,54.225,58.91666666666666,61.875,35.416666666666664,44.0,8.771847724396494,7.114246270688132,59.6,65.4,34.75833333333333,37.358333333333334,46.25,46.25,27.45833333333333,30.95833333333333,7.584958617040851,6.490283870696432,50.4,49.2,9.435833333333335,11.014166666666668,10.879166666666668,19.166666666666668,7.825,5.679166666666667,1.3073264437605312,4.9744613401854885,16.72,19.28,10.163333333333332,11.936666666666666,13.3875,19.404166666666665,8.0,5.825,2.0979247351715085,5.020581252316418,17.64,20.240000000000002,11.617499999999998,15.029999999999998,17.404166666666665,18.39583333333333,8.845833333333333,8.845833333333333,3.5518815925115277,3.9904882568149187,25.98,34.58,71.79166666666666,66.31666666666666,89.04166666666667,82.5,60.54166666666666,57.79166666666666,13.077393821655244,9.474637196220234,103.2,101.0,16.6225,16.490000000000002,17.820833333333333,17.891666666666666,15.595833333333331,15.745833333333332,1.1122292117384998,0.8487255560217604,19.919999999999998,21.119999999999997,69.4,79.16666666666667,80.29166666666667,98.54166666666669,59.958333333333336,70.33333333333333,8.188300427371288,11.601379826938224,85.2,96.4,1128.2908333333332,1260.2024999999999,1303.7625,1639.6958333333332,927.4333333333334,1081.4291666666666,178.35843343122772,222.51322780982534,1282.2,1490.4,16.152416666666667,16.261685185185186,17.572199074074074,17.57287037037037,14.850532407407409,15.374560185185189,1.3339980055449905,0.9539906672843312,19.398444444444443,20.812444444444445,12.972414414644557,13.91591429374932,14.633195823203913,16.463746533243853,11.094623982014475,12.464360786508848,1.6631766081605244,1.563260365344145,14.611042515477148,16.052496686024202,,,,,,,,,,,5.0,5.0,2.0,0.0,87.0,79.0,91.0,91.0,4.0,12.0,4.641666666666673,2.6000000000000014,1.5783333333333331,1.7733333333333334,3.4124999999999996,-5.474999999999994,-0.13249999999999673,9.766666666666666,131.91166666666663,0.10926851851851893,0.9434998791047633,,-8.0,8.0,5,2,avg,home_minus_away
MLS-MAT-0006HW,Crown Legacy FC,Chattanooga,Mecklenburg County Sportsplex,361,413,80.88642659279779,83.29297820823244,15,12,0,2,0,0,20,13,10,9,,,2.3375,2.1476,2,4,292,344,0,0,11,15,9,10,497,549,ASA,-2.406551615434651,7,1,,0.18989999999999974,-52,3,-2,0,2025-09-12,MLS-STA-000039,51.266666666666666,55.466666666666676,59.29166666666666,68.375,41.625,41.625,8.040241669944447,10.318133982890942,70.0,73.8,40.36666666666666,42.21666666666666,50.04166666666666,50.04166666666666,34.75,37.25,6.622601767180828,5.202613525911758,58.6,64.2,9.624166666666667,10.365833333333333,13.329166666666666,18.029166666666665,5.775,5.2625,2.898644319141085,5.373484443956681,18.119999999999997,16.6,9.784166666666668,10.504166666666666,13.404166666666669,18.25,5.9125000000000005,5.333333333333333,2.8859248950726357,5.408537971218387,18.4,16.740000000000002,8.480833333333333,9.969999999999999,16.474999999999998,16.474999999999998,2.4,5.820833333333333,5.346380200659133,4.251332920064272,22.54,24.18,81.58333333333333,81.99166666666667,92.33333333333331,91.66666666666669,75.66666666666667,73.375,6.7982457908885,6.535387113417409,121.2,128.8,21.064166666666665,20.460833333333333,22.508333333333336,22.15,20.245833333333334,19.0125,0.8891055508518411,1.1537100480623368,26.48,25.34,63.5,64.90833333333333,64.95833333333333,81.08333333333333,59.16666666666666,56.0,2.456743836417988,10.219611117302305,85.4,89.4,1288.03,1281.2516666666666,1376.0875,1674.9333333333334,1183.825,1012.9583333333334,75.40205690671762,266.94390095150777,1587.84,1556.0,20.875834869388335,20.256114592636482,22.451423529132512,22.110974432116947,19.994907407407407,18.43696759259259,0.9882924213822417,1.4062945379004788,26.165581931077345,25.075333325647563,16.196434832815342,15.818449604075724,17.522983655187673,18.28106021697684,15.187717625976282,13.374244405367614,0.9218622868710877,2.0802565268676863,18.65611798084919,17.746307128327587,,,,,,,,,,,5.0,5.0,2.0,0.0,206.0,239.0,228.0,228.0,22.0,-11.0,4.20000000000001,1.8500000000000014,0.7416666666666654,0.7199999999999989,1.4891666666666659,0.40833333333334565,-0.6033333333333317,1.4083333333333314,-6.778333333333421,-0.6197202767518526,-0.37798522873961815,,33.0,-33.0,5,2,avg,home_minus_away
MLS-MAT-0006HY,St Louis CITY2,MNUFC2,Energizer Park,424,305,79.48113207547169,71.47540983606558,20,20,3,7,0,0,19,5,5,1,,,1.4203,0.5734,1,1,337,218,0,0,18,20,2,5,572,435,ASA,8.005722239406111,14,4,,0.8468999999999999,119,0,-4,0,2025-09-12,MLS-STA-00000U,58.725,54.25,78.29166666666667,78.29166666666667,47.54166666666666,37.25,13.741114553291043,17.925845517018168,92.8,100.8,43.025,44.71666666666666,58.708333333333336,58.708333333333336,29.95833333333333,28.83333333333333,12.998350589807757,12.040563674974324,70.8,78.2,10.091666666666665,7.033333333333333,12.266666666666666,12.2625,6.375,3.520833333333333,2.477329501364994,3.654159540091871,17.82,11.52,10.34,7.25,12.766666666666666,12.766666666666666,6.479166666666667,3.5416666666666665,2.5563758118998594,3.867933745339148,18.3,11.82,14.375833333333333,14.745000000000001,20.675,20.675,7.970833333333334,10.333333333333334,4.593021389685782,4.24037861091305,36.1,31.76,77.70833333333334,84.48333333333332,106.875,106.875,45.708333333333336,60.79166666666666,24.328213645203515,18.894503352680236,132.2,146.8,19.64666666666667,20.846666666666664,25.1125,25.1125,12.716666666666669,17.724999999999998,4.9520350404320315,3.394717863829043,24.98,27.139999999999997,63.55,52.20833333333333,78.58333333333333,55.708333333333336,53.54166666666666,49.958333333333336,10.178502331984907,2.394111700262407,86.0,80.6,1176.2291666666667,1024.8233333333333,1464.8291666666669,1331.7708333333333,817.0166666666668,827.3916666666668,249.85802380010065,228.43308104101044,1429.7400000000002,1229.76,19.259725241721505,20.27715994232304,25.003556898139824,25.003556898139824,11.82814814814815,16.895601851851854,5.207497794647402,3.710599049786879,24.463119782049326,26.371558125992436,14.83203509839187,14.38435838009804,18.614929676842245,18.614929676842245,9.16951942472206,11.49276231206533,3.723005695641001,3.260106019756873,17.679054690227993,16.816376614367933,,,,,,,,,,,5.0,5.0,2.0,0.0,257.0,152.0,142.0,142.0,-115.0,-10.0,-4.475000000000001,1.6916666666666629,-3.058333333333332,-3.09,0.3691666666666684,6.774999999999977,1.1999999999999957,-11.341666666666669,-151.40583333333348,1.0174347006015338,-0.44767671829382927,,-105.0,105.0,5,2,avg,home_minus_away
MLS-MAT-0006HU,Tacoma Defiance,Austin FC II,Starfire Sports Complex,397,408,83.62720403022671,83.82352941176471,17,11,4,0,0,0,17,14,3,5,,,0.8442,2.341,1,2,332,342,0,0,10,16,5,3,593,597,ASA,-0.19632538153800283,3,-2,,-1.4968000000000004,-11,6,4,0,2025-09-12,MLS-STA-00001D,62.09166666666666,63.725,65.58333333333333,77.91666666666667,53.0,50.75,5.261924288910114,10.314566291307539,86.8,73.8,47.125,38.49166666666666,50.5,47.25,42.875,26.95833333333333,2.7938424357067,8.648689287336486,67.6,50.6,12.816666666666666,15.517500000000002,19.004166666666663,22.829166666666666,7.583333333333333,8.179166666666667,4.5869616320489195,6.349971565990582,21.02,25.32,13.122499999999999,16.519166666666667,19.53333333333333,24.058333333333334,7.725,9.0125,4.757723618263022,6.3845697507958805,21.5,26.380000000000003,17.328333333333333,19.351666666666667,35.99583333333333,31.2875,5.179166666666666,8.049999999999999,14.840497567654376,10.032585191514698,36.5,45.160000000000004,76.33333333333334,53.06666666666666,106.33333333333331,59.958333333333336,34.583333333333336,46.66666666666666,30.898790317026254,4.952868136522293,124.2,93.0,22.175833333333333,18.455000000000002,25.641666666666666,18.975,17.587500000000002,17.366666666666667,3.9825153884755347,0.6654376692573608,26.339999999999996,22.02,72.25833333333334,78.03333333333333,85.54166666666667,85.5,48.458333333333336,72.45833333333333,16.665479124358967,5.153999929935753,89.8,94.8,1529.9808333333335,1407.4025,2026.075,1467.4583333333333,1185.7375,1297.4333333333334,306.3330593658097,80.74258886269367,1759.28,1556.6,22.270261773907492,18.39359259259259,25.76744903146965,18.929930555555558,17.635393518518516,17.391388888888887,4.005837371661437,0.6569432787571574,26.35920217034492,21.807666666666663,18.27990673104645,15.707918970629956,21.887841950177,16.283764314487666,15.811241567379854,14.884455377644905,2.6427518351430543,0.5545225629194629,19.57590599372469,16.863061218024484,,,,,,,,,,,5.0,5.0,2.0,0.0,164.0,42.0,45.0,45.0,-119.0,3.0,1.63333333333334,-8.63333333333334,2.7008333333333354,3.3966666666666683,2.0233333333333334,-23.26666666666668,-3.7208333333333314,5.7749999999999915,-122.5783333333336,-3.8766691813149023,-2.5719877604164925,,-122.0,122.0,5,2,avg,home_minus_away
MLS-MAT-0006HX,Whitecaps FC 2,Town FC,BC Place,407,468,84.76658476658477,85.8974358974359,11,12,2,1,0,0,14,15,6,6,,,,,3,1,345,402,0,0,10,11,7,7,562,609,,-1.130851130851127,-1,0,,,-61,-1,1,0,2025-09-13,MLS-STA-00000C,51.19166666666666,67.55,71.33333333333333,74.25,33.958333333333336,59.04166666666666,15.240679073161768,6.750990153714902,56.4,72.8,31.666666666666664,43.416666666666664,44.41666666666666,47.0,22.45833333333333,39.16666666666666,9.943285352996316,3.642915499065735,39.4,52.8,10.434999999999999,17.883333333333333,19.245833333333334,22.5375,5.820833333333333,11.779166666666669,5.419601448548695,4.391648877256822,16.14,27.339999999999996,11.558333333333332,18.3325,19.53333333333333,22.954166666666666,7.274999999999999,12.4625,4.836831528605385,4.179240818551193,17.68,27.8,17.011666666666667,27.747500000000002,30.854166666666668,30.854166666666668,7.683333333333334,21.625,11.168599957022366,3.7432840324001893,26.560000000000002,47.32,42.03333333333333,54.641666666666666,48.75,67.125,28.83333333333333,28.83333333333333,8.062871438472362,16.22809955841342,66.2,90.4,18.594166666666666,18.2225,19.725,18.891666666666666,17.266666666666666,17.466666666666665,1.159167115983618,0.6279486001612274,22.36,21.419999999999998,81.73333333333333,84.28333333333333,87.75,87.75,77.33333333333333,81.29166666666667,3.9950707475309897,2.3563595980994836,95.8,97.6,1489.4708333333333,1514.0716666666667,1544.65,1563.1458333333333,1427.275,1444.7625,44.24016369017332,52.21396720732655,1618.2,1581.88,18.643287037037037,18.301037037037037,19.772314814814816,19.02863425925926,17.226990740740742,17.448078703703704,1.1850959901377696,0.6760161819021687,22.286111111111115,21.419222222222224,16.29926604890959,16.27923427719383,17.053284571647776,16.88686935479018,15.272038898487844,15.47072077834418,0.7011665914233729,0.5804404893352063,17.464216862091924,17.49062615985083,,,,,,,,,,,5.0,5.0,2.0,0.0,17.0,37.0,73.0,73.0,56.0,36.0,16.358333333333334,11.75,7.448333333333334,6.774166666666668,10.735833333333336,12.608333333333334,-0.37166666666666615,2.549999999999997,24.600833333333412,-0.34224999999999994,-0.020031771715760982,,20.0,-20.0,5,2,avg,home_minus_away
MLS-MAT-0006HZ,Carolina Core FC,Atlanta,Truist Point,331,477,82.17522658610272,88.25995807127883,21,10,3,1,0,0,19,12,10,7,,,3.6129,0.965,4,2,272,421,0,0,10,21,7,10,458,607,ASA,-6.084731485176107,7,3,,2.6479,-146,11,2,0,2025-09-13,MLS-STA-00002T,61.85,,66.20833333333333,,55.583333333333336,,4.702485306256206,,93.6,,48.166666666666664,,52.0,,44.16666666666666,,3.329685504001172,,71.8,,11.163333333333332,,15.266666666666666,,5.875,,3.648965797166216,,17.9,,11.280833333333334,,15.454166666666666,,5.983333333333333,,3.6769488880048353,,18.0,,9.815000000000001,,14.766666666666666,,5.254166666666666,,4.31127055743947,,25.6,,93.25,,108.5,,76.70833333333333,,12.880628489238319,,142.8,,21.071666666666665,,21.629166666666663,,20.6375,,0.3698770441346371,,26.48,,62.43333333333332,,75.41666666666667,,53.04166666666666,,10.859927294108989,,85.2,,1257.1924999999999,,1472.7833333333335,,1086.3833333333334,,193.80890377902614,,1470.58,,20.85295787959448,,21.284837962962964,,20.60928240740741,,0.26629997257317417,,26.195287427381327,,16.030770636135305,,17.260749725867857,,14.87647956383872,,1.160248519594456,,18.279025792592183,,,,,,,,,,,,5.0,0.0,2.0,0.0,316.0,,288.0,288.0,-28.0,,,,,,,,,,,,,,,,5,2,avg,home_minus_away
MLS-MAT-0006I0,Huntsville,RBNY II,Wicks Family Field,574,436,87.97909407665506,81.19266055045871,9,12,1,2,0,0,16,11,5,5,,,2.4333,1.7846,2,3,505,354,0,0,12,9,6,5,698,545,ASA,6.7864335261963475,5,0,,0.6487,138,-3,-1,0,2025-09-13,MLS-STA-000013,62.425,56.95,68.20833333333333,68.20833333333333,51.875,42.125,6.681714787388038,12.372558681749435,78.4,80.8,47.87499999999999,45.30833333333333,52.875,52.875,42.54166666666666,33.0,4.493339978976296,7.857376664991664,73.8,65.0,13.8875,11.381666666666666,15.933333333333332,15.933333333333332,11.658333333333331,6.025,1.917791789330172,4.4788959220499365,30.439999999999998,20.04,14.320833333333331,11.748333333333333,16.308333333333334,16.308333333333334,11.741666666666667,6.183333333333334,2.1349969099639354,4.624952702460858,30.939999999999998,20.740000000000002,22.994166666666665,6.121666666666667,38.60416666666666,8.491666666666667,7.337499999999999,3.1333333333333333,14.189620069203167,2.270281660817539,62.6,14.080000000000002,68.25,88.68333333333334,94.54166666666669,94.54166666666669,51.91666666666666,79.375,19.7867757114583,6.566936331180454,118.0,131.2,20.605833333333333,23.160833333333333,24.975,24.975,17.608333333333334,21.308333333333334,3.7543881732654585,1.525852448451176,25.22,29.3,67.36666666666667,59.66666666666667,79.79166666666667,64.29166666666667,59.333333333333336,54.583333333333336,8.380305119080626,3.624161780482641,90.0,82.4,1315.4241666666665,1315.8608333333334,1507.5041666666666,1507.5041666666666,1063.3958333333333,1122.0916666666667,172.66488221005187,143.5108761303766,1557.12,1563.3799999999999,20.424756667496705,22.997137396804728,24.78321504759094,24.78321504759094,17.508171296296297,20.90443475190482,3.910714611705752,1.6824405362059476,24.75164411974401,28.74773164027914,16.185489874232307,17.46047638847707,19.32150200472409,19.32150200472409,13.293780157116402,15.2519215160574,2.7121586578389407,1.6513726436587413,17.58075613990981,19.578737133779182,,,,,,,,,,,5.0,5.0,2.0,0.0,4.0,190.0,197.0,197.0,193.0,7.0,-5.474999999999994,-2.566666666666663,-2.5058333333333334,-2.572499999999998,-16.8725,20.433333333333337,2.5549999999999997,-7.700000000000003,0.43666666666695164,2.5723807293080228,1.2749865142447625,,186.0,-186.0,5,2,avg,home_minus_away
MLS-MAT-0006I1,Columbus Crew 2,Philadelphia Union II,Historic Crew Stadium,625,294,85.12,70.06802721088435,3,9,1,0,0,0,18,18,7,12,,,2.6865,2.3315,1,3,532,206,0,0,9,3,13,7,776,448,ASA,15.051972789115652,0,-5,,0.355,331,-6,1,0,2025-09-14,MLS-STA-000012,59.666666666666664,52.3,66.625,62.5,54.29166666666666,38.75,4.876068259024549,9.133434077911524,79.0,94.4,44.916666666666664,45.074999999999996,52.29166666666666,47.5,37.91666666666666,38.66666666666666,5.290108038174225,3.706975406806293,68.0,72.8,12.045,6.784999999999999,15.6625,9.075,7.679166666666667,4.254166666666666,3.479653658531742,1.9972520183992806,22.28,11.02,12.435833333333333,6.844166666666666,15.925,9.1,7.908333333333334,4.2625,3.676017432856742,2.028096055691423,22.619999999999997,11.02,20.95,12.731666666666666,30.508333333333336,15.479166666666666,9.895833333333334,9.895833333333334,8.617541058149296,2.2579404639823633,50.2,29.8,70.78333333333333,90.73333333333333,99.875,99.875,47.583333333333336,81.08333333333333,22.1860308590288,7.677562456781309,122.2,145.2,19.917499999999997,19.69833333333333,21.141666666666666,21.141666666666666,18.258333333333333,17.5125,1.3169514459960592,1.4735768793803878,25.02,26.419999999999998,65.76666666666667,56.5,76.875,59.04166666666666,55.54166666666666,55.125,8.575117427119524,1.5246812052943293,85.8,84.2,1250.3466666666668,1024.1858333333334,1439.5125,1157.2375,1061.6291666666666,896.7583333333333,167.2671085233137,96.99556595141931,1383.8200000000002,1168.92,19.667766671065742,19.181425606200463,20.829675925925923,20.79224537765325,17.896782407407407,16.79349537037037,1.3159490633591329,1.6123431179213392,24.672036411043123,25.877988839459125,15.399680320711601,13.867629150510101,16.877393796131134,15.479454378530512,14.15216672527002,11.944215196091823,1.0926275654169781,1.359551445674009,17.22389972504273,16.512680328163345,,,,,,,,,,,5.0,5.0,2.0,0.0,10.0,231.0,227.0,227.0,217.0,-4.0,-7.366666666666667,0.15833333333333144,-5.260000000000001,-5.591666666666667,-8.218333333333334,19.950000000000003,-0.2191666666666663,-9.266666666666666,-226.16083333333336,-0.48634106486527884,-1.5320511702015,,221.0,-221.0,5,2,avg,home_minus_away
MLS-MAT-0006I2,Timbers2,LAFC 2,Providence Park,496,677,85.08064516129032,90.54652880354506,10,16,2,1,0,0,17,10,8,6,,,3.5304,1.033,5,3,422,613,0,0,14,9,7,8,601,785,ASA,-5.465883642254738,7,2,,2.4974000000000003,-181,-6,1,0,2025-09-14,MLS-STA-00000P,59.725,48.416666666666664,70.29166666666667,56.5,50.75,38.708333333333336,7.147722053602502,6.764580446052149,63.2,51.6,39.625,30.60833333333333,45.625,38.79166666666666,28.291666666666668,27.541666666666668,6.937030764911836,4.6727638740067095,52.0,42.0,13.875,9.620833333333334,19.04583333333333,12.608333333333334,8.804166666666667,7.495833333333334,3.827080498093668,1.938147293307595,23.32,15.98,15.02,10.6,19.85,13.458333333333334,10.183333333333334,8.370833333333334,3.6936347274737393,1.9511904307940369,24.48,17.22,24.8675,11.9375,34.55833333333333,17.95,11.375,7.545833333333333,9.91884272343413,3.8023030758417398,46.42,26.78,40.458333333333336,48.06666666666666,47.875,55.583333333333336,32.75,40.375,5.713425344455521,6.220527733060737,80.4,83.6,20.576666666666664,19.036666666666665,22.15833333333333,19.816666666666663,18.33333333333333,18.291666666666668,1.5434803520687355,0.7214556562179611,26.4,23.880000000000003,67.65833333333333,70.96666666666667,71.58333333333333,74.29166666666667,61.208333333333336,67.08333333333333,4.00448966786031,3.1632931592110003,90.2,90.4,1332.0508333333332,1306.9033333333332,1467.4458333333332,1404.9625,1221.7083333333333,1221.7083333333333,109.09626544332562,73.00755843432701,1545.94,1419.16,20.445822266241095,18.848907407407406,21.97103703190297,19.766527777777775,18.00321759259259,18.00321759259259,1.6634755989216197,0.7864174405129153,26.114907453972894,23.603,16.264433833789628,15.339022650744116,17.512244965313002,16.34155690554798,14.403636470675258,14.403636470675258,1.3364895570700306,0.6980518342412974,18.003282023279255,16.885528616505415,,,,,,,,,,,5.0,5.0,2.0,0.0,87.0,31.0,13.0,13.0,-74.0,-18.0,-11.308333333333337,-9.01666666666667,-4.254166666666666,-4.42,-12.93,7.608333333333327,-1.5399999999999991,3.308333333333337,-25.147500000000036,-1.5969148588336886,-0.9254111830455116,,-56.0,56.0,5,2,avg,home_minus_away
MLS-MAT-0006I4,Colorado Rapids 2,Houston Dynamo 2,University of Northern Colorado – Jackson Field,518,239,86.48648648648648,74.89539748953975,9,13,1,2,0,1,15,5,5,2,,,,,0,1,448,179,0,0,13,9,2,5,713,406,,11.591088996946738,10,3,,,279,-4,-1,-1,2025-09-14,MLS-STA-00006S,66.5,43.958333333333336,96.45833333333331,51.333333333333336,38.375,36.833333333333336,28.239320129721403,5.167254670841503,111.6,56.6,53.75833333333334,38.425,72.875,42.41666666666666,38.25,36.16666666666666,16.61926592843378,2.504579139629383,88.2,57.0,10.579166666666666,6.930833333333334,16.183333333333334,8.6875,5.395833333333333,5.541666666666667,4.691908112496569,1.1741560207702852,17.64,10.98,11.482499999999998,8.238333333333333,17.208333333333332,11.65,6.483333333333333,7.095833333333334,4.64936188871357,1.9216813926871437,18.5,12.0,20.225833333333334,12.291666666666668,35.40416666666667,15.6375,11.291666666666666,10.841666666666669,9.321143173959108,1.9257777108655778,54.660000000000004,30.4,90.66666666666667,74.975,121.375,81.625,59.833333333333336,72.16666666666667,24.997621414624415,3.7844023820002146,158.6,117.4,23.3275,20.035833333333333,26.445833333333336,22.5125,19.354166666666668,16.5,2.7086740170340824,2.250531573009164,29.939999999999998,27.76,65.19166666666666,52.375,83.58333333333333,68.04166666666667,43.91666666666666,42.875,14.455769465280405,10.35351691455614,87.4,76.4,1473.5383333333332,930.4125,2168.258333333333,1072.5791666666669,919.4541666666664,808.15,489.1614119571542,119.85359424656178,1801.44,1184.76,23.792222522346755,19.301639565349728,28.88656866488633,21.660618100229915,19.00210648148148,15.982199074074074,3.8097155043290094,2.095543582421192,30.773120859838276,26.440806640620014,18.42178390288276,13.318459953850592,24.08377127429468,14.232802520004514,14.279731778732954,12.492156451607952,4.201723889391184,0.8149050262000559,20.704183496572362,15.18546097432943,,,,,,,,,,,5.0,5.0,2.0,0.0,20.0,1597.0,1426.0,1426.0,1406.0,-171.0,-22.541666666666664,-15.333333333333343,-3.6483333333333317,-3.244166666666665,-7.934166666666666,-15.691666666666677,-3.291666666666668,-12.816666666666663,-543.1258333333332,-4.490582956997027,-5.103323949032166,,1577.0,-1577.0,5,2,avg,home_minus_away
MLS-MAT-0006I3,Inter Miami CF II,Orlando City B,Chase Stadium,443,484,85.77878103837472,85.74380165289256,23,19,6,3,0,0,8,13,4,3,,,0.5077,1.3998,1,1,380,415,0,0,19,23,5,5,524,575,ASA,0.03497938548215984,-5,1,,-0.8920999999999999,-41,4,3,0,2025-09-14,MLS-STA-000008,29.833333333333332,37.15833333333333,37.16666666666666,45.25,24.791666666666668,28.875,4.97502442763405,6.909094750962513,37.6,45.8,25.758333333333333,30.883333333333336,30.95833333333333,37.458333333333336,21.916666666666668,24.75,3.7348536710886586,5.260026800734427,36.8,46.0,4.903333333333333,6.034166666666667,7.3125,9.55,3.6291666666666655,4.079166666666667,1.4951263417443283,2.063487558183422,7.540000000000001,9.58,6.125,7.409166666666667,8.920833333333333,11.3375,4.458333333333333,5.429166666666667,1.795775327756169,2.2716691886755385,9.02,11.14,7.9875,12.247499999999999,9.458333333333334,15.0625,5.191666666666666,9.3875,1.8877299344862746,2.6444002024193614,18.48,26.32,63.7,66.01666666666667,80.33333333333333,70.16666666666667,50.41666666666666,60.833333333333336,11.741515849516384,4.2588347715203865,87.2,97.4,25.486666666666665,26.27,26.133333333333336,26.6125,24.83333333333333,25.666666666666668,0.5096925135150959,0.38253313218886137,28.8,29.04,86.88333333333333,87.275,91.83333333333331,88.625,78.875,85.70833333333333,5.0126922240781235,1.2701842604738736,95.0,93.8,2201.724166666667,2285.815833333333,2298.891666666667,2335.3250000000003,2001.2291666666667,2189.795833333333,119.02071304474936,57.38365050679628,2293.6800000000003,2366.94,27.103466408512514,28.39102037071345,28.0077269350502,29.00912440853272,26.382047235218256,27.259445447540102,0.6136730664694733,0.7439855203774893,33.0796957884316,34.102657894762686,23.706543111135844,24.54631720589229,24.53957286614108,24.87921660888583,22.73456677567951,23.730214992271524,0.6415275755206875,0.47656404790635204,25.280907634759508,25.879700211495884,,,,,,,,,,,5.0,5.0,2.0,0.0,39.0,6.0,4.0,4.0,-35.0,-2.0,7.324999999999999,5.1250000000000036,1.1308333333333334,1.2841666666666667,4.259999999999999,2.316666666666663,0.783333333333335,0.39166666666667993,84.09166666666624,1.2875539622009349,0.8397740947564465,,-33.0,33.0,5,2,avg,home_minus_away
MLS-MAT-0006I5,North Texas SC,Sporting KC II,Choctaw Stadium,375,383,82.93333333333334,83.02872062663185,11,15,4,2,0,0,17,14,5,6,,,,,1,1,311,318,0,0,14,11,6,5,527,534,,-0.09538729329851492,3,-1,,,-8,-4,2,0,2025-09-14,MLS-STA-000010,70.35833333333333,88.775,78.45833333333333,95.08333333333331,50.208333333333336,83.79166666666667,11.637373940121636,4.722747111351368,121.6,167.6,53.65833333333334,62.425,58.833333333333336,66.54166666666667,45.833333333333336,58.083333333333336,5.012519049562028,3.5038916856039437,86.4,115.2,12.627500000000001,12.944999999999999,13.7625,16.4875,11.145833333333334,9.795833333333333,1.1242844946898443,2.710530198749561,17.06,16.22,13.005,13.255,13.995833333333332,17.2625,11.329166666666666,9.866666666666667,1.3109660348172427,3.0361170834545295,17.34,16.56,15.089999999999998,14.771666666666667,24.541666666666668,17.866666666666667,11.204166666666666,11.941666666666668,5.5702915156609585,2.6540757441255427,36.46,33.62,96.88333333333333,118.25,110.33333333333331,123.08333333333331,83.20833333333333,113.5,11.396819731837464,4.230859677549115,163.6,195.2,24.77,26.68,28.225,28.604166666666668,20.058333333333334,23.854166666666668,3.4673018748973488,2.0436351055030464,30.4,32.86,63.58333333333333,53.166666666666664,69.66666666666667,58.29166666666666,54.75,50.16666666666666,5.97186691449537,3.1968137348859655,84.8,77.4,1513.6791666666668,1356.6816666666666,1677.8541666666667,1590.4666666666665,1243.3083333333334,1164.6208333333334,167.15464124140152,179.47932493221887,1804.8400000000001,1632.98,25.15672329222751,26.764941128610353,28.968674672678063,29.266735416259923,19.75601851851852,23.462787840925383,3.8283778937413375,2.5170233666490596,30.962745318611134,32.679773757766256,19.519702014113268,19.57010471175227,22.202045362991967,21.95434428609971,15.347436242184758,16.869098572674787,2.675922228917149,2.1642865308352155,21.850515927281048,21.799187174153857,,,,,,,,,,,5.0,5.0,2.0,0.0,276.0,219.0,187.0,187.0,-89.0,-32.0,18.41666666666667,8.766666666666659,0.31749999999999723,0.25,-0.3183333333333316,21.366666666666674,1.9100000000000001,-10.416666666666664,-156.99750000000017,1.6082178363828419,0.05040269763900085,,-57.0,57.0,5,2,avg,home_minus_away
MLS-MAT-0006I6,Chicago Fire FC II,NYCFC II,SeatGeek Stadium,445,414,84.71910112359551,79.95169082125604,14,15,3,2,0,0,17,11,9,7,,,1.9964,3.0852,4,5,377,331,0,0,14,14,7,9,586,545,ASA,4.767410302339471,6,2,,-1.0888,31,-1,1,0,2025-09-14,MLS-STA-00001B,58.375,59.158333333333324,64.375,67.625,51.875,42.66666666666666,5.935050664391072,10.025029440244944,73.0,85.8,48.075,48.175,56.333333333333336,54.125,42.54166666666666,44.375,5.494899781716783,3.837791791295266,75.2,73.8,12.293333333333333,11.810833333333333,14.270833333333334,14.491666666666667,9.45,10.145833333333334,1.8930946335739984,1.6871980182473476,27.020000000000003,22.04,12.645833333333332,11.898333333333333,15.120833333333332,14.5,9.633333333333333,10.1875,2.078801320606554,1.6892907165434847,27.32,22.119999999999997,28.4875,20.754166666666666,38.60416666666666,28.20833333333333,17.591666666666665,13.179166666666667,9.547766427285492,6.088248585047535,68.16,41.760000000000005,70.825,93.625,93.75,107.41666666666669,51.91666666666666,77.91666666666667,18.96960287758639,11.937881756548498,127.6,147.2,19.41,19.384999999999998,21.3875,20.27083333333333,17.616666666666667,17.833333333333332,1.6905491998821627,0.9152858918878225,23.619999999999997,22.32,73.1,74.20833333333333,81.16666666666667,80.58333333333333,66.83333333333333,62.16666666666666,5.563210004624631,7.486214181933202,93.6,87.8,1368.7125,1424.2225,1561.85,1571.2125,1219.1,1089.9916666666666,144.16716410680078,199.7198737146538,1573.58,1635.26,19.318722844399076,19.316717592592596,21.420280888662045,20.337916666666665,17.497222222222224,17.295462962962965,1.8038420833930615,1.1743314211930413,23.48790416533823,22.273444444444443,15.922870112872676,16.17348018936235,17.627913766072076,17.20984044892708,14.2934253312374,13.24677353322864,1.4294669695619189,1.7003836085761235,17.59522185721816,17.86907499161123,,,,,,,,,,,5.0,5.0,2.0,0.0,27.0,265.0,189.0,189.0,162.0,-76.0,0.7833333333333243,0.09999999999999432,-0.48249999999999993,-0.7474999999999987,-7.733333333333334,22.799999999999997,-0.02500000000000213,1.1083333333333343,55.50999999999999,-0.002005251806480146,0.25061007648967504,,238.0,-238.0,5,2,avg,home_minus_away
MLS-MAT-0006I7,Real Monarchs,Ventura County,Zions Bank Stadium,391,599,83.63171355498721,88.81469115191986,12,15,2,2,0,0,12,5,2,1,,,1.5017,0.4531,2,1,327,532,0,0,15,12,1,2,507,705,ASA,-5.182977596932645,7,1,,1.0486,-208,-3,0,0,2025-09-14,MLS-STA-00001I,42.38333333333333,57.783333333333324,65.58333333333333,65.125,26.20833333333333,54.91666666666666,18.49641951087351,4.163477946514323,50.8,68.8,35.50833333333333,48.35,51.458333333333336,50.833333333333336,22.541666666666668,46.91666666666666,13.996694798336419,1.6085168289106895,46.4,64.6,7.342499999999999,10.473333333333333,11.3625,11.408333333333331,4.016666666666667,9.016666666666667,3.6213683916135597,0.8997327921234279,11.68,16.66,25.418333333333333,53.725833333333334,72.60000000000001,80.75,5.695833333333333,19.629166666666663,28.94163931278101,24.08504038067798,45.5,93.44,11.644166666666667,13.1875,18.495833333333334,21.0,7.320833333333333,8.1625,4.269633571318894,5.275894309393327,25.660000000000004,33.6,62.36666666666666,79.29166666666666,86.70833333333333,86.33333333333333,46.625,67.625,19.07558521746813,8.198651227149774,98.0,123.0,20.340833333333332,21.785833333333336,21.254166666666663,24.2125,19.245833333333334,18.866666666666667,0.8027859476708458,2.3807160745829767,24.2,27.919999999999998,62.35833333333333,43.15,82.45833333333333,58.583333333333336,29.291666666666668,31.041666666666668,24.914377681928517,11.589948650542945,80.8,74.8,1240.7916666666665,825.0466666666667,1626.6291666666666,997.7458333333334,593.275,649.7125,517.1985437810474,150.7432058193485,1439.88,1255.74,20.058717592592593,20.91399128141279,21.44243055555556,22.916236737027017,18.32046296296296,18.338564814814816,1.1295705036087973,2.0709824587730883,23.89755555555555,26.391048859226128,15.337223616795873,13.279102940586942,18.24744737114914,13.812583991937055,11.210224302441432,12.7920741489541,3.5715740519572425,0.3892683653226189,16.550851901564773,14.758335608804199,,,,,,,,,,,5.0,5.0,2.0,0.0,25.0,1302.0,1509.0,1509.0,1484.0,207.0,15.399999999999991,12.841666666666669,3.1308333333333334,28.3075,1.543333333333333,16.924999999999997,1.4450000000000038,-19.20833333333333,-415.7449999999998,0.8552736888201977,-2.0581206762089312,,1277.0,-1277.0,5,2,avg,home_minus_away
MLS-MAT-0006A1,Houston Dynamo 2,Tacoma Defiance,SaberCats Stadium,534,362,85.58052434456928,75.69060773480663,11,8,2,1,0,0,16,6,8,3,,,,,1,2,457,274,0,0,8,11,3,8,660,472,,9.88991660976265,10,5,,,172,3,1,0,2025-09-17,MLS-STA-00000Y,65.58333333333334,90.25,86.875,101.0,44.41666666666666,84.20833333333333,19.71117403769863,7.334516949935344,93.2,159.0,42.12499999999999,64.61666666666666,63.41666666666666,71.29166666666667,25.58333333333333,53.91666666666666,16.07658537196945,7.0521002584730486,64.8,111.4,13.35,19.575,18.97083333333333,23.245833333333334,5.3,16.533333333333335,5.528165728290393,2.7513838058733673,24.48,30.1,14.5725,21.076666666666664,19.829166666666666,24.48333333333333,6.516666666666667,18.225,5.618762436644252,2.6428503525760036,25.96,31.439999999999998,18.866666666666667,27.294999999999998,30.725,33.65,9.016666666666667,21.854166666666668,8.110121526867248,4.831364002535929,45.44,53.32000000000001,66.08333333333333,104.18333333333335,99.0,117.125,41.25,94.625,28.252043313517852,8.524556032753587,118.2,191.4,21.171666666666663,26.817500000000003,27.04583333333333,27.04583333333333,16.425,26.625,5.336610646697437,0.17278860719902073,25.7,31.98,74.95833333333334,74.38333333333334,76.91666666666667,77.20833333333333,71.70833333333333,71.70833333333333,2.4600982365209205,2.1954023928807804,94.2,96.0,1531.0758333333333,1935.52,1910.7625,2001.05,1250.9125,1862.4166666666667,326.23440668088733,55.75808217138173,1760.44,2201.32,21.56994088164023,28.384565505546487,28.304280234401133,28.72458449298216,16.12925925925926,28.09256980425677,6.171528175847557,0.24856651942806138,26.045024165552025,34.1984895007996,17.800981965274193,23.017658315226253,22.97412633793577,23.3127907528892,13.70124352318657,22.66471362897768,4.615871525587136,0.2820964370086929,19.11686924465662,24.29170928683824,,,,,,,,,,,5.0,5.0,2.0,0.0,42.0,20.0,14.0,14.0,-28.0,-6.0,24.666666666666657,22.491666666666667,6.225,6.504166666666665,8.428333333333331,38.10000000000002,5.645833333333339,-0.5750000000000028,404.44416666666666,6.8146246239062584,5.21667634995206,,-22.0,22.0,5,2,avg,home_minus_away
MLS-MAT-0006I8,NYCFC II,New England Revolution II,Icahn Stadium,450,445,88.22222222222223,86.51685393258427,13,11,2,1,0,0,9,13,5,5,,,0.9465,1.2518,1,3,397,385,0,0,11,10,5,5,594,576,ASA,1.7053682896379598,-4,0,,-0.3053,5,2,1,0,2025-09-18,MLS-STA-000055,47.199999999999996,55.375,70.375,74.91666666666667,30.95833333333333,30.95833333333333,15.177377170571264,16.227521846473596,63.4,68.4,37.81666666666667,46.96666666666666,43.5,60.04166666666666,32.083333333333336,32.083333333333336,4.994493495618727,11.473073851898235,55.6,64.8,10.01,12.28,17.7625,17.662499999999998,6.341666666666666,6.341666666666666,5.2486064618779205,5.590625989845263,18.860000000000003,25.14,11.055833333333332,13.218333333333334,18.8875,18.4375,6.958333333333333,6.958333333333333,5.39489905038907,5.644640556659821,20.22,26.82,16.465833333333332,29.160000000000004,19.929166666666667,43.5125,10.954166666666666,18.870833333333334,4.128284046267488,10.739999224084393,33.58,64.02000000000001,70.425,68.55,85.75,73.66666666666667,61.04166666666666,61.04166666666666,9.502622079662485,5.045573555107487,112.8,121.6,18.56333333333333,20.141666666666666,19.566666666666663,21.15,17.175,18.629166666666663,0.9109737997817967,1.0397440590517155,22.82,23.759999999999998,78.575,77.48333333333333,83.25,83.25,70.70833333333333,70.70833333333333,4.89405109404378,4.509211251550664,94.6,93.6,1419.8433333333335,1527.18,1552.3291666666669,1594.9583333333333,1278.1208333333334,1353.5916666666667,105.98903321315063,98.71067823829338,1595.22,1728.2600000000002,18.52690277777778,20.234564814814814,19.42516203703704,21.32784722222222,16.98037037037037,18.72138888888889,0.9588032519486785,1.1223550639120516,22.682444444444446,23.67988888888889,15.856483018613583,17.232806149771818,16.60888684124374,18.078823488656862,14.393559999410344,15.842968026565082,0.8745082664073613,0.9807056727978197,17.670589392364754,18.420031492356507,,,,,,,,,,,5.0,5.0,2.0,0.0,79.0,27.0,51.0,51.0,-28.0,24.0,8.175000000000004,9.149999999999991,2.2699999999999996,2.1625000000000014,12.694166666666671,-1.875,1.5783333333333367,-1.0916666666666686,107.33666666666659,1.7076620370370321,1.3763231311582356,,-52.0,52.0,5,2,avg,home_minus_away
MLS-MAT-0006IA,Sporting KC II,Whitecaps FC 2,Children's Mercy Victory Field,496,385,90.9274193548387,85.1948051948052,14,16,1,2,0,0,18,15,9,6,,,,,2,2,451,328,0,0,16,14,7,9,646,510,,5.732614160033506,3,3,,,111,-2,-1,0,2025-09-19,MLS-STA-000026,60.83333333333333,67.575,66.5,72.58333333333333,46.375,61.875,8.341402343464528,4.684897425652871,71.8,99.4,42.7,49.70833333333333,52.208333333333336,52.54166666666666,33.25,44.79166666666666,7.148377826860832,3.631818300337539,59.4,73.6,14.800833333333333,15.360833333333332,18.516666666666666,18.516666666666666,10.004166666666666,13.495833333333332,3.359782307349358,2.106169838566891,25.1,20.880000000000003,15.7225,15.985,19.0625,19.0625,11.670833333333334,14.15,2.9622283630739865,2.1107335645589074,26.24,21.64,24.958333333333332,18.325,28.416666666666668,24.65,20.89583333333333,10.9875,3.263584057869169,5.493360891921164,52.8,46.739999999999995,58.716666666666676,84.75833333333333,78.91666666666667,96.83333333333331,38.208333333333336,68.75,16.098368404213446,11.19959386664434,101.6,146.4,20.292499999999997,25.5875,25.366666666666664,27.05,16.075,22.97083333333333,4.049750721066394,1.594127134028039,24.84,31.139999999999997,78.85,66.70833333333334,90.29166666666669,78.125,70.125,55.958333333333336,8.472770929408055,8.573770967964519,94.2,88.8,1538.875,1647.3433333333335,1768.0416666666667,1768.0416666666667,1333.7625,1475.7291666666667,196.18297508586633,124.97464592173851,1699.36,1877.14,20.52220527936808,26.129893366566364,26.065495554994275,27.3964512274665,15.933564814814815,23.46377844619352,4.376094337373926,1.5656148000197017,25.30650874257204,31.78677258844714,17.46559781807744,20.73300224035898,21.05617549966872,21.340973778002702,14.183301058679444,20.039462839165925,2.9790433502516156,0.5016277194112277,19.553620792431104,22.40554583249169,,,,,,,,,,,5.0,5.0,2.0,0.0,37.0,276.0,280.0,280.0,243.0,4.0,6.741666666666674,7.008333333333326,0.5599999999999987,0.2624999999999993,-6.633333333333333,26.04166666666665,5.295000000000002,-12.141666666666652,108.46833333333348,5.607688087198284,3.2674044222815404,,239.0,-239.0,5,2,avg,home_minus_away
MLS-MAT-0006IB,TFC II,Columbus Crew 2,York Lions Stadium,507,470,87.96844181459566,86.17021276595744,12,7,1,2,0,0,19,8,4,2,,,2.4191,0.5009,0,0,446,405,0,0,7,12,2,4,631,590,ASA,1.7982290486382198,11,2,,1.9181999999999997,37,5,-1,0,2025-09-19,MLS-STA-00001H,61.68333333333332,61.44166666666668,84.20833333333333,84.20833333333333,51.66666666666666,41.875,13.491046413578648,15.5014168259263,91.4,70.8,45.94166666666666,44.49166666666666,51.958333333333336,51.958333333333336,39.25,33.375,4.700638993205549,7.474168478462634,72.0,60.2,15.104166666666666,15.872499999999999,31.4875,31.4875,5.033333333333333,7.458333333333333,10.216982305483139,9.71879827605016,22.119999999999997,30.020000000000003,15.414166666666665,16.18583333333333,31.95833333333333,31.95833333333333,5.220833333333333,7.570833333333333,10.31747253853061,9.82773039527551,22.54,30.419999999999998,18.615833333333335,24.979999999999997,41.03333333333333,41.03333333333333,10.095833333333331,17.504166666666666,13.036026935530966,9.772353470946038,35.4,50.239999999999995,84.98333333333332,76.90833333333333,96.45833333333331,90.04166666666667,65.04166666666667,65.04166666666667,11.77094763956298,11.661099862362898,140.8,118.2,21.305833333333332,19.194166666666668,23.391666666666666,20.516666666666666,17.904166666666665,18.59583333333333,2.5281704517957895,0.7961855677750848,27.339999999999996,21.580000000000002,63.658333333333324,80.875,81.125,84.04166666666667,53.0,77.75,14.139569673634185,2.775294028466976,86.6,90.4,1264.8691666666668,1540.7458333333332,1425.1458333333333,1561.225,1128.2666666666669,1502.2291666666667,143.28656042806494,28.075927868806804,1473.8799999999999,1681.8400000000001,21.042537553333062,19.280875,23.009593208274637,20.65402777777777,17.868402777777778,18.65099537037037,2.317612716302621,0.8164040673970383,26.75043024634446,21.68922222222222,16.244273711400574,16.82783393440487,16.72386898963784,17.636285729083138,15.574136898263156,16.40405268683571,0.48856594801437164,0.47532268385817855,18.794864292443766,18.390117480477763,,,,,,,,,,,5.0,5.0,2.0,0.0,231.0,87.0,165.0,165.0,-66.0,78.0,-0.24166666666664582,-1.4500000000000028,0.7683333333333326,0.7716666666666665,6.364166666666662,-8.074999999999989,-2.1116666666666646,17.216666666666676,275.8766666666663,-1.7616625533330605,0.583560223004298,,-144.0,144.0,5,2,avg,home_minus_away
MLS-MAT-0006IM,Austin FC II,St Louis CITY2,Parmer Field,404,411,83.16831683168317,85.4014598540146,10,17,1,1,0,0,6,15,2,6,,,0.7471,2.4933,1,2,336,351,1,1,17,8,6,2,544,552,ASA,-2.233143022331433,-9,-4,,-1.7462,-7,-7,0,0,2025-09-19,MLS-STA-000018,66.51666666666668,70.8,71.375,76.16666666666667,59.208333333333336,65.875,4.840117365427314,3.672864080735303,111.8,112.2,47.96666666666666,50.84166666666666,50.16666666666666,51.708333333333336,46.375,49.333333333333336,1.6779306865567767,1.044329928710268,77.8,75.4,9.239166666666666,11.724166666666667,12.691666666666668,13.9625,7.079166666666667,8.8125,2.633884765575999,1.904055886638952,15.6,18.880000000000003,9.714166666666667,12.720833333333335,13.645833333333334,14.933333333333332,7.270833333333333,10.05,3.026968769339313,1.8071616788027933,16.18,19.740000000000002,9.040000000000001,4.934166666666667,12.816666666666668,5.791666666666667,4.8375,4.15,3.566664963005824,0.7725060679373332,21.3,10.14,101.31666666666666,109.73333333333335,109.16666666666669,112.75,89.20833333333333,106.58333333333331,7.7200698938977705,2.429134505218774,154.6,150.0,28.247499999999995,28.785000000000004,28.916666666666668,29.05,27.379166666666663,28.495833333333334,0.6848978532923325,0.22872305548656632,33.9,33.839999999999996,54.49166666666666,51.725,59.79166666666666,54.625,48.333333333333336,48.333333333333336,4.761262233437212,2.3272987441332984,80.6,82.6,1475.9541666666669,1422.49,1598.0875,1513.8416666666665,1326.8083333333334,1326.8083333333334,121.02534607412247,71.99614679118436,1850.02,1919.36,28.59318441837102,28.903808656399814,29.30435791102593,29.30435791102593,27.353876581679454,28.48952997080261,0.8007775578219521,0.3188006297718612,34.07410972031561,33.275503704996936,21.119273702286467,21.05734402665185,21.951247121518133,21.492547163607792,20.15703781321917,20.52780707895619,0.7493440808933669,0.4284603677826351,22.723254748665518,22.12657485331375,,,,,,,,,,,5.0,5.0,2.0,0.0,152.0,164.0,157.0,157.0,5.0,-7.0,4.283333333333317,2.875,2.485000000000001,3.0066666666666677,-4.105833333333334,8.416666666666686,0.5375000000000085,-2.7666666666666586,-53.46416666666687,0.3106242380287938,-0.06192967563461593,,12.0,-12.0,5,2,avg,home_minus_away
MLS-MAT-0006I9,LAFC 2,Real Monarchs,Titan Stadium,568,372,90.84507042253522,87.09677419354838,14,12,5,2,0,0,14,13,6,8,,,0.5752,2.015,1,3,516,324,1,0,11,13,8,6,693,489,ASA,3.748296228986831,1,-2,,-1.4398,196,2,3,0,2025-09-19,MLS-STA-00001F,59.15,79.30833333333334,78.04166666666667,91.16666666666669,46.583333333333336,69.375,13.215350396834397,7.8030554022838565,76.6,84.4,47.541666666666664,55.05833333333332,55.25,63.625,43.04166666666666,49.29166666666666,4.623216623136371,5.396484838402785,64.6,69.2,12.203333333333333,24.7225,21.979166666666668,30.633333333333336,5.2875,20.17083333333333,6.932844033215294,4.044196587910467,18.259999999999998,34.760000000000005,22.454166666666666,25.764166666666664,32.170833333333334,31.14583333333333,13.5,21.554166666666664,7.1362642440643365,3.6709380896895176,35.660000000000004,35.260000000000005,27.056666666666665,47.42333333333333,52.23333333333333,63.85,13.745833333333332,38.49166666666667,16.6712784244507,10.21766435789293,51.260000000000005,77.94,63.791666666666664,46.925,81.5,63.125,37.91666666666666,28.70833333333333,20.865142383091154,14.204832168823554,112.0,110.4,21.538333333333334,25.049166666666668,25.616666666666664,27.53333333333333,18.2625,22.766666666666666,2.919539359118908,2.2244350094149996,27.3,31.939999999999998,59.608333333333334,61.991666666666674,79.79166666666667,80.66666666666667,47.54166666666666,51.375,13.116352971683016,11.964189913144047,89.0,84.0,1225.6825,1460.2458333333332,1851.5291666666665,1834.575,795.0666666666666,1278.9916666666666,474.817811564414,217.51362501225577,1523.3799999999999,1695.3200000000002,21.323815405298262,25.09831510020199,26.019469216517606,27.642484027309266,17.56300925925926,22.976162372983897,3.510055126333893,2.126997604731629,27.113391626424878,31.842343602070674,15.906912632150275,19.33038679214638,20.68440341083417,20.26540269409851,12.139031440710705,18.17509662044185,4.330447078778547,0.9450927270842803,17.749794929000036,21.863402715526785,,,,,,,,,,,5.0,5.0,2.0,0.0,1302.0,87.0,52.0,52.0,-1250.0,-35.0,20.15833333333334,7.516666666666659,12.519166666666667,3.3099999999999987,20.366666666666667,-16.866666666666667,3.510833333333334,2.38333333333334,234.56333333333328,3.774499694903728,3.423474159996106,,-1215.0,1215.0,5,2,avg,home_minus_away
MLS-MAT-0006IC,Crown Legacy FC,Atlanta,Mecklenburg County Sportsplex,383,334,81.98433420365535,76.64670658682634,14,11,0,2,0,0,14,8,4,3,,,2.3784,0.481,0,1,314,256,0,0,11,14,3,5,515,455,ASA,5.33762761682901,6,1,,1.8974000000000002,49,3,-2,0,2025-09-20,MLS-STA-000039,73.35833333333332,62.85,82.75,70.20833333333333,65.83333333333333,57.29166666666666,6.369796351183886,5.356525096656522,116.6,94.6,54.925,49.19166666666666,57.708333333333336,56.333333333333336,51.41666666666666,44.5,3.095471602913594,4.917514051270673,80.4,72.2,16.318333333333335,12.8025,24.016666666666666,15.458333333333334,10.445833333333333,9.741666666666667,4.928307723132646,2.363292782914926,29.26,19.72,16.578333333333333,12.995833333333334,24.64583333333333,15.508333333333333,10.566666666666666,10.120833333333334,5.139217575824811,2.241664730482436,29.839999999999996,19.880000000000003,17.91,16.393333333333334,26.629166666666663,26.629166666666663,10.275,10.554166666666667,6.288865684463471,6.795540561852144,40.980000000000004,37.24,95.71666666666667,86.73333333333332,108.08333333333331,91.83333333333331,81.95833333333333,81.95833333333333,10.766758578039065,3.5168986890282845,157.0,143.8,23.850833333333334,22.933333333333334,25.066666666666663,25.05,23.40833333333333,21.383333333333336,0.6960416354883759,1.4461064823633598,29.28,28.639999999999997,60.44166666666666,58.96666666666666,67.16666666666667,62.625,56.04166666666666,56.75,4.417511711611218,2.4097242235022107,86.2,85.8,1377.7008333333335,1285.6408333333334,1511.9083333333335,1417.9541666666669,1250.0125,1207.4333333333334,96.49942912359934,99.88852781767955,1602.28,1522.02,23.785266527331842,22.75492572595936,24.91028697050103,24.884092595411868,23.16731061522566,21.142211405983613,0.6692510304346198,1.5149661514779935,28.797078816274695,28.069790359910705,18.205792151518487,17.167696497409715,18.82721861849485,18.7762292997794,17.17478511243642,15.89726421450094,0.7014431571812056,1.3152115799204653,19.737687263098472,19.035577638446856,,,,,,,,,,,5.0,5.0,2.0,0.0,316.0,239.0,228.0,228.0,-88.0,-11.0,-10.508333333333319,-5.733333333333334,-3.515833333333335,-3.5824999999999996,-1.5166666666666657,-8.983333333333348,-0.9175000000000004,-1.4750000000000014,-92.06000000000017,-1.030340801372482,-1.0380956541087727,,-77.0,77.0,5,2,avg,home_minus_away
MLS-MAT-0006IF,Philadelphia Union II,Chicago Fire FC II,Subaru Park,228,437,76.3157894736842,85.81235697940504,16,4,4,0,0,0,21,24,9,13,,,3.3317,3.8624,5,2,174,375,0,0,4,15,13,9,425,659,ASA,-9.496567505720833,-3,-4,,-0.5307,-209,12,4,0,2025-09-21,MLS-STA-000002,57.975,49.108333333333334,71.20833333333333,60.0,47.41666666666666,33.333333333333336,9.333640247929948,9.73380956312127,65.2,59.0,42.43333333333332,37.30833333333334,48.625,48.625,31.166666666666668,29.875,7.3939610306129,8.239081579750122,61.0,54.0,13.438333333333333,9.181666666666667,18.9125,16.179166666666667,4.758333333333334,4.758333333333334,6.057113443207821,4.511267337025275,20.06,14.040000000000001,13.74,9.797500000000001,19.2875,16.495833333333334,5.216666666666667,5.216666666666667,6.018016642180011,4.366564884309964,20.46,14.680000000000001,21.66583333333333,18.05,26.1375,24.15,13.1875,13.1875,5.481738464868807,5.285101734803429,43.88,39.760000000000005,78.85,65.7,87.66666666666667,74.83333333333333,64.375,58.41666666666666,10.95106698251616,6.624829662380429,123.4,109.2,20.902499999999996,20.755833333333335,23.225,23.225,19.875,18.341666666666665,1.337823169680261,1.928702247914672,24.8,24.860000000000003,72.175,72.675,80.20833333333333,89.45833333333333,58.125,58.125,8.901827605734802,11.245577834568278,88.4,90.0,1477.155,1467.8391666666666,1592.5958333333335,1641.6625,1192.4416666666666,1192.4416666666666,166.414567708137,184.95135233596642,1633.84,1642.72,20.945277188262782,20.808418062519188,23.499372052425013,23.499372052425013,20.01238425925926,18.56724537037037,1.4409269409643308,2.0244442360803596,24.8843592685938,24.945323290794715,17.2769658530855,17.166572847617022,19.005984506486776,19.005984506486776,15.39305258579069,15.39305258579069,1.3147504139669297,1.5777148164945904,19.178333314788688,18.964262095945777,,,,,,,,,,,5.0,5.0,2.0,0.0,265.0,10.0,8.0,8.0,-257.0,-2.0,-8.866666666666667,-5.124999999999986,-4.256666666666666,-3.942499999999999,-3.615833333333331,-13.149999999999991,-0.14666666666666117,0.5,-9.31583333333333,-0.1368591257435945,-0.11039300546847741,,-255.0,255.0,5,2,avg,home_minus_away
MLS-MAT-0006IH,Chattanooga,Carolina Core FC,Finley Stadium,341,351,82.11143695014663,82.05128205128206,11,9,2,2,0,0,11,9,3,3,,,0.7028,0.8001,0,0,280,288,0,0,9,11,3,3,467,491,ASA,0.060154898864567485,2,0,,-0.09730000000000005,-10,2,0,0,2025-09-21,MLS-STA-00002S,66.77083333333333,68.75,70.45833333333333,77.83333333333333,63.083333333333336,63.083333333333336,5.21491251125078,5.750528357367593,107.5,99.2,51.14583333333333,50.983333333333334,53.04166666666666,53.125,49.25,48.583333333333336,2.6811132119989862,2.0971624347622115,75.0,73.2,13.339583333333334,15.461666666666664,15.325,17.554166666666667,11.354166666666666,11.354166666666666,2.807803176961583,2.5290129003229693,20.05,26.28,13.51875,15.755833333333333,15.5375,18.054166666666667,11.5,11.5,2.8549436290406858,2.614756136387823,20.25,26.639999999999997,14.104166666666668,11.763333333333332,14.504166666666668,14.504166666666668,13.704166666666666,7.225,0.5656854249492391,2.9997763226799288,26.8,27.46,90.6875,92.25833333333334,90.91666666666669,96.66666666666669,90.45833333333331,88.79166666666667,0.3240906080438611,3.214469240792328,150.0,146.0,25.829166666666666,24.9225,25.9375,25.9375,25.72083333333333,24.02916666666667,0.15320646925708664,0.8975352051281584,31.25,30.28,58.58333333333333,62.65,58.91666666666666,70.875,58.25,58.25,0.47140452079102496,5.098389587790336,85.0,86.4,1461.06875,1501.4616666666666,1478.1708333333331,1643.2375,1443.9666666666665,1443.9666666666665,24.18599819483494,81.89980404602801,1840.2,1844.8799999999999,25.95499405910742,25.10309884390527,26.143760871794083,26.143760871794083,25.766227246420755,24.25636271169769,0.26695658662742305,0.8254760174722671,30.746275979390013,30.13444702065692,19.74058610236952,19.51501669418574,19.90566375394035,19.90566375394035,19.57550845079869,19.00068885727616,0.23345505369616723,0.4116769525768129,22.302018737144884,22.00671469314086,,,,,,,,,,,2.0,5.0,2.0,0.0,,206.0,209.0,209.0,,3.0,1.9791666666666714,-0.16249999999999432,2.1220833333333307,2.2370833333333326,-2.340833333333336,1.57083333333334,-0.9066666666666663,4.06666666666667,40.39291666666668,-0.851895215202152,-0.22556940818378024,,,,5,2,avg,home_minus_away
MLS-MAT-0006IG,MNUFC2,North Texas SC,Allianz Field,420,360,81.42857142857143,77.77777777777777,11,8,1,1,0,0,26,11,11,9,,,3.8166,1.0922,1,2,342,280,0,0,8,11,9,11,562,518,ASA,3.650793650793659,15,2,,2.7244,60,3,0,0,2025-09-21,MLS-STA-00000L,73.8,51.775,93.04166666666669,55.41666666666666,49.583333333333336,48.583333333333336,21.185019110735357,2.756872725067699,107.2,56.4,48.83333333333333,37.041666666666664,61.79166666666666,43.208333333333336,30.95833333333333,30.95833333333333,14.97399365937862,5.003817986742167,74.4,56.0,15.174166666666668,9.901666666666667,21.204166666666666,11.391666666666666,8.450000000000001,8.450000000000001,5.866006266096967,1.1504248913143147,18.160000000000004,13.64,15.75,10.175,22.058333333333334,11.604166666666666,8.6625,8.6625,6.195618271317954,1.1706776290299177,18.72,14.059999999999999,12.354166666666668,12.839999999999998,13.4125,19.89583333333333,8.75,8.75,2.018024250349832,4.271772864137063,26.18,26.639999999999997,93.80833333333335,70.06666666666666,113.79166666666669,82.20833333333333,49.16666666666666,49.16666666666666,28.34959092395438,13.961523267338865,142.4,113.4,25.239166666666666,21.541666666666664,28.97083333333333,25.025,19.35833333333333,19.066666666666663,5.077012463600574,2.3365621261683684,29.619999999999997,25.98,62.55833333333332,81.43333333333332,88.45833333333333,88.375,46.208333333333336,71.83333333333333,20.219919359109443,6.296948665822206,83.4,96.6,1458.4025,1717.2008333333335,1759.5333333333335,1860.4375,1284.6958333333334,1492.7583333333334,190.60576559609166,135.32410363385208,1766.94,1874.8,25.316730530654386,21.952871198740336,29.0574240577042,25.78602031619132,19.4505787037037,19.11777777777778,4.945372088168748,2.584503994791097,29.40983654197114,26.635630879999997,19.474150591159276,19.07315119062745,20.870201207512974,21.019346261155537,16.88007168437038,16.535539083466787,1.7199047319107397,1.7398248467840718,20.6256252471077,20.6333910425272,,,,,,,,,,,5.0,5.0,2.0,0.0,219.0,257.0,213.0,213.0,-6.0,-44.0,-22.025,-11.791666666666664,-5.272500000000001,-5.574999999999999,0.48583333333333023,-23.74166666666669,-3.6975000000000016,18.875,258.79833333333363,-3.3638593319140497,-0.4009994005318269,,38.0,-38.0,5,2,avg,home_minus_away
MLS-MAT-0006II,RBNY II,Inter Miami CF II,MSU Soccer Park,439,462,82.46013667425969,81.81818181818181,16,16,1,2,0,0,22,15,10,7,,,3.1898,1.217,1,1,362,378,0,0,16,14,7,11,580,590,ASA,0.6419548560778736,7,3,,1.9727999999999999,-23,0,-1,0,2025-09-21,MLS-STA-000014,44.75,43.475,53.66666666666666,53.375,33.833333333333336,30.95833333333333,8.129432551605989,9.6708234597106,50.4,52.2,31.25,39.40833333333333,43.91666666666666,50.04166666666666,21.416666666666668,32.083333333333336,8.389756899537272,7.372080401382255,40.6,53.0,7.245833333333333,7.286666666666667,10.933333333333332,10.854166666666666,4.695833333333334,4.3500000000000005,2.62608608484185,2.4752374324945516,10.440000000000001,12.84,8.453333333333333,7.864166666666667,11.079166666666666,11.658333333333331,5.345833333333334,4.7250000000000005,2.595275488481157,2.5466474421176644,12.2,13.64,14.257499999999999,22.199166666666667,21.53333333333333,31.77916666666667,10.179166666666667,17.575,4.523831954831607,5.76813369465761,27.76,47.1,64.18333333333332,65.8,72.58333333333333,72.625,53.66666666666666,61.04166666666666,6.882987783901216,4.553539526810132,87.8,105.4,24.171666666666667,20.374166666666667,26.741666666666664,22.433333333333334,19.1375,18.745833333333334,3.269794686469879,1.7497901659913395,27.619999999999997,24.919999999999998,76.275,69.25833333333333,86.91666666666667,81.625,61.54166666666666,60.208333333333336,13.368462836508586,8.826766426928689,88.4,89.6,1856.1066666666666,1367.0391666666667,2287.725,1531.3083333333334,1160.5666666666668,1114.9708333333333,561.2948067798735,173.8447458651844,1963.0400000000002,1599.98,25.348641338040476,20.262296310722967,29.69812327426094,22.286421453105103,18.71372685185185,18.42224537037037,4.599732037726151,1.851915234300711,30.258891596167103,24.614153229615575,21.017715996318447,16.34310918532115,24.812171825557428,18.237051773806705,14.353201293348862,13.945122908689468,4.859862163298091,1.582049070923561,22.700081354375435,18.229467538065826,,,,,,,,,,,5.0,5.0,2.0,0.0,6.0,4.0,5.0,5.0,-1.0,1.0,-1.2749999999999986,8.158333333333331,0.04083333333333439,-0.5891666666666664,7.941666666666668,1.6166666666666742,-3.7974999999999994,-7.01666666666668,-489.0674999999999,-5.08634502731751,-4.674606810997297,,-2.0,2.0,5,2,avg,home_minus_away
MLS-MAT-0006IJ,FC Cincinnati 2,New England Revolution II,NKU Soccer Stadium,500,346,86.0,81.21387283236994,14,6,2,2,0,0,13,13,6,6,,,1.1283,1.4151,3,1,430,281,0,0,6,14,6,6,653,495,ASA,4.786127167630056,0,0,,-0.28679999999999994,154,8,0,0,2025-09-21,MLS-STA-000016,57.916666666666664,68.85833333333332,72.375,74.70833333333333,40.66666666666666,54.79166666666666,13.986942075060977,8.031762035125853,85.4,121.8,40.449999999999996,50.87499999999999,51.91666666666666,53.91666666666666,28.75,45.0,10.342796406194987,3.502974926163946,64.6,88.0,9.270833333333334,11.749166666666667,12.058333333333332,16.341666666666665,6.945833333333333,9.645833333333334,2.013446551038514,2.955966482763669,16.5,18.46,10.3475,11.906666666666666,13.841666666666669,16.7,8.179166666666667,9.675,2.0962383637787427,3.0562813847513737,17.48,18.7,14.589166666666666,17.2375,17.045833333333334,20.4,9.608333333333333,14.370833333333332,3.0437786617404803,2.1514630842237974,28.4,31.639999999999997,78.48333333333333,93.38333333333335,98.04166666666669,98.04166666666669,61.458333333333336,89.66666666666667,17.43220001096312,3.612454344194388,129.4,168.0,20.5275,24.913333333333334,24.9125,25.5125,16.900000000000002,24.4,4.0150374894472245,0.5039031680568961,26.26,31.060000000000002,69.69166666666666,51.783333333333324,84.375,53.29166666666666,49.5,49.75,17.669825778868212,1.4829470470803827,89.8,78.4,1317.7891666666667,1219.0674999999999,1578.9,1252.9041666666667,1166.1625,1194.1666666666667,168.96703108007165,23.363842665478245,1550.0,1503.78,20.31559819761397,24.51414058891142,24.425286208680472,25.069952872453257,16.73009259259259,24.00686920385779,3.7933893012335296,0.4737499686997206,25.533521814672024,29.869197564255124,16.240342996840997,17.761980233828748,17.412600512971025,17.98675775625754,14.355663012616787,17.329256346265254,1.4862551231814773,0.2958193609460896,17.892836086966174,19.744836886625116,,,,,,,,,,,5.0,5.0,2.0,0.0,79.0,160.0,266.0,266.0,187.0,106.0,10.941666666666656,10.424999999999997,2.4783333333333335,1.5591666666666661,2.648333333333335,14.90000000000002,4.385833333333334,-17.90833333333334,-98.7216666666668,4.198542391297451,1.5216372369877504,,81.0,-81.0,5,2,avg,home_minus_away
MLS-MAT-0006IK,Orlando City B,Huntsville,Osceola Heritage Park,402,465,86.56716417910448,90.53763440860214,18,20,3,2,0,0,14,14,4,7,,,0.8588,1.665,0,1,348,421,0,0,20,17,7,4,539,615,ASA,-3.970470229497664,0,-3,,-0.8062,-63,-2,1,0,2025-09-21,MLS-STA-000017,62.4,38.8,73.91666666666667,48.333333333333336,41.25,33.708333333333336,14.543355919074829,5.866675544500862,91.2,44.0,47.033333333333324,30.175,53.66666666666666,33.083333333333336,38.91666666666666,27.08333333333333,7.447000234993949,2.5579057731754786,70.6,43.6,12.427499999999998,6.613333333333332,15.625,8.429166666666667,9.2,5.3375,3.147714117683922,1.270144622124233,16.9,9.98,13.342500000000001,8.1325,16.087500000000002,10.191666666666666,10.954166666666666,6.141666666666667,2.522928536993821,1.609189646823656,17.66,11.4,6.970833333333333,8.554166666666665,10.045833333333333,10.825,4.879166666666666,6.616666666666667,2.426003872970253,1.8869089398331391,13.080000000000002,19.380000000000003,95.35833333333333,69.3,110.70833333333331,78.20833333333333,79.125,55.833333333333336,14.271992045416933,9.269283578333095,140.8,97.0,25.87083333333333,24.9775,26.558333333333334,25.23333333333333,25.491666666666664,24.604166666666668,0.42637644752026427,0.26093448517885776,31.060000000000002,28.98,64.86666666666666,83.05,82.33333333333333,86.95833333333333,51.083333333333336,78.54166666666667,14.292134346089345,3.1339316804579145,86.2,95.2,1625.6466666666668,2049.0433333333335,2077.079166666667,2133.016666666667,1275.7541666666666,1939.5791666666669,363.8819532333101,76.14004758000945,1917.06,2194.1400000000003,26.399923529932646,26.284002368809507,27.20050034118493,26.846310616064915,25.59590343807029,25.64312477109769,0.6530093256801655,0.45010102442479855,31.877937004283602,32.07021204575024,20.685380877246523,22.64196062201598,23.09195820686877,22.900345870990066,18.596414521430884,22.19742890637227,1.9643698088536714,0.33664031963519686,22.730277292203798,24.341369462418605,,,,,,,,,,,5.0,5.0,2.0,0.0,190.0,39.0,23.0,23.0,-167.0,-16.0,-23.6,-16.858333333333324,-5.814166666666666,-5.210000000000001,1.5833333333333321,-26.058333333333337,-0.8933333333333309,18.183333333333337,423.39666666666676,-0.11592116112313988,1.9565797447694564,,-151.0,151.0,5,2,avg,home_minus_away
MLS-MAT-0006IL,Houston Dynamo 2,Timbers2,SaberCats Stadium,366,418,83.87978142076503,86.84210526315789,16,11,0,1,0,0,16,10,5,4,,,,,3,1,307,363,0,0,11,15,4,7,527,587,,-2.9623238423928626,6,1,,,-52,5,-1,0,2025-09-21,MLS-STA-00000Y,43.108333333333334,76.3,65.66666666666667,93.0,30.541666666666668,51.333333333333336,15.02118295940769,17.297524108316125,52.6,117.2,36.625,55.86666666666666,49.958333333333336,66.625,26.20833333333333,42.333333333333336,9.438994546854849,9.900608497012243,51.2,90.8,7.333333333333334,15.442499999999999,11.116666666666667,19.904166666666665,3.341666666666667,9.704166666666667,3.1082760830295193,4.698379411799585,13.780000000000001,23.259999999999998,8.368333333333334,16.8725,13.004166666666665,21.066666666666663,3.4333333333333336,11.466666666666669,3.8553405869866624,4.330949464481072,15.040000000000001,24.68,15.315000000000001,24.434166666666666,24.3125,30.725,6.4125000000000005,20.9375,7.61766131361121,3.7764040343368404,34.519999999999996,48.44,66.01666666666668,85.60833333333333,74.20833333333333,106.29166666666669,56.708333333333336,56.708333333333336,7.0205304088952,19.91626568634012,112.6,164.8,22.665,26.79083333333333,26.5875,27.2,18.22083333333333,26.325,3.7132418357219272,0.3394158584980975,29.18,31.939999999999998,67.63333333333334,76.05,82.875,82.875,50.125,71.70833333333333,12.76535703683128,4.397402958312761,90.4,94.6,1490.3016666666667,1987.8816666666667,2137.491666666667,2137.491666666667,993.1541666666668,1862.4166666666667,534.7745243941338,102.42992347921727,1685.1200000000001,2213.2400000000002,23.11274454890544,28.548919709662833,28.42442123881328,28.971939589872235,17.800046296296298,28.196306482079923,4.901836163367003,0.36029872880013386,30.06438030307383,35.03824714472894,18.184119196307684,23.28180222981855,23.853657213270008,23.853657213270008,13.762240879976885,22.66471362897768,4.924894561959444,0.43572922867221536,20.353597700658447,24.60307293519717,,,,,,,,,,,5.0,5.0,2.0,0.0,31.0,20.0,14.0,14.0,-17.0,-6.0,33.19166666666666,19.24166666666666,8.109166666666665,8.504166666666665,9.119166666666665,19.591666666666654,4.125833333333333,8.416666666666657,497.5799999999999,5.436175160757394,5.097683033510865,,-11.0,11.0,5,2,avg,home_minus_away
MLS-MAT-0006ID,Ventura County,San Jose Earthquakes II,William Rolland Stadium,558,325,90.3225806451613,85.84615384615384,8,11,3,3,0,0,12,18,4,6,,,,,0,4,504,279,0,0,11,8,6,4,681,462,,4.476426799007456,-6,-2,,,233,-3,0,0,2025-09-21,MLS-STA-00004W,56.825,55.275,64.54166666666667,64.79166666666667,47.75,48.79166666666666,6.590146790643,5.857213027067097,61.6,61.6,36.95,37.99999999999999,46.29166666666666,46.79166666666666,31.70833333333333,32.833333333333336,5.909502705153981,5.371203439536512,48.6,53.0,12.449166666666667,10.873333333333333,19.341666666666665,13.745833333333332,8.404166666666667,9.05,4.109367897121027,1.9105691051504923,16.46,16.16,14.683333333333332,12.440000000000001,21.5125,14.7375,9.795833333333333,10.308333333333334,4.242675469428328,1.6149437769711301,19.1,17.8,16.46,13.738333333333333,26.675,17.625,8.691666666666666,10.029166666666669,6.596537786133639,2.9434844478006745,29.619999999999997,26.82,57.283333333333324,68.6,76.125,90.125,46.25,58.458333333333336,11.88564581286557,12.848597523984218,99.2,112.8,21.681666666666665,22.825,22.6,24.53333333333333,20.2875,21.366666666666664,0.9216606389194086,1.5992701243240797,27.18,26.339999999999996,75.01666666666668,80.05833333333334,86.25,89.54166666666667,65.91666666666667,67.875,9.096922174865277,10.45462251563606,96.0,92.2,1572.58,1794.0825,1856.5458333333331,1907.1375,1375.3166666666666,1631.3875,254.50271376595586,130.95420336975954,1747.5400000000002,1949.8400000000001,21.854132530837212,23.306937475472687,23.191494198118523,24.999473439829465,20.22678240740741,21.86210648148148,1.1276512207811265,1.559464574864699,27.20083474472893,26.920288848300448,18.275358484648823,20.1256098117454,20.33257087920787,20.322574117822317,16.557033055946615,19.8784431979522,1.7398279451600775,0.18549726243508627,19.8800729104945,21.45165955881942,,,,,,,,,,,5.0,5.0,2.0,0.0,17.0,25.0,272.0,272.0,255.0,247.0,-1.5500000000000043,1.04999999999999,-1.5758333333333336,-2.2433333333333305,-2.7216666666666676,11.31666666666667,1.1433333333333344,5.041666666666657,221.50250000000005,1.4528049446354743,1.8502513270965757,,8.0,-8.0,5,2,avg,home_minus_away
MLS-MAT-0006IE,Tacoma Defiance,Colorado Rapids 2,Starfire Sports Complex,429,444,78.55477855477855,80.18018018018019,16,16,2,1,0,0,18,12,7,6,,,,,1,4,337,356,0,0,15,13,6,8,571,576,,-1.6254016254016364,6,1,,,-15,0,1,0,2025-09-21,MLS-STA-00001D,51.61666666666666,43.733333333333334,61.875,61.41666666666666,40.875,33.708333333333336,8.892754150930344,11.082730246749767,74.6,50.8,46.99166666666666,36.78333333333333,53.625,40.375,41.04166666666666,32.416666666666664,5.5666261226068485,2.893269248522243,64.6,53.8,10.247499999999999,8.973333333333333,14.345833333333331,14.1875,5.566666666666666,5.358333333333333,3.146761176635078,4.061974966072538,17.5,15.080000000000002,11.219166666666668,9.473333333333333,15.154166666666669,14.975,6.641666666666667,5.833333333333333,3.097106904928462,4.101843250973342,18.32,15.6,23.77583333333333,18.035,27.20833333333333,23.70833333333333,17.954166666666666,12.366666666666667,3.725650577043185,4.911011578302602,53.779999999999994,44.56,68.0,56.44166666666666,83.29166666666667,68.75,46.75,46.04166666666666,18.87541390274661,8.277448026616257,119.6,101.2,15.830000000000002,18.296666666666667,17.570833333333333,20.445833333333333,13.6,16.9875,1.6183233564745672,1.659077513091068,22.3,24.82,69.34166666666667,71.0,77.25,75.125,58.708333333333336,66.75,8.01406099372291,3.794641690009157,95.0,94.8,1017.4291666666666,1210.6258333333333,1184.3791666666666,1272.9958333333334,828.9291666666667,1183.6083333333331,161.76926171698472,36.60800413862919,1191.2,1387.3400000000001,15.279143518518518,18.003403659636316,17.275439814814813,20.12701829818158,13.03263888888889,16.689699074074074,1.7646082262232063,1.6797887383981887,21.63522222222222,24.241332421766668,12.03782592960783,14.490211643965512,13.997490944593324,15.655839114359468,10.246889840714896,13.618891842505734,1.6795073851210958,0.9845641630171396,14.251437822452933,16.56027476665545,,,,,,,,,,,5.0,5.0,2.0,0.0,1597.0,42.0,45.0,45.0,-1552.0,3.0,-7.883333333333326,-10.208333333333329,-1.274166666666666,-1.7458333333333353,-5.740833333333331,-11.558333333333337,2.466666666666665,1.6583333333333314,193.19666666666672,2.7242601411177976,2.452385714357682,,-1555.0,1555.0,5,2,avg,home_minus_away
MLS-MAT-00069X,FC Cincinnati 2,Columbus Crew 2,NKU Soccer Stadium,493,428,84.38133874239351,78.97196261682242,14,8,2,1,0,0,10,14,6,6,,,0.9269,1.1921,4,3,416,338,0,0,8,13,6,6,626,548,ASA,5.409376125571086,-4,0,,-0.2652,65,6,1,0,2025-09-25,MLS-STA-000016,58.783333333333324,60.81666666666666,62.375,70.08333333333333,54.79166666666666,53.833333333333336,3.2202700024825415,6.92711309517416,83.0,83.4,43.725,42.725,46.875,50.625,39.333333333333336,35.583333333333336,3.101382980041142,5.868835418263718,69.4,70.0,11.125833333333333,11.864999999999998,16.029166666666665,16.029166666666665,8.470833333333333,9.966666666666669,3.0471175473260335,2.5788428714358598,18.259999999999998,20.259999999999998,11.3025,12.01,16.2625,16.2625,8.65,10.008333333333333,3.0773035071308774,2.636556242420109,18.52,20.419999999999998,11.365833333333333,14.625,22.504166666666663,22.504166666666663,5.2,9.854166666666666,7.082826820125484,5.3002653235474915,31.2,37.04,87.60833333333332,82.6,104.33333333333331,97.33333333333331,57.083333333333336,57.083333333333336,20.138918582353586,16.553590370873213,134.6,134.6,22.41583333333333,23.089999999999996,24.02083333333333,25.5125,21.375,21.0125,1.1427663499401572,1.8568393658460471,27.26,27.560000000000002,76.23333333333332,73.99166666666666,85.875,89.0,61.54166666666666,49.75,10.888704646967378,16.99173614502715,93.0,89.2,1656.9641666666666,1650.8808333333334,1809.0125,1870.225,1396.8208333333332,1202.1208333333334,188.0038059602933,292.34169273134444,1858.58,1874.3400000000001,22.664435042317354,23.342640343632546,23.91739451820723,25.069952872453257,21.810347222222223,21.493194444444445,0.9101665320252927,1.521524736661091,27.125179104110238,27.649121246476465,19.134604136697988,19.420064673185347,19.51780607113705,20.111679955865345,18.41906585437554,17.963196176027722,0.5304108751767447,0.8827843441660582,20.517364384460286,20.974513809345986,,,,,,,,,,,5.0,5.0,2.0,0.0,231.0,160.0,266.0,266.0,35.0,106.0,2.0333333333333385,-1.0,0.7391666666666659,0.7074999999999996,3.259166666666667,-5.008333333333326,0.6741666666666646,-2.24166666666666,-6.0833333333332575,0.6782053013151916,0.2854605364873599,,-71.0,71.0,5,2,avg,home_minus_away
MLS-MAT-0006IP,New England Revolution II,Crown Legacy FC,Gillette Stadium,391,373,83.63171355498721,85.25469168900804,9,11,3,2,0,0,8,9,2,5,,,0.5377,0.5245,0,1,327,318,0,0,11,8,5,2,534,514,ASA,-1.6229781340208262,-1,-3,,0.01319999999999999,18,-2,1,0,2025-09-26,MLS-STA-00000N,52.833333333333336,42.28333333333333,61.75,57.54166666666666,34.333333333333336,33.666666666666664,11.00997811330956,9.75104161102802,68.8,51.2,38.59166666666667,32.925,44.125,41.333333333333336,21.95833333333333,21.95833333333333,9.38071122333246,7.154871592139165,57.0,45.6,9.2575,7.823333333333333,11.941666666666668,11.941666666666668,3.15,3.15,3.5573432463317656,3.256279457107111,17.240000000000002,14.780000000000001,9.7875,9.040833333333333,12.525,12.525,3.720833333333333,3.720833333333333,3.594658701539766,3.4145870195221106,17.919999999999998,16.4,11.953333333333333,12.958333333333334,17.041666666666668,17.041666666666668,6.9125000000000005,6.9125000000000005,4.0883922743407215,3.7584823048820004,28.880000000000003,26.3,77.20833333333333,67.16666666666666,84.16666666666667,79.08333333333333,60.79166666666666,54.125,9.420030741280344,11.191320731809197,120.2,104.0,21.87916666666667,17.59,24.579166666666666,20.03333333333333,17.716666666666665,14.675,3.1890614367274646,2.1944623329088047,25.98,21.98,75.08333333333333,85.24166666666666,99.83333333333331,99.83333333333331,56.583333333333336,69.875,22.11116563714661,13.379912130171506,92.0,98.8,1551.1633333333334,1475.1083333333331,1914.4166666666667,1921.4833333333331,1325.9083333333333,958.9375,263.0697968187603,399.2755349862317,1740.2400000000002,1645.42,22.03671088524349,17.634470428196593,24.435598925153357,20.214967881723705,18.119097222222223,14.022569444444445,2.896660651133339,2.6466271209980907,25.994394042591562,22.103734721162677,18.32482299531091,15.756354024371683,19.162498169486096,19.233797738330008,17.54475201690557,11.093932805197284,0.5727982052053049,3.394900132594006,20.05604685053843,17.793872950771807,,,,,,,,,,,5.0,5.0,2.0,0.0,239.0,79.0,91.0,91.0,-148.0,12.0,-10.550000000000004,-5.666666666666671,-1.434166666666667,-0.7466666666666661,1.0050000000000008,-10.041666666666671,-4.28916666666667,10.158333333333331,-76.05500000000029,-4.402240457046897,-2.568468970939227,,-160.0,160.0,5,2,avg,home_minus_away
MLS-MAT-0006IQ,TFC II,Philadelphia Union II,York Lions Stadium,426,451,85.21126760563381,86.69623059866963,7,13,2,1,0,0,12,20,3,4,,,2.4171,1.1758,1,2,363,391,0,0,13,7,4,4,563,603,ASA,-1.484962993035822,-8,-1,,1.2413,-25,-6,1,0,2025-09-26,MLS-STA-00001H,47.90833333333333,51.025,62.333333333333336,62.333333333333336,35.416666666666664,38.0,11.486797977581821,9.61550758468377,58.2,63.0,36.48333333333333,39.916666666666664,39.0,43.208333333333336,30.20833333333333,36.04166666666666,3.710509661009448,3.0161601784756473,53.6,59.2,9.116666666666667,10.445833333333333,11.233333333333334,17.129166666666666,6.858333333333333,6.55,1.8804065569563526,4.225300983690721,14.139999999999997,19.06,10.0125,10.590833333333332,12.841666666666669,17.3625,8.391666666666667,6.595833333333334,2.080836003202132,4.275074520143219,15.1,19.34,15.17083333333333,17.733333333333334,20.004166666666663,27.1875,11.55,11.2375,4.4074205497975525,6.594758019316048,32.760000000000005,44.46,74.18333333333334,84.81666666666668,94.91666666666669,94.91666666666669,58.75,70.25,14.969140710512121,10.803588974142915,110.4,112.2,19.499166666666667,19.2,22.4125,20.15,18.070833333333333,18.154166666666665,1.698861955676342,0.9157855613867497,23.14,20.919999999999998,80.31666666666666,88.96666666666667,91.875,93.20833333333331,68.45833333333333,80.125,10.918718000652724,5.161321159462089,93.0,93.8,1534.9791666666665,1709.3558333333335,1711.8166666666666,1808.9541666666669,1271.925,1459.7166666666665,213.05016619559865,146.0874427366954,1726.6599999999999,1838.8,19.628034893055094,19.498574074074078,22.88478094675695,20.57164351851852,18.319375,18.117291666666667,1.8441045067700388,1.072308618704656,23.458098607953783,21.30266666666667,16.981142464985815,17.859038027256318,19.481443697916852,18.90947103665511,15.187579846816812,15.785611948134028,1.709081497166223,1.2850777434329437,18.846647581190258,19.211676884102165,,,,,,,,,,,5.0,5.0,2.0,0.0,10.0,87.0,165.0,165.0,155.0,78.0,3.116666666666667,3.433333333333337,1.3291666666666657,0.5783333333333331,2.5625000000000036,10.63333333333334,-0.29916666666666814,8.650000000000006,174.376666666667,-0.12946081898101625,0.8778955622705027,,77.0,-77.0,5,2,avg,home_minus_away
MLS-MAT-0006IR,Austin FC II,Timbers2,Parmer Field,475,404,83.15789473684211,82.42574257425743,10,15,3,4,0,0,15,12,4,5,,,1.8572,1.4161,1,2,395,333,0,0,14,10,5,5,598,534,ASA,0.7321521625846827,3,-1,,0.44110000000000005,71,-5,-1,0,2025-09-26,MLS-STA-000018,37.71666666666667,33.875,45.375,45.375,27.791666666666668,27.791666666666668,6.493078579875993,7.365283146854121,44.4,43.0,29.84166666666666,26.866666666666664,38.66666666666666,38.66666666666666,22.791666666666668,20.83333333333333,6.199966397758402,7.075449043464777,40.0,40.2,6.718333333333334,4.8291666666666675,7.845833333333334,7.845833333333334,5.0125,2.9875000000000003,1.156006355711094,1.866806170382394,10.940000000000001,8.66,7.779999999999999,5.63,8.804166666666667,8.1125,5.6375,3.795833333333333,1.2452911306196637,1.621584016393299,12.42,9.64,9.124166666666667,3.8299999999999996,13.6125,5.933333333333334,3.8125,2.983333333333333,4.304680309784275,1.2154153096781366,17.56,7.0200000000000005,59.05,67.21666666666667,78.79166666666667,78.79166666666667,49.583333333333336,58.25,11.59173855716983,9.069389143952554,94.4,97.0,21.557499999999997,29.214166666666664,28.70833333333333,30.8375,15.670833333333334,27.1875,6.038669802705816,1.3647999191985785,27.98,34.38,65.51666666666667,61.125,73.125,66.25,58.54166666666666,57.41666666666666,6.543895586303653,3.328512138411932,91.4,86.2,1317.1766666666667,1732.735,1887.35,1887.35,964.5375,1556.7375,391.1789435453598,133.14504656706995,1604.3,2165.16,21.785636771877144,30.893825980922884,31.24143734989245,33.46968643689613,15.202847222222225,27.41474138630547,7.148962234290876,2.1989461934837444,27.85395717063824,36.22846669082581,16.718430504639137,23.139320195972545,23.73510059070989,24.48117432654313,12.479461675869077,20.99259056788767,5.259171936917108,1.3404698707004439,18.817824218525384,24.37953398695738,,,,,,,,,,,5.0,5.0,2.0,0.0,31.0,164.0,157.0,157.0,126.0,-7.0,-3.8416666666666686,-2.974999999999998,-1.8891666666666662,-2.1499999999999995,-5.294166666666667,8.166666666666671,7.656666666666666,-4.391666666666666,415.55833333333317,9.10818920904574,6.420889691333407,,133.0,-133.0,5,2,avg,home_minus_away
MLS-MAT-0006IS,Colorado Rapids 2,MNUFC2,DICK'S Sporting Goods Park,442,366,82.8054298642534,77.8688524590164,13,17,5,1,0,0,11,11,2,4,,,,,1,2,366,285,0,0,17,13,5,2,571,481,,4.936577405237003,0,-2,,,76,-4,4,0,2025-09-27,MLS-STA-00000J,43.8,40.95833333333333,54.5,52.083333333333336,33.166666666666664,34.958333333333336,7.898795618461225,6.8593255661341965,49.6,53.2,40.891666666666666,40.40833333333333,52.16666666666666,47.875,31.416666666666668,27.166666666666668,9.72011088185497,8.206080486105684,58.6,55.0,8.0,6.7625,10.633333333333333,8.666666666666666,5.6625000000000005,4.908333333333333,1.9367023447660252,1.698784287529042,17.18,14.440000000000001,8.355,7.320833333333335,11.391666666666666,9.466666666666669,5.854166666666667,5.2125,2.1231454325546744,1.94856829564113,17.58,15.319999999999999,25.151666666666667,19.345,36.4375,26.179166666666664,15.683333333333332,9.975,10.043702508011899,6.633360421845861,57.760000000000005,49.22,55.05,66.48333333333333,67.16666666666667,71.91666666666667,49.5,60.66666666666666,7.007832919114313,4.273688070299735,109.8,113.2,17.789166666666667,14.340833333333332,19.325,16.912499999999998,15.375,9.854166666666666,1.533122721042832,2.94678703326936,23.919999999999998,21.0,66.2,63.533333333333324,80.29166666666667,95.08333333333331,44.208333333333336,44.083333333333336,16.643431720785365,20.11698425598517,87.4,89.0,1114.0591666666667,774.9766666666667,1522.3041666666668,937.0333333333332,633.85,614.4,434.77277362122356,147.77934519519104,1236.7599999999998,979.0600000000001,17.352194444444443,13.48939814814815,19.409560185185185,15.941388888888888,14.339976851851851,9.37787037037037,2.046966407319319,2.745162248528782,23.464222222222222,20.205222222222222,13.395554385274432,9.693315741522987,16.828920531315912,11.240679263776777,9.207486594113984,8.850740725940422,3.6077525848294973,0.9118690673029963,15.536744074338054,12.194330760928754,,,,,,,,,,,5.0,5.0,2.0,0.0,257.0,1597.0,1572.0,1572.0,1315.0,-25.0,-2.8416666666666686,-0.4833333333333343,-1.2374999999999998,-1.0341666666666658,-5.806666666666668,11.433333333333337,-3.448333333333334,-2.6666666666666785,-339.0825,-3.8627962962962936,-3.7022386437514445,,1340.0,-1340.0,5,2,avg,home_minus_away
MLS-MAT-0006IT,Carolina Core FC,Orlando City B,Truist Point,371,483,82.47978436657682,87.5776397515528,12,12,4,3,0,0,15,13,6,5,,,1.1418,1.4844,3,3,306,423,0,0,11,12,7,6,506,624,ASA,-5.097855384975972,2,1,,-0.3426,-112,0,1,0,2025-09-27,MLS-STA-00002T,45.45,,62.54166666666666,,27.625,,14.13969245697295,,50.6,,34.03333333333333,,43.41666666666666,,22.75,,8.131909455281024,,48.0,,8.769166666666667,,11.766666666666666,,5.183333333333334,,2.7001375993744383,,15.2,,9.899166666666668,,12.204166666666666,,6.908333333333334,,2.279706288952349,,16.28,,11.5325,,15.55,,7.962499999999999,,3.4764502868906706,,28.54,,61.13333333333334,,90.16666666666669,,41.04166666666666,,20.681223871747374,,102.2,,25.494999999999997,,26.9125,,22.891666666666666,,1.6011101834178805,,30.26,,82.98333333333333,,89.0,,73.25,,6.1070883224150085,,97.4,,2087.18,,2273.8541666666665,,1812.4583333333333,,189.61694737259845,,2256.92,,27.18732873438055,,29.502541467083542,,23.69449445166575,,2.4017617396796855,,33.639636251556944,,23.1167998625735,,24.74197723408404,,21.3826611922641,,1.65367825404406,,24.517656500011544,,,,,,,,,,,,5.0,0.0,2.0,0.0,39.0,,288.0,288.0,249.0,,,,,,,,,,,,,,,,5,2,avg,home_minus_away
MLS-MAT-0006IU,North Texas SC,Real Monarchs,Choctaw Stadium,440,411,87.27272727272727,88.07785888077859,10,13,1,3,0,0,12,18,6,9,,,1.4156,2.0942,2,4,384,362,0,0,13,10,10,6,534,525,ASA,-0.805131608051326,-6,-3,,-0.6785999999999999,29,-3,-2,0,2025-09-27,MLS-STA-000010,50.63333333333333,41.43333333333333,61.833333333333336,56.41666666666666,38.5,35.875,8.35213503975015,8.549011070163482,63.0,52.6,44.53333333333333,35.15,55.66666666666666,50.25,37.29166666666666,29.375,6.873573084244062,8.607802903954832,63.0,53.2,9.866666666666667,7.255,14.5375,12.704166666666666,7.270833333333333,4.8375,2.9180889389385576,3.195456301097266,19.9,13.14,15.246666666666666,7.6775,23.925,13.341666666666669,8.320833333333333,5.233333333333333,6.267916957499606,3.3294751108679117,33.160000000000004,13.84,19.014166666666664,10.755833333333333,31.325,22.875,12.820833333333333,5.491666666666667,7.308349724420995,6.907831706757836,52.17999999999999,27.939999999999998,69.725,75.64166666666668,73.83333333333333,78.79166666666667,64.79166666666667,73.79166666666667,3.739174188388535,1.9553612198261479,123.0,113.6,20.446666666666665,26.96583333333333,25.445833333333336,30.116666666666664,16.508333333333333,24.7875,4.454419426878834,2.346842219404146,25.72,31.560000000000002,60.225,61.133333333333326,65.91666666666667,70.5,52.583333333333336,55.375,6.040632095328363,5.99097990964565,87.2,83.0,1137.8075000000001,1607.1916666666666,1340.4916666666666,1793.5208333333333,958.1458333333334,1341.4375,174.25457075445516,232.65517669142764,1422.26,1937.6200000000001,20.035162719483708,27.870593920488336,25.15399286566807,32.3496396305442,15.903240740740742,24.67437724042844,4.631046296008078,3.4368077803326895,24.875088640211125,32.87362817197113,15.009755942131738,21.18580538216736,18.61455317607043,23.852413958967148,12.028075540174148,18.558337504530357,3.2434116183433637,2.4665233274301905,16.491192549759784,22.70567204010066,,,,,,,,,,,5.0,5.0,2.0,0.0,1302.0,219.0,187.0,187.0,-1115.0,-32.0,-9.200000000000003,-9.383333333333333,-2.6116666666666672,-7.569166666666666,-8.258333333333331,5.916666666666686,6.5191666666666634,0.9083333333333243,469.3841666666665,7.835431201004628,6.176049440035621,,-1083.0,1083.0,5,2,avg,home_minus_away
MLS-MAT-0006IV,Sporting KC II,Ventura County,Children's Mercy Victory Field,560,458,86.96428571428571,83.62445414847161,5,9,1,1,0,0,12,15,4,3,,,,,1,2,487,383,0,0,9,5,3,5,676,571,,3.3398315658140945,-3,1,,,102,-4,0,0,2025-09-28,MLS-STA-000026,50.55833333333333,46.90833333333333,60.66666666666666,57.583333333333336,39.833333333333336,39.833333333333336,9.731089210474961,7.038608803512873,63.8,52.6,41.25,39.68333333333333,51.208333333333336,51.208333333333336,29.291666666666668,29.58333333333333,8.642896087410618,8.586346558474233,60.8,56.6,9.395833333333334,9.095833333333333,12.279166666666669,11.3375,7.183333333333334,7.4375,2.285128932054188,1.6230142781941945,17.6,18.740000000000002,10.502500000000001,9.329166666666666,13.983333333333334,11.416666666666666,7.679166666666667,7.575,2.6401540096070995,1.666390602136512,18.52,18.919999999999998,17.940833333333334,21.470833333333335,34.57083333333333,34.57083333333333,7.587499999999999,11.841666666666669,10.989141341822641,8.898417364746509,38.9,52.44,66.53333333333333,56.266666666666666,85.45833333333333,64.41666666666667,53.04166666666666,49.583333333333336,11.878376712890251,5.964638272537762,123.4,109.8,22.111666666666668,21.006666666666668,23.383333333333336,21.991666666666664,21.058333333333334,20.39583333333333,0.9203401771446628,0.5997149207007526,27.04,25.82,76.04166666666666,74.84166666666667,85.08333333333333,88.95833333333333,67.375,67.375,7.752799673522963,9.461884428825181,93.0,93.4,1635.9941666666666,1515.745,1828.9208333333331,1845.7458333333332,1330.7541666666666,1330.7541666666666,238.95173488056224,212.62355459123958,1818.22,1706.6799999999998,22.386362938815818,21.1239762102565,23.837824074074074,22.070633140946303,20.97776642885473,20.58747685185185,1.112236899438436,0.5791256763489878,27.256787426284056,25.837801854208028,18.861956270139046,17.6151442707623,20.575634597695316,19.386400884683383,16.56774006549347,16.56774006549347,1.6953559149369855,1.140485339368813,20.520098264866387,19.576488270560368,,,,,,,,,,,5.0,5.0,2.0,0.0,25.0,276.0,280.0,280.0,255.0,4.0,-3.6499999999999986,-1.56666666666667,-0.3000000000000007,-1.1733333333333356,3.530000000000001,-10.266666666666666,-1.1050000000000004,-1.1999999999999886,-120.24916666666672,-1.262386728559317,-1.246811999376746,,251.0,-251.0,5,2,avg,home_minus_away
MLS-MAT-0006IW,Chicago Fire FC II,Atlanta,SeatGeek Stadium,475,329,79.78947368421052,74.16413373860182,17,17,2,2,0,0,13,12,5,7,,,2.116,2.167,2,5,379,244,0,0,15,17,7,7,628,482,ASA,5.625339945608701,1,-2,,-0.05099999999999971,146,0,0,0,2025-09-28,MLS-STA-00001B,52.93333333333334,48.541666666666664,63.208333333333336,62.708333333333336,42.083333333333336,35.208333333333336,9.819667410638486,11.990628574478949,65.4,57.8,41.125,39.358333333333334,49.125,51.25,27.75,28.58333333333333,8.136903673320024,8.707715289072992,58.8,54.0,9.201666666666668,9.303333333333333,13.333333333333334,16.370833333333334,5.025,3.15,3.910648745555028,4.779605654061152,19.06,18.88,9.584166666666667,9.37,13.5875,16.445833333333333,5.058333333333334,3.204166666666667,4.119404243266792,4.787914654221722,19.52,18.98,16.041666666666668,22.655833333333334,32.24166666666667,40.10416666666666,6.570833333333333,7.524999999999999,10.316461781083452,12.332918630415284,38.620000000000005,47.279999999999994,73.98333333333333,70.04166666666666,90.875,86.25,55.708333333333336,58.625,14.027428488500664,10.896729567984048,119.0,105.6,23.406666666666666,18.999166666666664,26.2,21.89583333333333,19.75,16.8125,2.426622094943228,2.0476769527388283,28.860000000000003,22.06,67.08333333333334,79.94166666666668,82.875,88.25,58.083333333333336,64.41666666666667,9.696836898356768,10.523848577820235,87.4,91.0,1518.0341666666668,1484.3391666666666,1969.1416666666669,1699.0333333333335,1257.0875,1377.5125,292.186956600802,132.69446292637622,1659.1200000000001,1587.1200000000001,23.634479471784584,19.045209164233263,26.72697706396233,21.838985635981118,19.575694444444448,16.802476851851853,2.752756006839666,2.0302309304609287,29.423813756045803,22.20013105270933,18.82495907646188,16.45087294193568,21.613580385039285,17.93411604975481,15.542764813127734,15.170592593989172,2.56196219728575,1.0980392422686984,21.090462790300784,18.059424395958224,,,,,,,,,,,5.0,5.0,2.0,0.0,316.0,265.0,189.0,189.0,-127.0,-76.0,-4.391666666666673,-1.7666666666666657,0.1016666666666648,-0.21416666666666728,6.614166666666666,-3.941666666666677,-4.407500000000002,12.858333333333334,-33.695000000000164,-4.58927030755132,-2.374086134526202,,-51.0,51.0,5,2,avg,home_minus_away
MLS-MAT-0006IX,St Louis CITY2,LAFC 2,Energizer Park,409,397,80.92909535452323,81.86397984886649,21,15,4,3,0,0,9,13,4,7,,,1.2794,0.8326,1,1,331,325,0,0,14,20,7,4,523,526,ASA,-0.9348844943432653,-4,-3,,0.4468000000000001,12,6,1,0,2025-09-28,MLS-STA-00000U,76.08333333333333,54.425,95.58333333333331,75.75,49.375,40.75,16.928849266858027,13.27936342809984,101.2,80.8,55.43333333333334,44.18333333333334,66.91666666666667,66.91666666666667,46.375,32.5,8.054318631089231,13.73852425157488,77.0,70.4,19.70916666666667,9.196666666666667,32.65416666666667,14.7,6.425,6.425,9.897489510533019,3.2150624777927894,34.18,19.0,20.494166666666665,9.375833333333333,33.9375,14.720833333333331,6.4750000000000005,6.4750000000000005,10.506881260366677,3.15937675156562,34.96,19.4,41.1325,17.225833333333334,59.020833333333336,33.63333333333333,21.216666666666665,9.1125,14.361957368146046,10.340611264303693,75.86,42.760000000000005,55.708333333333336,78.56666666666668,94.91666666666669,94.91666666666669,34.25,70.625,27.726278650005995,9.435480836243126,121.8,137.2,23.345,21.15333333333333,26.05,21.79583333333333,20.67083333333333,20.45833333333333,2.4328880871187737,0.5669300858326557,29.560000000000002,25.8,66.05,76.66666666666666,70.04166666666667,90.08333333333331,63.25,65.875,2.8280281214223373,11.146709467122767,90.4,94.6,1456.87,1577.7175,1590.0291666666665,1946.7916666666667,1307.8708333333332,1307.8708333333332,128.5446904155429,296.77493482306784,1696.92,1784.3799999999999,23.446887118133105,21.32951848901024,26.43662070593335,22.42925894246296,20.555972222222223,20.46692129629629,2.627157858123899,0.8325994112371876,29.354740680021365,26.027743255767128,18.472039411361862,18.03161333066263,20.641181168600657,20.504344008434423,16.247442056175384,16.247442056175384,1.9353547576974681,1.910367671890312,20.319237766124438,19.70549788715669,,,,,,,,,,,5.0,5.0,2.0,0.0,87.0,152.0,142.0,142.0,55.0,-10.0,-21.65833333333333,-11.25,-10.512500000000001,-11.118333333333332,-23.906666666666666,22.85833333333334,-2.19166666666667,10.61666666666666,120.84750000000008,-2.117368629122865,-0.4404260806992326,,65.0,-65.0,5,2,avg,home_minus_away
MLS-MAT-0006J1,Town FC,Tacoma Defiance,St. Mary’s College,519,354,87.28323699421965,83.05084745762711,10,16,2,2,1,0,11,11,4,6,,,,,0,1,453,294,0,0,15,8,7,4,693,523,,4.232389536592535,0,-2,,,165,-6,0,1,2025-09-28,MLS-STA-000024,66.15,57.325,81.58333333333333,65.29166666666667,57.25,54.083333333333336,10.631313483708816,4.540462378559165,71.0,62.2,42.65833333333333,38.56666666666666,47.0,49.833333333333336,37.91666666666666,32.666666666666664,3.570155030869731,6.637605931358083,55.4,50.4,17.423333333333332,12.650833333333333,24.9625,17.145833333333332,12.341666666666669,9.641666666666667,5.564708987099963,2.9489867021477805,24.18,17.380000000000003,19.376666666666665,15.321666666666667,26.09166666666667,18.383333333333333,15.220833333333331,11.920833333333334,4.919348315297692,2.595531349475692,26.160000000000004,20.34,22.120833333333334,15.355,27.854166666666668,26.995833333333334,16.508333333333333,9.633333333333333,5.171602145370428,6.763897344849837,44.62,32.42,51.725,60.60833333333333,65.625,73.0,38.833333333333336,56.16666666666666,10.047914722855571,7.163068379619949,105.6,107.2,17.805,21.014166666666664,20.52083333333333,23.954166666666666,15.120833333333332,18.7875,2.022036583359569,1.952390361838534,23.28,27.32,75.73333333333333,69.825,80.79166666666667,77.20833333333333,71.125,60.458333333333336,3.4625476330458063,6.613157654756656,95.0,92.6,1288.5225,1387.3125,1398.5041666666666,1440.0833333333333,1195.0166666666669,1295.0125,92.59425765320009,55.49711993590788,1440.6200000000001,1561.6799999999998,17.61742702681978,20.919321598145764,20.480074948913707,23.604527937537046,14.798032407407408,18.737800925925928,2.1428707572931516,1.8349270785383116,22.963916519651566,26.92275248555468,14.721704305035038,16.852403082863237,16.557205039065227,17.791286124272123,12.869641549129284,15.925863426269691,1.4902701109403533,0.6961667835759277,16.88691414519727,18.74678708820779,,,,,,,,,,,5.0,5.0,2.0,0.0,42.0,17.0,149.0,149.0,107.0,132.0,-8.825000000000003,-4.091666666666669,-4.772499999999999,-4.054999999999998,-6.765833333333333,8.883333333333326,3.2091666666666647,-5.908333333333331,98.78999999999996,3.3018945713259846,2.130698777828199,,-25.0,25.0,5,2,avg,home_minus_away
MLS-MAT-0006IZ,NYCFC II,Chattanooga,Icahn Stadium,613,273,88.25448613376835,73.99267399267399,10,6,1,1,0,0,22,6,8,2,,,2.0643,0.502,0,1,541,202,0,0,6,9,2,8,767,419,ASA,14.261812141094367,16,6,,1.5622999999999998,340,4,0,0,2025-09-28,MLS-STA-000055,54.025,59.88333333333334,61.25,70.45833333333333,40.16666666666666,52.125,8.504216682851451,6.654963686352212,59.2,67.6,40.983333333333334,48.475,54.708333333333336,54.708333333333336,24.416666666666668,36.583333333333336,12.140368267341263,7.231453768856655,56.8,64.0,11.943333333333333,14.689999999999998,17.370833333333334,22.33333333333333,6.2250000000000005,8.404166666666667,4.016483614431908,5.351165339074386,20.759999999999998,24.7,12.205833333333333,15.125,17.570833333333333,22.666666666666668,6.379166666666666,8.983333333333333,4.044896261202367,5.270921441951325,21.16,25.02,20.824166666666667,36.835,51.645833333333336,51.645833333333336,5.841666666666666,23.058333333333334,20.740107958373798,12.794012610614216,45.56,64.14,63.1,54.675,85.04166666666667,73.29166666666667,40.25,40.25,17.15519944668542,12.530185774981776,102.0,105.2,22.872499999999995,21.704166666666666,24.141666666666666,22.34166666666667,20.754166666666663,20.754166666666663,1.3917340303057586,0.6373638198775403,27.3,25.8,81.025,83.14166666666668,89.375,94.41666666666669,76.54166666666667,77.16666666666667,5.526027430864475,8.024571639657788,96.8,96.0,1828.4391666666666,1774.6174999999998,2067.3791666666666,2106.275,1576.2916666666667,1576.2916666666667,207.13850580422172,221.53515628952044,2067.32,1996.64,23.469256931114597,22.131049444060483,24.930256792828345,23.09671296296296,20.91636574074074,20.91636574074074,1.696467689852242,0.8107494819588664,28.56311575689337,26.307818374124018,20.332675955522895,19.46556108961173,21.932318483160387,21.64013606803176,17.848677424323714,17.848677424323714,1.7674266304286936,1.4614302153572605,21.992783767714627,21.169018977870767,,,,,,,,,,,5.0,5.0,2.0,0.0,206.0,27.0,51.0,51.0,-155.0,24.0,5.858333333333341,7.491666666666667,2.7466666666666644,2.9191666666666674,16.010833333333334,-8.425000000000004,-1.1683333333333294,2.1166666666666742,-53.821666666666715,-1.3382074870541132,-0.8671148659111658,,-179.0,179.0,5,2,avg,home_minus_away
MLS-MAT-0006J0,Huntsville,Inter Miami CF II,Wicks Family Field,642,316,92.05607476635514,77.21518987341773,7,8,0,0,0,1,31,3,18,1,,,4.7714,0.2133,4,1,591,244,0,0,8,6,2,20,768,424,ASA,14.84088489293741,28,17,,4.5581,326,-1,0,-1,2025-09-28,MLS-STA-000013,38.59166666666666,48.94166666666666,53.29166666666666,59.333333333333336,27.416666666666668,37.333333333333336,9.80590277163029,9.004898358362764,41.0,53.8,29.375,32.95833333333333,37.29166666666666,40.5,22.625,25.95833333333333,5.405196188237137,5.84336934292004,38.2,45.2,7.81,9.392500000000002,12.304166666666667,12.304166666666667,5.420833333333333,6.1625000000000005,2.7346852601756972,2.5059969739274095,10.620000000000001,13.0,8.834999999999999,9.688333333333333,12.5625,12.5625,7.125,6.320833333333333,2.1592915344055683,2.5735102216838213,11.540000000000001,13.4,8.9,4.199166666666667,13.366666666666667,5.308333333333334,4.2625,3.420833333333333,4.005238540198185,0.6950432140841638,16.939999999999998,8.379999999999999,60.06666666666666,74.01666666666668,69.5,88.79166666666667,51.458333333333336,66.29166666666667,8.765294173297574,8.982071262613466,84.6,104.8,25.254166666666666,23.616666666666667,27.254166666666663,25.3125,22.304166666666664,22.304166666666664,2.4971772258336484,1.318544283586177,28.82,27.72,81.6,78.70833333333333,85.33333333333333,88.66666666666667,71.58333333333333,71.58333333333333,5.820715520163029,7.011956554501912,92.8,95.6,2047.7558333333334,1826.5808333333334,2305.0125000000003,2026.7125,1573.3416666666665,1573.3416666666665,345.7507461704611,175.99657582290894,2171.9,2047.8200000000002,27.281776063480198,24.308371759449546,30.734840612534857,26.369831952536035,22.80315148477777,22.80315148477777,4.0033544602712245,1.6146199840288737,32.3896250861791,29.03825403440934,22.736468602302036,20.708336385954773,25.15623557755362,21.95262161394905,18.83914881661933,18.83914881661933,3.1335467182032857,1.322743033459766,24.080767949381286,22.509168176021983,,,,,,,,,,,5.0,5.0,2.0,0.0,6.0,190.0,197.0,197.0,191.0,7.0,10.350000000000001,3.5833333333333286,1.5825000000000022,0.8533333333333335,-4.700833333333334,13.950000000000017,-1.6374999999999993,-2.8916666666666657,-221.17499999999995,-2.9734043040306517,-2.028132216347263,,184.0,-184.0,5,2,avg,home_minus_away
MLS-MAT-0006IY,FC Cincinnati 2,RBNY II,NKU Soccer Stadium,366,526,81.9672131147541,88.40304182509506,21,9,3,2,0,0,8,14,5,5,,,0.7006,2.3739,2,1,300,465,0,0,9,20,5,5,499,668,ASA,-6.435828710340957,-6,0,,-1.6732999999999998,-160,12,1,0,2025-10-01,MLS-STA-000016,62.21666666666666,56.60833333333333,77.91666666666667,63.75,52.125,50.29166666666666,9.736609394445283,5.458301526624888,72.6,67.0,52.916666666666664,49.70833333333333,63.125,57.958333333333336,42.54166666666666,42.54166666666666,7.53452700719974,6.788662423482259,72.8,68.0,15.101666666666668,11.59,24.8125,16.320833333333333,8.15,8.15,6.352803542312812,3.2584433591824173,28.080000000000002,19.22,15.245833333333334,11.721666666666668,25.09166666666667,16.554166666666667,8.241666666666667,8.241666666666667,6.437756871897747,3.3009776014084067,28.359999999999996,19.4,38.33416666666667,28.4875,59.2375,41.69583333333333,15.3875,15.3875,17.35281592382375,10.030969838593766,72.36,60.94,57.266666666666666,62.225,76.79166666666667,76.79166666666667,40.25,55.41666666666666,14.244047245935562,8.858680222119878,123.8,135.0,22.238333333333333,22.128333333333334,22.891666666666666,23.491666666666664,21.004166666666663,20.266666666666666,0.7225557456387416,1.3212519052861276,27.82,28.18,71.83333333333334,67.78333333333333,76.79166666666667,74.91666666666667,64.45833333333333,64.66666666666667,6.638155177959211,4.326757831602475,92.6,90.8,1537.56,1420.9616666666668,1669.6291666666666,1454.7208333333335,1394.1291666666666,1384.5,135.93813124374518,32.60903709629013,1779.7400000000002,1609.0,22.405438710491563,22.14074266891584,22.943880671263717,23.52981499995029,21.161990740740737,20.305046296296297,0.7268988063174616,1.322579700217286,27.805482046453356,27.936123463697367,18.3638446753365,17.641596295138704,19.28840438951719,18.448501791108693,17.552503248043703,16.932076666217895,0.8109758519326827,0.665974659904124,20.2825375619285,19.67727197164593,,,,,,,,,,,5.0,5.0,2.0,0.0,4.0,160.0,266.0,266.0,262.0,106.0,-5.608333333333334,-3.2083333333333357,-3.5116666666666685,-3.524166666666666,-9.846666666666668,4.958333333333336,-0.10999999999999943,-4.050000000000011,-116.59833333333313,-0.26469604157572135,-0.7222483801977972,,156.0,-156.0,5,2,avg,home_minus_away
MLS-MAT-0006CS,Town FC,Whitecaps FC 2,PayPal Park,404,423,83.16831683168317,86.28841607565012,16,11,2,4,0,0,17,12,10,4,,,,,2,1,336,365,0,0,10,15,4,10,557,593,,-3.1200992439669477,5,6,,,-19,5,-2,0,2025-10-01,MLS-STA-00000Q,52.69166666666666,53.775,58.04166666666666,57.29166666666666,45.79166666666666,46.083333333333336,4.525161138935643,4.489725925809819,56.2,56.6,34.94166666666666,32.13333333333333,42.25,35.208333333333336,26.58333333333333,24.75,6.029196901559759,4.225562914505527,45.8,38.6,10.513333333333334,10.635833333333334,13.5875,12.191666666666668,6.8500000000000005,6.541666666666667,2.546132347415498,2.33052025367251,16.56,14.12,12.775,13.963333333333333,14.341666666666669,16.804166666666667,8.891666666666667,8.516666666666667,2.273379688554759,3.202596873805867,19.28,18.3,19.2475,10.9925,32.07083333333333,14.108333333333334,8.241666666666667,8.683333333333334,10.210182910675227,2.4635580073453833,35.9,23.2,47.30833333333333,55.9,58.333333333333336,60.625,30.166666666666668,51.375,10.656717365117647,3.558001545811919,70.0,82.8,16.520833333333332,19.328333333333333,18.516666666666666,20.454166666666666,13.595833333333331,18.7625,2.0736964613676916,0.688549703684813,19.22,23.880000000000003,84.09166666666667,75.55833333333332,90.04166666666667,77.79166666666667,79.04166666666667,71.95833333333333,4.623911283270426,2.4630251837030754,94.2,92.6,1366.6541666666667,1419.8741666666667,1481.4125,1450.6791666666668,1184.5791666666669,1387.5916666666665,111.11349072538636,24.72869337513958,1475.98,1527.96,16.424199074074075,19.29045767730502,18.54868055555556,20.438168016154727,13.303310185185188,18.725532407407407,2.1775831867054567,0.6982809514031727,19.014888888888887,23.720882965484005,14.602334117042147,16.200763137034436,16.197399949412222,16.641820632795785,12.20379873953936,15.925863426269691,1.5575546063926842,0.2856078566776308,15.710055173331103,17.577560237084544,,,,,,,,,,,5.0,5.0,2.0,0.0,37.0,17.0,33.0,33.0,-4.0,16.0,1.0833333333333357,-2.80833333333333,0.1225000000000005,1.1883333333333326,-8.254999999999999,8.591666666666669,2.807500000000001,-8.533333333333346,53.22000000000003,2.8662586032309463,1.5984290199922881,,-20.0,20.0,5,2,avg,home_minus_away
MLS-MAT-0006IN,Atlanta,Chattanooga,Fifth Third Stadium,524,254,87.97709923664122,77.16535433070867,13,14,2,4,0,0,27,8,11,1,,,,,0,1,461,196,0,0,14,13,1,13,684,407,,10.811744905932557,19,10,,,270,-1,-2,0,2025-09-24,MLS-STA-000011,67.05,80.14166666666667,72.41666666666667,98.58333333333331,58.91666666666666,57.66666666666666,5.774058966138507,18.232335438872212,99.2,120.4,50.224999999999994,55.5,53.04166666666666,65.54166666666667,45.875,45.458333333333336,2.932486857032208,9.197014159195607,73.2,85.0,14.0425,16.380833333333335,16.066666666666666,21.2625,11.354166666666666,12.370833333333332,1.8310672548179838,4.028307604041402,22.880000000000003,24.5,14.379999999999999,16.833333333333332,16.333333333333332,21.53333333333333,11.5,12.9,1.8435826195210236,3.8098886776533387,23.240000000000002,24.98,11.430833333333334,11.699166666666667,14.504166666666668,15.741666666666667,7.708333333333333,7.333333333333333,2.8217080746124914,3.3897650279104075,28.380000000000003,26.660000000000004,93.08333333333333,103.05833333333335,100.25,117.25,86.70833333333333,84.95833333333333,5.467787613732715,13.45515958450306,146.0,159.0,24.901666666666664,24.65083333333333,25.9375,24.941666666666663,24.025,24.2875,0.8647846151242269,0.27099994874948097,30.360000000000003,30.24,64.60833333333332,64.39166666666667,71.5,65.91666666666667,58.25,61.66666666666666,5.8027172753614105,1.6077071319808975,86.4,88.8,1557.3091666666664,1522.9025,1697.525,1551.375,1443.9666666666665,1438.8125,100.16950925840393,47.507561222019014,1834.8400000000001,1750.7,25.20486342120436,24.86950143575088,26.143760871794083,25.193049150977885,24.3481486056376,24.55948459357361,0.7332303825878252,0.23396970871577882,30.500468509991585,30.253045801865376,19.8282884715903,19.511302023644408,20.40382467316657,19.777081281786213,19.53158014881869,19.125052538805104,0.3535034537736174,0.2453416018258341,21.900619344811414,21.382224230388452,,,,,,,,,,,5.0,5.0,2.0,0.0,206.0,316.0,336.0,336.0,130.0,20.0,13.091666666666669,5.275000000000006,2.3383333333333347,2.453333333333333,0.26833333333333265,9.975000000000023,-0.2508333333333326,-0.21666666666665435,-34.406666666666524,-0.3353619854534813,-0.3169864479458937,,110.0,-110.0,5,2,avg,home_minus_away
MLS-MAT-0006J8,Philadelphia Union II,NYCFC II,Subaru Park,304,497,75.98684210526316,82.09255533199195,15,10,1,1,0,0,24,9,13,6,,,2.6587,1.897,4,3,231,408,0,0,10,14,6,14,462,632,ASA,-6.105713226728781,15,7,,0.7617,-193,5,0,0,2025-10-05,MLS-STA-000002,52.833333333333336,54.55833333333334,81.375,68.04166666666667,26.541666666666668,42.625,19.580185917287803,9.162385363842517,63.0,61.6,43.016666666666666,42.44166666666667,53.54166666666666,50.125,30.625,34.416666666666664,9.180179434218289,6.577832617545423,65.0,64.6,11.854166666666666,12.083333333333334,22.7125,19.1625,3.766666666666667,6.916666666666667,7.379067263587962,4.940567788164074,27.04,23.8,12.183333333333334,12.418333333333333,22.92083333333333,19.3625,3.8083333333333336,6.995833333333334,7.420713432495706,4.962915949542388,27.580000000000002,24.2,30.28333333333334,28.4175,48.77916666666667,39.40833333333333,16.537499999999998,21.391666666666666,11.838464263202011,7.524441885910504,71.14,70.28,53.0,53.30833333333332,68.08333333333333,68.08333333333333,42.0,42.79166666666666,11.20174837543973,9.566724738499703,103.0,105.6,17.4775,18.153333333333332,20.616666666666667,21.479166666666668,14.65,15.745833333333332,2.3070574091012315,2.2559612388317127,22.240000000000002,23.1,66.10833333333332,63.375,71.70833333333333,71.70833333333333,54.875,50.333333333333336,6.852273041358849,8.528597725691286,84.4,80.0,1119.6366666666668,1115.4283333333333,1405.4333333333334,1382.0458333333331,911.2875,908.3791666666666,219.6541425283419,211.64147866045383,1344.8200000000002,1350.0,17.006967592592595,17.679013888888885,20.57689814814815,21.411412037037035,13.854722222222222,14.93611111111111,2.6292184008319666,2.5293968528620123,21.694555555555553,22.60922222222222,13.330181961190572,13.611087758477206,16.73120273518209,16.967294979390378,10.583371649249246,11.073308477926991,2.562481672495308,2.40042921990051,15.555732156639632,16.08349538484138,,,,,,,,,,,5.0,5.0,2.0,0.0,27.0,10.0,8.0,8.0,-19.0,-2.0,1.7250000000000014,-0.5749999999999957,0.22916666666666785,0.23499999999999943,-1.8658333333333381,0.3083333333333229,0.6758333333333333,-2.73333333333332,-4.208333333333485,0.6720462962962905,0.2809057972866338,,-17.0,17.0,5,2,avg,home_minus_away
MLS-MAT-0006J7,Orlando City B,FC Cincinnati 2,Osceola Heritage Park,394,468,88.83248730964468,89.52991452991454,9,16,2,1,0,0,18,14,4,8,,,1.4166,1.7465,1,4,350,419,0,0,16,9,8,7,544,604,ASA,-0.6974272202698586,4,-4,,-0.32989999999999986,-74,-7,1,0,2025-10-05,MLS-STA-000017,43.666666666666664,37.391666666666666,57.41666666666666,47.708333333333336,34.833333333333336,29.916666666666668,9.177503064559549,6.460994075561784,59.0,43.8,34.73333333333333,29.099999999999994,42.54166666666666,33.041666666666664,27.58333333333333,22.83333333333333,6.557809170074335,3.8210400707428116,55.4,37.2,6.775,6.095000000000001,8.450000000000001,9.583333333333334,4.229166666666667,3.7708333333333335,1.6921566408646165,2.2951080221491393,10.32,8.34,7.624166666666667,8.025833333333333,8.616666666666667,11.495833333333332,6.0125,4.379166666666666,1.1538071040400706,2.731507266042769,11.42,10.639999999999999,10.005833333333333,4.298333333333334,15.3875,5.95,4.520833333333333,3.170833333333333,5.037127433148558,1.2606236056016085,20.16,7.92,78.075,75.625,84.20833333333333,80.91666666666667,74.58333333333333,64.66666666666667,3.6273220532202215,6.35549849430484,118.4,92.4,22.880833333333335,24.451666666666664,24.55,25.05,21.166666666666668,23.991666666666664,1.5024534333697133,0.3947309210082243,27.52,27.639999999999997,68.825,83.03333333333333,85.75,85.91666666666667,56.833333333333336,78.29166666666667,12.625082507981217,3.025700102639239,82.6,90.8,1557.7800000000002,2019.8433333333335,2067.241666666667,2079.7916666666665,1147.7,1903.6041666666667,412.89272494499096,75.20377055642078,1689.4599999999998,2140.8,23.043430147190225,25.365716081956446,25.18780384604472,26.19396433097427,20.78699818704334,24.755325481229903,2.011933587537929,0.620529349570409,28.113087662207572,30.09840481654178,18.685484663510074,22.17994203723864,22.268679285900124,22.775868009734328,15.36996999307407,21.47514068824546,3.1554919184577033,0.5251448578493576,20.99343759460755,23.806151543256846,,,,,,,,,,,5.0,5.0,2.0,0.0,160.0,39.0,23.0,23.0,-137.0,-16.0,-6.274999999999999,-5.633333333333333,-0.6799999999999997,0.4016666666666655,-5.7075,-2.450000000000003,1.5708333333333293,14.208333333333329,462.0633333333333,2.322285934766221,3.494457373728565,,-121.0,121.0,5,2,avg,home_minus_away
MLS-MAT-0006J6,RBNY II,TFC II,MSU Soccer Park,500,404,89.6,86.63366336633663,11,8,1,1,0,0,16,9,5,3,,,1.6965,0.4874,2,1,448,350,0,0,8,11,3,5,654,544,ASA,2.96633663366336,7,2,,1.2090999999999998,96,3,0,0,2025-10-05,MLS-STA-000014,45.75,52.65,59.375,81.375,34.0,26.541666666666668,11.788316661942122,19.6744687913606,55.8,65.6,37.56666666666666,45.40833333333333,49.16666666666666,57.04166666666666,25.08333333333333,30.625,10.20852890969115,10.891088036147309,52.0,64.8,8.1325,11.716666666666665,11.916666666666666,22.7125,2.083333333333333,3.766666666666667,4.494841178753952,7.348194577014592,15.959999999999999,24.72,8.3275,11.983333333333333,11.9375,22.92083333333333,2.1416666666666666,3.8083333333333336,4.6102190611365375,7.377810787346668,16.2,25.259999999999998,20.127499999999998,34.167500000000004,31.879166666666663,48.77916666666667,8.066666666666666,16.537499999999998,11.245135753960465,12.609019520323097,45.08,70.46000000000001,64.46666666666667,51.9,75.54166666666667,66.79166666666667,51.79166666666666,42.0,9.912612966989755,10.806963097414968,102.0,102.2,16.52916666666667,17.47,19.2375,20.725,14.833333333333334,14.8,1.8850540627378423,2.4911046606988543,20.339999999999996,22.86,69.09166666666667,64.6,74.45833333333333,70.95833333333333,65.75,52.458333333333336,3.285648506933007,7.341886583917727,83.2,85.8,1108.7191666666665,1073.8441666666665,1316.2208333333333,1365.9916666666668,973.3458333333332,877.4916666666667,143.80899491720683,205.72611549636136,1278.3600000000001,1301.52,16.040339841977556,16.95480160252859,18.972509395072965,20.64601851851852,14.089027777777778,13.987083333333333,2.102266503690593,2.7845626799723733,19.861120273727987,22.226318796583122,12.819836235803441,13.06906951082222,14.870532756776958,16.54942795627861,10.993293702655334,10.576050124281794,1.818482703552036,2.5355935062658608,15.016888359353956,15.321536850276193,,,,,,,,,,,5.0,5.0,2.0,0.0,87.0,4.0,5.0,5.0,-82.0,1.0,6.899999999999999,7.841666666666669,3.5841666666666647,3.655833333333332,14.040000000000006,-12.56666666666667,0.9408333333333303,-4.491666666666674,-34.875,0.9144617605510348,0.24923327501877957,,-83.0,83.0,5,2,avg,home_minus_away
MLS-MAT-0006J5,Inter Miami CF II,New England Revolution II,Chase Stadium,598,347,90.13377926421404,84.43804034582132,13,11,1,0,0,0,5,16,3,6,,,1.5403,1.9331,2,5,539,293,0,0,11,13,7,3,702,453,ASA,5.6957389183927205,-11,-3,,-0.39280000000000004,251,2,1,0,2025-10-05,MLS-STA-000008,39.35,38.35,46.54166666666666,42.16666666666666,26.125,30.416666666666668,7.742077043303329,4.8634656995923295,45.8,42.2,29.84166666666667,28.80833333333333,34.708333333333336,33.458333333333336,23.416666666666668,23.625,4.633007332656019,3.6077896049150833,40.4,35.6,6.4416666666666655,6.729166666666667,10.291666666666666,8.141666666666667,3.283333333333333,5.604166666666667,2.7936746509848915,1.090887126251943,10.52,9.28,8.281666666666666,9.315833333333334,12.345833333333331,12.345833333333331,3.841666666666667,7.045833333333333,3.579097059858657,1.9413791811493186,13.4,12.540000000000001,8.878333333333334,6.56,15.633333333333333,9.9,3.525,3.525,5.107522196340522,2.491049254609168,21.14,14.180000000000001,68.94166666666668,72.925,86.45833333333333,86.45833333333333,54.583333333333336,60.125,14.023684083641413,10.931502323814211,88.2,90.0,19.240833333333335,26.25416666666667,26.245833333333334,26.83333333333333,12.2,25.8,6.616489161137079,0.38862962587933236,22.380000000000003,28.919999999999998,70.28333333333333,80.95833333333334,81.16666666666667,86.0,61.41666666666666,78.0,9.023859192286986,3.250267083042732,85.4,89.4,1385.8141666666666,2115.7516666666666,2126.679166666667,2213.491666666667,737.625,2032.0541666666668,655.7547804012544,68.89891168407524,1558.02,2235.26,19.326967727696136,27.93633067577064,27.89219159804372,28.76680848538278,11.104236111111112,27.238387781177703,7.8676279632268145,0.6488866252035748,23.089975971585798,32.600797238954236,15.695837029107627,23.63329751425293,23.67695461367612,23.915033094764283,8.161327186275614,23.04913052652473,7.317625851083909,0.3388144149827432,17.33182330888419,24.758481429498474,,,,,,,,,,,5.0,5.0,2.0,0.0,79.0,6.0,4.0,4.0,-75.0,-2.0,-1.0,-1.0333333333333385,0.2875000000000014,1.0341666666666676,-2.3183333333333342,3.98333333333332,7.013333333333335,10.675000000000011,729.9375,8.609362948074505,7.937460485145303,,-73.0,73.0,5,2,avg,home_minus_away
MLS-MAT-0006J4,Huntsville,Carolina Core FC,Wicks Family Field,513,384,85.96491228070175,83.07291666666667,9,14,2,2,0,0,15,15,6,2,,,2.6388,0.9978,3,0,441,319,0,0,14,9,2,6,659,523,ASA,2.891995614035082,0,4,,1.6409999999999998,129,-5,0,0,2025-10-05,MLS-STA-000013,40.1875,45.108333333333334,41.458333333333336,50.5,38.91666666666666,38.91666666666666,1.7972297355158142,4.949186240630317,48.0,51.0,33.97916666666667,34.916666666666664,35.25,38.04166666666666,32.708333333333336,32.708333333333336,1.7972297355158042,2.040816149376405,50.0,50.0,4.15,6.264166666666666,4.320833333333334,8.637500000000001,3.9791666666666665,3.9791666666666665,0.2415948169054043,2.2447268455451574,6.0,9.6,4.69375,6.650833333333333,4.929166666666666,9.345833333333331,4.458333333333333,4.458333333333333,0.33292944280866604,2.2290330956867073,6.85,10.24,4.012499999999999,4.815833333333333,4.141666666666667,6.491666666666667,3.883333333333333,3.779166666666667,0.18266925180652474,1.2392748215522396,10.45,11.38,85.89583333333334,81.025,88.0,92.08333333333331,83.79166666666667,68.54166666666667,2.975741037493379,10.044804143325923,110.0,110.0,21.458333333333332,22.831666666666667,21.504166666666663,24.475,21.4125,21.4125,0.06481812160876317,1.340759268723013,27.15,28.28,55.20833333333333,60.525,56.375,69.41666666666667,54.04166666666666,54.04166666666666,1.6499158227686177,6.535333983644434,72.5,81.4,1141.0729166666665,1336.45,1153.8,1582.5291666666665,1128.3458333333333,1128.3458333333333,17.998813859452486,207.68087512839796,1387.8,1609.54,21.097150871463285,22.723498041671206,21.126907277710284,24.51680991090001,21.06739446521629,21.06739446521629,0.04208191328198891,1.581174686445096,26.732805823687784,27.904572950287577,15.440283588290413,17.379735130327994,15.502121690783952,19.369924403901248,15.378445485796872,15.378445485796872,0.08745228321778199,1.9573927017166155,17.475287456004274,19.113515298276763,,,,,,,,,,,2.0,5.0,2.0,0.0,,190.0,197.0,197.0,,7.0,4.920833333333334,0.9374999999999929,2.114166666666666,1.9570833333333333,0.8033333333333337,-4.870833333333337,1.3733333333333348,5.31666666666667,195.37708333333353,1.6263471702079215,1.939451542037581,,,,5,2,avg,home_minus_away
MLS-MAT-0006J3,Columbus Crew 2,Chicago Fire FC II,Lower.com Field,531,408,90.96045197740114,89.70588235294117,15,14,1,1,0,0,23,15,13,4,,,3.9647,1.0244,3,3,483,366,0,0,14,14,4,14,686,549,ASA,1.2545696244599611,8,9,,2.9403,123,1,0,0,2025-10-05,MLS-STA-00000E,52.44166666666668,46.75,68.58333333333333,53.04166666666666,43.583333333333336,38.0,9.689520398634574,7.407824785694891,69.8,77.0,39.291666666666664,39.53333333333333,45.458333333333336,45.458333333333336,29.041666666666668,29.08333333333333,7.164970729567258,6.314280551962268,59.6,68.2,9.85,7.309166666666667,14.4875,10.679166666666667,6.995833333333334,5.591666666666666,2.9290451610645336,1.9570860389591687,17.4,12.8,9.900833333333333,7.328333333333333,14.625,10.716666666666669,7.008333333333333,5.6125,2.9745891406302745,1.9657382165769464,17.54,12.819999999999999,17.669166666666666,13.502500000000001,22.2875,17.583333333333332,13.2375,7.454166666666667,3.499921378085196,4.07847989622223,36.78,34.0,76.24166666666666,78.65833333333333,88.91666666666667,84.16666666666667,63.04166666666666,73.25,11.311076491160735,5.12579600864317,115.6,138.0,19.9425,20.208333333333332,21.15833333333333,21.425,19.04583333333333,18.745833333333334,0.8503900248970728,1.108384240685512,24.3,26.8,68.825,60.84166666666666,81.04166666666667,67.125,60.66666666666666,55.54166666666666,7.624965846918049,5.195434026356444,83.2,80.4,1340.7866666666666,1176.74,1624.0041666666666,1328.7208333333333,1169.7125,1020.2583333333332,171.41532754500426,136.27936771293045,1511.46,1368.48,19.79215287389917,19.876725813504784,21.06942127690436,21.188420253583622,18.777962962962963,18.149074074074075,0.9890473958113164,1.3048195033862833,24.273323143782704,26.551270214804937,15.947265018896633,15.073411857772374,17.790022133587605,16.616648800361475,14.39900638824077,13.264348610958583,1.2963166274708389,1.4445386334670678,18.45671627950037,18.555807658035867,,,,,,,,,,,5.0,5.0,2.0,0.0,265.0,231.0,227.0,227.0,-38.0,-4.0,-5.691666666666677,0.24166666666666714,-2.5408333333333326,-2.5725,-4.166666666666664,2.4166666666666714,0.26583333333333314,-7.983333333333341,-164.04666666666662,0.0845729396056143,-0.8738531611242593,,-34.0,34.0,5,2,avg,home_minus_away
MLS-MAT-0006J2,Chattanooga,Atlanta,Finley Stadium,363,548,79.88980716253444,89.23357664233576,17,14,3,2,0,1,10,23,3,3,,,1.1367,2.0553,1,1,290,489,0,0,14,17,3,4,477,684,ASA,-9.343769479801324,-13,0,,-0.9185999999999999,-185,3,1,-1,2025-10-05,MLS-STA-00002S,48.425,47.041666666666664,56.125,52.458333333333336,41.04166666666666,41.04166666666666,6.176962126410611,4.660337970576815,56.2,52.6,36.55833333333333,36.88333333333334,41.79166666666666,38.708333333333336,29.875,34.833333333333336,4.456833859990244,1.795393410926975,51.2,50.8,8.122499999999999,8.1175,13.770833333333334,11.016666666666666,5.4375,5.4375,3.32582304976277,2.052286157489306,15.1,13.920000000000002,8.6125,8.468333333333334,14.2375,11.620833333333332,5.9125000000000005,5.9125000000000005,3.3836399183752137,2.080196805593163,15.580000000000002,14.040000000000001,7.520833333333333,9.52,9.8625,12.770833333333334,4.833333333333333,6.2875000000000005,1.811989870740636,2.622757640135453,19.2,24.06,80.14166666666667,76.30833333333332,91.33333333333331,89.79166666666667,68.29166666666667,61.66666666666666,10.23892525013137,12.799013905158652,109.2,110.8,21.264166666666664,22.239166666666666,22.3125,23.65416666666667,19.904166666666665,21.141666666666666,0.9051674568829803,1.279019399774687,26.080000000000002,27.560000000000002,62.875,64.78333333333333,75.66666666666667,68.875,58.125,58.16666666666666,7.320063751999252,4.721533855056479,83.4,87.2,1298.2,1395.4716666666668,1629.825,1592.8041666666668,1121.7833333333333,1201.8,195.73393213109475,174.30282186490686,1580.54,1666.4,21.079663326722354,22.23804164588258,22.144497189167318,23.9286614109526,19.467847222222225,20.83935185185185,1.0849323809866216,1.5425017570665696,25.753293183479116,27.565809966527997,16.31987806949478,17.46206003958077,18.638673203610168,19.344287743320823,14.493393413030018,15.66754961752208,1.5424145001713196,1.729306783549729,18.393388636229265,19.620905095516818,,,,,,,,,,,5.0,5.0,2.0,0.0,316.0,206.0,209.0,209.0,-107.0,3.0,-1.3833333333333329,0.32500000000000995,-0.004999999999999005,-0.144166666666667,1.9991666666666665,-3.833333333333343,0.9750000000000014,1.9083333333333314,97.27166666666676,1.1583783191602244,1.1421819700859892,,-110.0,110.0,5,2,avg,home_minus_away
MLS-MAT-0006J9,Ventura County,Colorado Rapids 2,William Rolland Stadium,576,338,86.45833333333333,80.4733727810651,12,14,3,3,0,0,23,11,8,5,,,,,0,2,498,272,0,0,14,11,5,8,751,519,,5.984960552268234,12,3,,,238,-2,0,0,2025-10-05,MLS-STA-00004W,41.25833333333334,34.88333333333333,48.375,37.375,31.625,31.58333333333333,6.820198249806719,2.304773126940408,61.6,42.6,40.849999999999994,28.825,47.708333333333336,32.625,27.58333333333333,25.75,8.04072749265333,2.4985064983349994,56.8,38.0,6.45,5.664166666666667,9.575,6.2125,3.9375,5.304166666666666,2.1727019309043647,0.3676903324205788,11.02,8.7,7.386666666666666,8.235000000000001,11.6625,9.695833333333333,5.145833333333333,7.029166666666668,2.628724870435178,0.9510940337900923,11.94,12.16,18.140833333333333,9.564166666666667,22.23333333333333,11.491666666666667,8.266666666666667,6.516666666666667,5.642880070151332,2.1964728670201126,40.9,20.5,66.35833333333332,57.53333333333334,73.45833333333333,68.95833333333333,59.333333333333336,48.875,5.646609725214668,8.65195064710843,116.4,93.6,17.504166666666666,19.39083333333333,19.55,20.17083333333333,16.404166666666665,18.125,1.3031978563433038,0.8435231176440853,24.419999999999998,23.380000000000003,60.458333333333336,78.025,75.5,82.29166666666667,51.625,72.875,10.668172094287439,4.723114703244032,87.0,94.6,972.9516666666666,1480.9983333333334,1431.3875,1640.7791666666665,739.0916666666667,1267.8,307.77205946415205,141.7701464470256,1214.84,1679.64,16.888773148148147,19.422791666666665,19.531944444444445,20.369282407407407,15.548958333333331,17.895902777777778,1.696049100491958,0.974039008591795,23.773999999999994,23.288,12.384319725572237,16.589223478704817,16.369778471032323,17.906509249116603,10.296499234010188,14.695494910872345,2.649035652810573,1.175541833149251,15.214921010785005,18.2679116277541,,,,,,,,,,,5.0,5.0,2.0,0.0,1597.0,25.0,272.0,272.0,-1325.0,247.0,-6.375000000000007,-12.024999999999995,-0.7858333333333336,0.8483333333333354,-8.576666666666666,-8.824999999999982,1.8866666666666632,17.56666666666667,508.04666666666685,2.5340185185185184,4.20490375313258,,-1572.0,1572.0,5,2,avg,home_minus_away
MLS-MAT-0006JA,LAFC 2,North Texas SC,USC - Rawlinson Stadium,605,420,88.4297520661157,83.80952380952381,11,9,1,2,0,0,14,18,4,10,,,0.651,2.9332,2,4,535,352,0,0,9,10,10,4,726,564,ASA,4.620228256591886,-4,-6,,-2.2821999999999996,185,2,-1,0,2025-10-05,MLS-STA-00006T,68.58333333333334,64.33333333333334,76.25,70.58333333333333,60.833333333333336,57.708333333333336,7.134435759827902,5.192726617319867,105.4,69.0,50.574999999999996,48.225,53.958333333333336,52.41666666666666,46.66666666666666,42.458333333333336,3.205680721607957,3.832382128360604,81.4,62.8,12.605833333333333,17.067500000000003,17.866666666666667,20.525,9.825,13.645833333333334,3.2919390710069694,3.045806828430047,18.84,28.02,13.194999999999999,18.306666666666665,19.4125,21.741666666666664,9.854166666666666,14.8875,3.994840856933131,3.2243937845396253,19.36,29.18,23.802500000000002,39.6725,47.25416666666666,47.25416666666666,9.9125,28.325,17.36539167784591,7.2365935673031485,43.68,66.06,80.04166666666666,36.33333333333333,110.5,45.208333333333336,34.666666666666664,30.625,39.448718469538264,5.9357819151687545,137.2,83.6,23.780833333333334,20.145,26.6625,20.5,19.3625,19.3625,3.6908066624309197,0.46350678707724247,29.419999999999998,26.660000000000004,56.15833333333334,68.075,69.5,69.75,48.5,62.708333333333336,9.468808443163974,3.015642091200846,79.8,90.2,1254.5466666666666,1303.7258333333334,1353.5916666666667,1370.45,1133.1916666666666,1133.1916666666666,83.24604894486323,97.23798333356046,1544.44,1530.78,23.49817917439792,19.989693177257728,26.3059909994964,20.414044666701397,18.974676909884728,18.974676909884728,3.6693914727874337,0.5914678767154954,28.680575028317833,26.393630036276893,17.423217288450424,15.887741626145319,19.030157126480777,16.439658510454283,14.396107659694232,14.396107659694232,2.0573490731469426,0.846830671728407,19.179758802615986,17.98605644673318,,,,,,,,,,,5.0,5.0,2.0,0.0,219.0,87.0,91.0,91.0,-128.0,4.0,-4.25,-2.3499999999999943,4.46166666666667,5.111666666666666,15.869999999999997,-43.70833333333333,-3.635833333333334,11.916666666666664,49.17916666666679,-3.508485997140191,-1.535475662305105,,-132.0,132.0,5,2,avg,home_minus_away
MLS-MAT-0006JB,MNUFC2,Sporting KC II,National Sports Center Stadium,434,445,84.10138248847926,83.82022471910112,14,15,1,2,0,0,13,11,5,4,,,,,3,1,365,373,0,0,14,14,4,5,547,562,,0.2811577693781402,2,1,,,-11,-1,-1,0,2025-10-05,MLS-STA-000015,53.84166666666666,45.15833333333333,64.91666666666667,52.91666666666666,43.04166666666666,38.16666666666666,9.651091979091738,5.343041294785001,66.6,58.0,44.44166666666666,38.166666666666664,49.04166666666666,47.5,36.583333333333336,30.666666666666668,5.04343977085304,6.141629918478934,65.8,59.2,11.654166666666665,7.345000000000001,17.349999999999998,8.1875,7.15,6.3500000000000005,4.088514994605144,0.7116003091623833,16.380000000000003,10.940000000000001,11.791666666666666,7.4174999999999995,17.641666666666666,8.295833333333333,7.279166666666666,6.454166666666667,4.15351047976956,0.7184413588533937,16.56,11.14,17.46333333333333,9.198333333333334,25.0375,12.841666666666669,6.945833333333333,5.4875,6.733191778627561,2.983177079241377,32.44,14.62,80.825,88.92499999999998,106.79166666666669,106.70833333333331,72.125,74.58333333333333,14.718758109221643,11.73326970863431,132.6,121.6,23.660833333333333,23.116666666666667,24.916666666666668,25.3125,23.08333333333333,21.925,0.7189619252783861,1.3423684758664447,29.22,28.139999999999997,61.66666666666667,62.06666666666666,70.5,68.91666666666667,57.25,55.75,5.560587998484414,5.49925815704062,83.2,77.4,1402.0549999999998,1406.2841666666668,1565.7458333333334,1553.0083333333332,1289.6916666666666,1278.6541666666667,107.77836856671551,99.58893609587521,1582.52,1577.74,23.68530150672325,23.14770234088586,25.0756329448226,25.455495457266117,23.254797764324262,21.830023148148147,0.7800426718724423,1.4552527410471727,29.146692106831175,28.48676060089202,18.26624712296546,17.9708205135801,19.00331658126021,19.064611922293743,17.42691355321191,16.91480652008852,0.7266865832500028,1.0246623035848328,20.69052741942779,20.538817165790938,,,,,,,,,,,5.0,5.0,2.0,0.0,276.0,257.0,275.0,275.0,-1.0,18.0,-8.68333333333333,-6.274999999999999,-4.309166666666664,-4.3741666666666665,-8.264999999999997,8.09999999999998,-0.5441666666666656,0.3999999999999915,4.22916666666697,-0.5375991658373884,-0.29542660938535903,,-19.0,19.0,5,2,avg,home_minus_away
MLS-MAT-0006JC,Timbers2,St Louis CITY2,Providence Park,301,501,77.40863787375416,86.82634730538922,13,16,4,2,0,0,6,20,5,3,,,0.8501,2.8316,2,1,233,435,0,1,16,12,3,5,448,642,ASA,-9.41770943163506,-14,2,,-1.9815,-200,-3,2,0,2025-10-05,MLS-STA-00000P,52.84166666666666,40.19166666666666,57.958333333333336,56.79166666666666,46.208333333333336,27.666666666666668,5.889491583414575,15.140333137021782,71.2,46.0,42.0,31.68333333333333,46.79166666666666,40.458333333333336,38.625,23.041666666666668,3.3019354593598176,7.938653678188907,65.0,45.8,10.085,7.783333333333334,13.254166666666668,13.254166666666668,8.154166666666667,2.9125,2.1178753110920714,4.705356728712974,16.32,14.379999999999999,11.256666666666666,9.6075,16.370833333333334,16.370833333333334,8.233333333333333,3.225,3.5931449973835208,5.894329460733143,17.82,16.8,20.011666666666663,16.66833333333333,25.53333333333333,25.53333333333333,12.9125,6.158333333333334,6.388864553093747,9.356556209269636,43.46,36.82,61.94166666666668,48.04166666666667,89.66666666666667,65.0,33.166666666666664,33.166666666666664,26.62776459303752,14.374154564510722,116.2,78.4,19.628333333333334,14.26,23.454166666666666,14.85,13.8625,13.8625,4.835936260321147,0.3756776285002274,24.86,18.32,72.63333333333333,84.30833333333334,82.95833333333333,89.91666666666667,61.79166666666666,81.79166666666667,9.748326067131275,3.2275668079839983,89.4,96.4,1344.6699999999998,1174.4883333333332,1565.9458333333332,1281.9583333333333,1114.3625,1103.575,185.359225053678,74.00160221379214,1508.8200000000002,1307.08,19.567371408315804,13.942939814814816,23.798111325342237,14.555601851851852,13.470439814814815,13.470439814814815,5.105048925781022,0.4207130345797216,24.744882040970236,17.836888888888886,15.980234992507022,12.415065215154247,19.14797361608677,13.131269783679716,11.876591417132202,11.876591417132202,3.3736370525595007,0.550293282166186,18.14680879796622,13.893326618178786,,,,,,,,,,,5.0,5.0,2.0,0.0,152.0,31.0,13.0,13.0,-139.0,-18.0,-12.649999999999999,-10.31666666666667,-2.3016666666666667,-1.649166666666666,-3.3433333333333337,-13.900000000000006,-5.368333333333334,11.675000000000011,-170.18166666666662,-5.624431593500988,-3.565169777352775,,-121.0,121.0,5,2,avg,home_minus_away
MLS-MAT-0006JD,Real Monarchs,Whitecaps FC 2,Zions Bank Stadium,451,451,89.57871396895787,88.02660753880266,17,13,3,2,0,0,12,7,5,3,,,1.2677,1.0962,4,1,404,397,0,0,13,16,3,6,590,573,ASA,1.5521064301552059,5,2,,0.17149999999999999,0,4,1,0,2025-10-05,MLS-STA-00001I,50.71666666666666,51.53333333333334,82.29166666666667,61.083333333333336,30.5,41.583333333333336,23.045422388308605,7.252717402616915,62.8,63.4,36.975,43.64999999999999,66.66666666666667,51.375,25.041666666666668,29.70833333333333,16.816271262282456,8.634787120196485,52.0,56.8,8.604166666666668,9.300833333333333,17.808333333333334,13.404166666666669,3.8333333333333335,7.204166666666667,5.509773513191505,2.745699604735458,15.959999999999999,15.919999999999998,37.35166666666667,40.92999999999999,144.94583333333333,87.425,4.733333333333333,16.849999999999998,60.48797183003502,30.883178656970095,64.64,82.0,13.117500000000001,16.388333333333332,19.15,22.729166666666668,10.483333333333333,12.670833333333334,3.6466134879577723,4.099246627938684,29.24,44.019999999999996,62.916666666666664,68.60833333333332,67.95833333333333,77.58333333333333,55.083333333333336,63.66666666666666,5.809101455666114,6.084160902613349,84.8,107.4,14.15,16.491666666666667,18.35,19.508333333333333,10.3375,11.233333333333334,2.871097895405171,3.202056901864452,17.9,21.84,79.475,67.95,91.91666666666669,91.66666666666669,42.583333333333336,47.375,20.83703300483168,16.948743193326568,92.0,91.6,1061.6875,1005.9550000000002,1249.3916666666669,1220.4541666666669,697.7958333333332,837.8291666666668,256.1756956464266,146.21688135219244,1232.1799999999998,1247.1200000000001,13.695736111111112,15.970638888888889,17.352453703703706,18.75173611111111,9.671273148148147,10.805740740740744,2.7515556675658632,3.097657851178756,17.380111111111113,21.28066666666667,11.602319800009544,12.274711382992956,13.01811663190931,13.372841505279483,8.837023505137287,10.30477519471509,1.7894112408062204,1.1655753346174966,13.396094314207792,14.25270333421648,,,,,,,,,,,5.0,5.0,2.0,0.0,37.0,1302.0,1509.0,1509.0,1472.0,207.0,0.8166666666666771,6.67499999999999,0.6966666666666654,3.578333333333326,3.2708333333333304,5.691666666666656,2.341666666666667,-11.524999999999991,-55.732499999999845,2.2749027777777773,0.672391582983412,,1265.0,-1265.0,5,2,avg,home_minus_away
MLS-MAT-0006JE,Town FC,Austin FC II,St. Mary’s College,355,349,82.8169014084507,86.81948424068769,14,20,1,2,0,0,9,9,3,4,,,,,1,2,294,303,0,0,20,14,4,4,471,475,,-4.002582832236982,0,-1,,,6,-6,-1,0,2025-10-05,MLS-STA-000024,61.75833333333334,38.88333333333333,79.16666666666667,46.083333333333336,39.458333333333336,34.291666666666664,16.960851573877743,4.74665452362679,101.6,44.4,46.016666666666666,26.98333333333333,54.79166666666666,33.25,28.666666666666668,24.70833333333333,10.690914821577346,3.636547698940119,72.6,33.2,9.9275,6.8950000000000005,12.45,8.933333333333334,6.783333333333334,5.716666666666666,2.278023022027848,1.3038351548838951,15.02,10.08,10.695833333333335,8.698333333333334,14.329166666666666,10.645833333333334,8.5,7.425,2.40932613619567,1.3526292554790385,15.88,12.68,12.794166666666666,10.671666666666667,26.39583333333333,15.904166666666669,7.283333333333334,6.458333333333333,7.772107022516122,3.600577933934126,29.939999999999998,19.7,84.80833333333332,53.625,112.875,62.625,43.875,48.04166666666666,30.55562720951194,5.895133939671491,141.0,79.8,23.774166666666666,18.24583333333333,28.9625,19.629166666666663,16.412499999999998,16.920833333333334,6.557696257706157,1.2511695917109797,29.419999999999998,22.259999999999998,54.1,76.48333333333332,77.45833333333333,81.83333333333333,37.958333333333336,71.25,20.81452484311002,4.0186846590506295,77.8,92.2,1124.1358333333333,1358.9033333333332,1233.0333333333333,1466.1208333333334,1016.4916666666668,1255.0166666666669,95.79710069587759,88.30121425686124,1397.88,1509.6799999999998,23.21740532597798,18.12303703703704,28.35184736647122,19.508055555555558,16.131828703703704,16.704050925925927,6.307007057455311,1.3082678420731735,28.33710878923558,21.920222222222225,16.672912920398893,15.307743737264015,19.23185918267312,16.123604426878057,13.678883435696548,14.223491665505705,2.7124081828597357,0.9800147478745395,18.287094488661776,16.449227772327433,,,,,,,,,,,5.0,5.0,2.0,0.0,164.0,17.0,149.0,149.0,-15.0,132.0,-22.875000000000007,-19.033333333333335,-3.0324999999999998,-1.9975000000000005,-2.1224999999999987,-31.183333333333323,-5.528333333333336,22.38333333333332,234.76749999999993,-5.094368288940938,-1.3651691831348778,,-147.0,147.0,5,2,avg,home_minus_away
MLS-MAT-0006JF,Tacoma Defiance,Houston Dynamo 2,Starfire Sports Complex,350,428,73.14285714285714,80.14018691588785,11,11,2,2,0,0,16,17,10,6,,,,,5,1,256,343,0,0,11,11,6,10,476,566,,-6.997329773030714,-1,4,,,-78,0,0,0,2025-10-05,MLS-STA-00001D,76.66666666666667,40.60833333333333,96.16666666666669,54.66666666666666,53.375,29.20833333333333,18.16750284772848,12.419343950735346,119.8,45.2,56.55,30.31666666666667,72.25,37.958333333333336,42.41666666666666,24.25,13.208839369906807,6.124333864003317,93.4,42.8,17.078333333333333,7.328333333333333,19.729166666666668,12.079166666666666,13.670833333333334,2.458333333333333,2.200340093662291,4.637125059715819,22.580000000000002,13.040000000000001,18.735833333333332,9.1075,22.641666666666666,15.479166666666666,16.270833333333332,3.1125000000000003,2.5645902721270866,5.931383838204295,24.72,15.02,30.22833333333333,13.1975,33.72083333333333,22.09583333333333,24.825,4.7375,4.026358897592492,7.072796452095716,56.660000000000004,30.619999999999997,77.25833333333334,56.93333333333332,108.16666666666669,69.95833333333333,30.791666666666668,41.958333333333336,36.1562893138171,10.633640277701495,147.8,79.8,21.445,14.553333333333333,26.870833333333334,15.0875,13.570833333333333,13.8,7.090624556216628,0.5234053161747593,26.22,18.119999999999997,70.925,81.08333333333334,85.75,85.45833333333333,58.66666666666666,75.54166666666667,13.300101816652889,4.438429088965801,90.4,96.8,1392.6058333333335,1153.8941666666665,1626.9416666666666,1237.1,1132.8625,1109.95,233.35613981920312,55.853646149507895,1603.56,1301.6799999999998,21.5231855341654,14.181398148148151,27.34895352437289,14.665625,13.222500000000002,13.426712962962965,7.483516112805752,0.4901659915009486,25.94794412286936,17.585555555555555,17.2477621841604,12.349481486755385,21.28569906330176,12.872277579709907,11.9101733169679,11.92924088360894,4.817038984731476,0.3502401553264112,18.587761154825607,13.654248054828903,,,,,,,,,,,5.0,5.0,2.0,0.0,20.0,42.0,45.0,45.0,25.0,3.0,-36.058333333333344,-26.233333333333327,-9.75,-9.628333333333332,-17.030833333333334,-20.325000000000017,-6.8916666666666675,10.158333333333346,-238.71166666666704,-7.3417873860172485,-4.898280697405015,,22.0,-22.0,5,2,avg,home_minus_away
MLS-MAT-00097K,Colorado Rapids 2,Whitecaps FC 2,DICK'S Sporting Goods Park,355,385,82.8169014084507,83.8961038961039,19,9,3,3,0,0,9,16,5,5,,,,,3,2,294,323,0,0,9,19,6,5,475,525,,-1.0792024876531912,-7,0,,,-30,10,0,0,2025-10-19,MLS-STA-00000J,49.791666666666664,34.84166666666666,69.41666666666667,38.66666666666666,38.16666666666666,28.25,12.81431220246418,4.322542654503246,54.6,45.2,42.324999999999996,36.36666666666666,46.66666666666666,43.875,36.375,30.25,4.670887228353944,5.4031401620827,55.6,51.8,10.91,5.520833333333333,17.758333333333333,7.395833333333333,4.408333333333333,3.8041666666666663,5.4780477311214115,1.2962552903567173,20.080000000000002,10.2,11.477500000000001,6.3675,18.041666666666668,7.908333333333334,5.245833333333334,4.9375,5.140968179190029,1.1370931812203333,20.34,10.72,29.415,15.930833333333334,35.25,23.3375,20.066666666666663,11.9,6.543307649805261,4.452742405591811,52.0,40.06,44.43333333333333,63.425,57.66666666666666,75.20833333333333,23.75,54.208333333333336,13.125681199253789,7.603761404725946,78.8,108.2,9.349166666666667,12.521666666666667,10.679166666666667,16.079166666666666,7.654166666666666,7.591666666666666,1.1943421306309185,3.48509898432678,14.9,20.759999999999998,68.85833333333332,56.783333333333324,86.58333333333333,61.875,48.583333333333336,47.16666666666666,16.257145864716435,6.062063271783885,87.0,81.2,598.5458333333333,629.1875,788.4291666666667,870.25,392.69166666666666,376.0583333333333,187.60134062280105,223.73599461521235,778.0,803.26,8.137606481481482,11.312064814814814,9.40351851851852,15.347384259259258,5.918865740740741,5.934976851851853,1.3626791189082414,3.900955293908844,13.65711111111111,19.55477777777778,6.107326935308187,7.580309141339479,8.083223912732215,11.187642453846935,3.398281967813164,3.599672804724593,1.8984356036705403,3.3248467562235122,8.88734546644236,11.083139647480863,,,,,,,,,,,5.0,5.0,2.0,0.0,37.0,1597.0,1572.0,1572.0,1535.0,-25.0,-14.950000000000003,-5.958333333333336,-5.389166666666667,-5.110000000000001,-13.484166666666665,18.991666666666667,3.1724999999999994,-12.074999999999996,30.64166666666665,3.174458333333332,1.4729822060312925,,1560.0,-1560.0,5,2,avg,home_minus_away
MLS-MAT-00097N,Philadelphia Union II,FC Cincinnati 2,Subaru Park,286,411,72.37762237762237,79.31873479318735,8,13,1,2,0,0,20,5,7,3,,,1.568,0.3471,2,1,207,326,0,0,13,7,3,8,444,568,ASA,-6.941112415564973,15,4,,1.2209,-125,-5,-1,0,2025-10-19,MLS-STA-000002,39.475,33.525,49.333333333333336,45.375,27.791666666666668,25.45833333333333,8.377000175745758,7.757030860953038,47.4,41.2,34.608333333333334,28.491666666666664,39.91666666666666,39.91666666666666,27.791666666666668,23.375,4.6552688190670315,6.657767497859589,47.6,42.6,7.2558333333333325,5.842499999999999,11.158333333333331,11.158333333333331,4.416666666666667,2.504166666666667,3.197246265234436,3.5444516011334914,15.440000000000001,12.58,7.370833333333333,5.931666666666667,11.370833333333332,11.370833333333332,4.4875,2.5375,3.247874572102671,3.608651592969934,15.62,12.72,18.410833333333333,14.676666666666666,28.04583333333333,28.04583333333333,14.416666666666666,7.595833333333334,5.707887452172359,7.872294288268896,36.4,29.32,53.56666666666666,54.391666666666666,63.625,63.333333333333336,41.333333333333336,41.333333333333336,7.981075707224208,8.246400730015488,90.2,75.0,14.855833333333333,14.050833333333333,17.004166666666666,16.320833333333333,12.045833333333334,12.045833333333334,1.9981688665987272,1.9775704089165116,20.32,19.18,62.383333333333326,60.06666666666666,72.45833333333333,80.0,47.625,45.75,9.786896000946026,14.006837368069766,80.4,77.0,901.2958333333333,833.75,1147.4041666666667,1229.6208333333332,548.6083333333333,534.1541666666667,251.11768601773701,305.7744286484364,1047.06,981.14,14.02587037037037,13.07987962962963,16.586828703703706,15.704606481481482,10.549513888888889,10.549513888888889,2.439180728447322,2.501376621871934,19.551222222222226,18.28677777777778,10.549001479732059,9.620090948341186,13.320393151215931,13.424689604714263,6.497408773351109,6.457248964844996,2.813879341937593,3.202586589358127,13.14683606665497,12.32261442366052,,,,,,,,,,,5.0,5.0,2.0,0.0,160.0,10.0,8.0,8.0,-152.0,-2.0,-5.950000000000003,-6.116666666666671,-1.413333333333333,-1.439166666666666,-3.734166666666667,0.8250000000000028,-0.8049999999999997,-2.316666666666663,-67.54583333333335,-0.94599074074074,-0.9289105313908728,,-150.0,150.0,5,2,avg,home_minus_away
MLS-MAT-00097O,New England Revolution II,Chicago Fire FC II,Gillette Stadium,444,428,84.90990990990991,86.91588785046729,15,6,3,3,0,0,9,10,3,3,,,0.7985,0.8426,0,1,377,372,0,0,6,15,3,3,579,587,ASA,-2.005977940557372,-1,0,,-0.04410000000000003,16,9,0,0,2025-10-19,MLS-STA-00000N,36.575,31.958333333333332,56.5,39.333333333333336,25.375,25.375,11.7520831486734,4.953253700571194,42.8,37.6,30.116666666666664,26.10833333333333,33.458333333333336,31.375,26.58333333333333,20.45833333333333,3.2532569150861077,4.032270004462611,50.8,41.0,5.898333333333333,5.2425,8.870833333333334,7.441666666666666,4.116666666666666,3.3166666666666664,1.881513224478874,1.6151098603844605,13.539999999999997,11.26,5.985,5.631666666666667,9.054166666666667,7.858333333333333,4.229166666666667,3.3666666666666667,1.927941475598607,1.7375114907693578,13.680000000000001,11.8,15.735833333333336,12.808333333333334,21.070833333333333,21.070833333333333,8.220833333333333,6.7125,4.689081770157375,5.8387073459989605,42.86,31.880000000000003,58.25,52.533333333333324,73.08333333333333,63.75,40.583333333333336,40.583333333333336,13.881567514753748,9.420648125851589,79.2,68.2,13.416666666666668,10.969166666666666,16.337500000000002,12.441666666666668,10.533333333333331,9.095833333333331,2.725552632545881,1.3641637395611046,16.34,14.680000000000001,71.55,68.26666666666668,82.29166666666667,90.125,60.833333333333336,53.625,8.42416126718592,13.873047910727237,82.0,81.6,963.0216666666668,746.3699999999999,1345.8375,1094.6083333333331,628.3083333333333,477.45,303.6620655095297,241.4564235867818,1119.06,905.9,12.68213888888889,9.904157407407407,16.175532407407406,11.79673611111111,9.23523148148148,7.461180555555555,3.174640597004582,1.8063556193933659,15.653666666666666,13.620666666666668,10.321681642619813,7.706611417059671,14.279871209866934,11.067758355659704,6.542861378815291,4.604417403745952,3.330154203975207,2.5224159966287854,12.28463647483908,10.062456154415765,,,,,,,,,,,5.0,5.0,2.0,0.0,265.0,79.0,91.0,91.0,-174.0,12.0,-4.616666666666671,-4.008333333333333,-0.6558333333333337,-0.3533333333333335,-2.927500000000002,-5.716666666666676,-2.4475000000000016,-3.2833333333333172,-216.65166666666687,-2.7779814814814827,-2.6150702255601423,,-186.0,186.0,5,2,avg,home_minus_away
MLS-MAT-00097P,Chattanooga,Huntsville,Finley Stadium,325,539,80.92307692307692,89.23933209647495,13,19,2,3,0,0,8,13,3,6,,,0.9906,1.5187,0,2,263,481,0,0,18,11,6,3,457,670,ASA,-8.316255173398034,-5,-3,,-0.5280999999999999,-214,-6,-1,0,2025-10-19,MLS-STA-00002S,44.391666666666666,43.391666666666666,56.0,56.0,39.333333333333336,38.25,6.8544896073871024,7.474005879639706,64.0,60.8,36.71666666666666,36.30833333333333,43.66666666666666,43.66666666666666,31.125,32.375,4.9699967862721515,4.942077695103992,58.6,58.0,5.276666666666666,5.575833333333334,12.275,12.275,2.075,2.1625,4.447221940280372,4.236210677336264,9.14,9.2,5.340000000000001,5.634166666666667,12.404166666666669,12.404166666666669,2.095833333333333,2.220833333333333,4.474861884895319,4.26861670118865,9.22,9.24,4.595833333333333,5.1225000000000005,8.225,8.225,2.520833333333333,3.3666666666666667,2.5524242969511683,2.104215345971562,11.459999999999999,13.459999999999999,87.53333333333333,86.96666666666667,96.25,96.25,81.79166666666667,83.16666666666667,5.446982472484706,5.386647586599879,123.2,121.8,20.794999999999998,20.383333333333333,21.77083333333333,21.325,19.78333333333333,19.78333333333333,0.7986392507119702,0.6152926697470451,27.6,27.02,59.791666666666664,60.608333333333334,72.75,72.75,52.29166666666666,51.708333333333336,7.854746883962026,7.662396908858803,81.2,79.8,1184.1074999999998,1184.0375,1504.4833333333331,1504.4833333333331,1053.975,1032.0125,182.30258899183244,185.91054713613835,1352.94,1351.6200000000001,20.47995076736971,20.069670898710005,21.49797693564409,21.49797693564409,19.416282784844817,19.416282784844817,0.9141968559171804,0.8506002229274047,27.37390035936001,26.900288111791987,15.412356334959654,15.191198467977468,17.7178990496193,17.7178990496193,14.300798064332502,14.19659195579933,1.3441155520270875,1.454566507035805,18.60594468853009,18.194335157370784,,,,,,,,,,,5.0,5.0,2.0,0.0,190.0,206.0,209.0,209.0,19.0,3.0,-1.0,-0.40833333333333144,0.29916666666666725,0.29416666666666647,0.5266666666666673,-0.5666666666666629,-0.4116666666666653,0.81666666666667,-0.06999999999993634,-0.4102798686597069,-0.22115786698218542,,16.0,-16.0,5,2,avg,home_minus_away
MLS-MAT-00097M,RBNY II,Carolina Core FC,MSU Soccer Park,597,263,89.27973199329983,74.52471482889734,10,17,2,4,0,0,18,5,8,2,,,3.6335,0.7308,5,1,533,196,0,0,17,10,2,8,749,391,ASA,14.755017164402489,13,6,,2.9027000000000003,334,-7,-2,0,2025-10-19,MLS-STA-000014,34.875,35.00833333333333,43.125,47.208333333333336,26.625,24.916666666666668,11.667261889578034,9.147963874849724,43.0,43.6,34.49999999999999,33.69166666666666,40.29166666666666,49.25,28.70833333333333,24.58333333333333,8.190653548744173,9.343818515170577,57.5,49.4,7.66875,6.8,10.458333333333334,12.420833333333334,4.879166666666666,3.1125000000000003,3.945066583369947,3.8348117620034494,19.6,14.779999999999998,7.795833333333333,6.918333333333334,10.629166666666666,12.570833333333333,4.9625,3.15,4.006938426723769,3.84703687379434,19.8,15.02,23.18958333333333,21.956666666666667,29.14583333333333,41.54583333333333,17.233333333333334,10.858333333333334,8.423409530884744,11.686386087737587,55.2,44.28,45.10416666666666,46.766666666666666,50.29166666666666,58.583333333333336,39.91666666666666,28.625,7.33623285481043,11.131029888958562,74.0,68.2,12.372916666666667,13.058333333333334,12.958333333333334,15.641666666666666,11.7875,11.275,0.82790418963925,1.8723569334160377,18.65,17.78,56.27083333333333,63.175,63.375,81.29166666666667,49.16666666666666,49.91666666666666,10.04680884935887,13.123458904233715,76.0,81.2,655.3666666666667,809.3041666666666,757.75,1149.5666666666666,552.9833333333333,536.9,144.79189856096536,278.5077486049286,820.3,958.82,11.135057870370371,12.069291666666667,11.96451388888889,15.023888888888886,10.305601851851852,9.761435185185189,1.1730279507808783,2.3306209662392,17.4975,16.782222222222217,7.6184300183058555,9.044464636479718,8.809957279803678,12.180809758990677,6.426902756808033,6.071606369068017,1.6850740131474937,2.9174487274491083,10.687863417561541,11.265021739143616,,,,,,,,,,,2.0,5.0,2.0,0.0,,4.0,5.0,5.0,,1.0,0.13333333333333286,-0.80833333333333,-0.8687500000000004,-0.8774999999999995,-1.2329166666666644,1.6625000000000085,0.6854166666666668,6.904166666666669,153.9374999999999,0.9342337962962954,1.4260346181738628,,,,5,2,avg,home_minus_away
MLS-MAT-00097I,St Louis CITY2,Ventura County,Energizer Park,454,414,77.7533039647577,72.94685990338164,8,15,1,1,0,0,25,13,17,2,,,4.2869,1.1399,3,0,353,302,0,0,14,7,2,17,606,546,ASA,4.8064440613760695,12,15,,3.1470000000000002,40,-7,0,0,2025-10-19,MLS-STA-00000U,41.21666666666667,48.666666666666664,50.458333333333336,57.16666666666666,33.208333333333336,41.458333333333336,7.766134638429999,6.305999127814715,49.6,53.8,31.225,36.45833333333333,33.083333333333336,41.75,29.166666666666668,29.166666666666668,1.5073892072793347,5.179754927707594,41.8,55.2,5.416666666666667,9.163333333333334,7.470833333333334,14.383333333333333,3.95,4.979166666666667,1.359856635621728,3.501785754757452,9.64,14.24,6.744166666666667,9.286666666666665,8.387500000000001,14.508333333333333,4.979166666666667,4.979166666666667,1.4411806743469437,3.539924081106825,11.24,14.34,8.139166666666666,11.339166666666667,9.954166666666667,16.783333333333335,3.5416666666666665,7.745833333333334,2.6555866818840617,4.128067672450796,17.74,20.8,74.21666666666667,75.08333333333334,85.29166666666667,85.29166666666667,61.91666666666666,67.875,10.698049536662698,6.3995985117123695,101.0,117.2,17.354166666666668,21.2825,21.6625,21.6625,14.195833333333333,20.604166666666668,3.5572500302590173,0.47495796597640544,21.44,26.28,76.08333333333333,68.51666666666667,83.45833333333333,79.70833333333333,63.75,62.04166666666666,7.467638515621922,6.894265934657417,91.8,86.0,1277.1158333333333,1419.6799999999998,1635.1541666666665,1635.1541666666665,1023.8625,1245.9708333333333,231.72048324630853,143.12347319661126,1565.58,1620.2,17.134963793862887,21.27501353947188,21.56491156190704,21.71393759026629,13.645625,20.74648883207556,3.8006922807028554,0.4623383734609381,21.225686608264887,26.50430974469334,14.397225122072598,17.122340900319884,18.04549441687283,18.04549441687283,11.342675608154217,15.901384392144294,2.9231718744124287,0.8015604763722147,17.05397335870392,19.521173730365028,,,,,,,,,,,5.0,5.0,2.0,0.0,25.0,152.0,142.0,142.0,117.0,-10.0,7.449999999999996,5.233333333333327,3.746666666666667,2.5424999999999986,3.200000000000001,0.8666666666666742,3.928333333333331,-7.566666666666663,142.56416666666655,4.140049745608991,2.725115778247286,,127.0,-127.0,5,2,avg,home_minus_away
MLS-MAT-00097L,Real Monarchs,MNUFC2,Zions Bank Stadium,359,409,80.50139275766017,82.88508557457213,14,16,2,4,1,0,9,15,1,5,,,0.6406,2.5858,1,2,289,339,0,0,16,14,7,2,486,540,ASA,-2.38369281691196,-6,-4,,-1.9451999999999998,-50,-2,-2,1,2025-10-19,MLS-STA-00001I,37.74166666666667,45.733333333333334,51.958333333333336,51.583333333333336,20.375,36.54166666666666,14.5572206691769,6.079736379518813,42.2,50.8,33.266666666666666,39.291666666666664,44.75,44.91666666666666,23.45833333333333,31.58333333333333,9.260954474446887,5.875664855997149,46.0,55.2,7.804166666666667,8.776666666666667,11.9625,12.254166666666668,3.283333333333333,6.375,3.491998542302737,2.384465057641045,13.419999999999998,16.06,13.9,19.190833333333334,28.21666666666667,34.5625,3.35,10.616666666666667,11.182517124337934,9.809582191805,27.119999999999997,38.56,15.503333333333334,19.101666666666667,23.516666666666666,26.491666666666664,7.554166666666667,11.433333333333332,6.7749112079052365,6.808150114833772,33.1,51.9,56.7,65.3,66.91666666666667,72.66666666666667,34.416666666666664,59.54166666666666,13.61749283499393,5.449690995317484,80.4,102.8,10.913333333333334,10.516666666666666,15.541666666666666,14.220833333333331,8.700000000000001,8.333333333333334,2.6955763659084937,2.2486782383089943,14.24,14.719999999999999,72.5,74.10833333333333,81.0,84.125,58.29166666666666,64.375,9.706321322267838,8.54347541824884,90.2,95.2,774.3183333333334,719.8466666666666,1247.325,851.1791666666667,527.9875000000001,617.9083333333333,296.79305290927607,116.24146426996268,934.4199999999998,882.36,9.95327777777778,9.558939814814815,15.257685185185188,13.451180555555554,7.380439814814815,7.338310185185186,3.0972460419989365,2.353980127902166,13.281,13.584444444444443,8.022478894701136,7.671741558049655,13.307424576695151,10.17897355695055,5.363459866316114,6.410057325714415,3.2021363645007637,1.6512584367871068,9.990616851615567,9.403501710849383,,,,,,,,,,,5.0,5.0,2.0,0.0,257.0,1302.0,1509.0,1509.0,1252.0,207.0,7.991666666666667,6.024999999999999,0.9725000000000001,5.2908333333333335,3.5983333333333327,8.599999999999994,-0.3966666666666683,1.6083333333333343,-54.471666666666806,-0.39433796296296464,-0.35073733665148055,,1045.0,-1045.0,5,2,avg,home_minus_away
MLS-MAT-00097J,Town FC,North Texas SC,PayPal Park,382,458,85.07853403141361,84.27947598253274,14,19,0,3,0,0,22,3,7,1,,,,,3,0,325,386,0,0,18,14,1,8,544,609,,0.7990580488808661,19,6,,,-76,-5,-3,0,2025-10-19,MLS-STA-00000Q,61.616666666666674,55.18333333333334,68.66666666666667,70.625,55.375,38.583333333333336,5.100840753139517,11.838562518312767,90.4,60.0,48.03333333333333,40.358333333333334,51.41666666666666,51.083333333333336,40.833333333333336,33.875,4.2887732965136856,7.218117156002516,74.2,51.2,12.133333333333333,14.030833333333334,17.070833333333333,20.729166666666668,6.341666666666666,9.4875,4.4751202652989,5.360092861705953,20.82,22.6,12.442499999999999,15.293333333333333,18.1625,22.2375,6.341666666666666,10.475,4.847923739430453,5.553885026617752,21.240000000000002,24.119999999999997,21.163333333333334,23.45916666666667,33.358333333333334,33.00833333333333,10.933333333333332,13.9375,10.893414486131823,7.210633905520681,44.18,42.3,82.36666666666666,51.2,103.875,54.79166666666666,51.333333333333336,47.0,23.90222415266923,3.32817308911527,143.2,99.8,22.3125,14.977500000000001,25.541666666666668,17.904166666666665,17.479166666666668,12.745833333333332,3.4530670244001915,1.9138942811567314,27.78,19.64,54.225,79.8,70.20833333333333,86.66666666666667,44.625,75.16666666666667,10.65745044558031,4.658791718651711,76.0,95.2,1136.4191666666668,1153.8725,1185.2666666666669,1288.9125,1061.8,964.825,51.438881242424365,122.66292721032531,1384.6200000000001,1310.28,21.876762758698213,14.614472222222224,25.10902453252872,17.712824074074074,17.115856481481483,12.09849537037037,3.3993210890961,2.067989924396871,26.897571067560932,19.210555555555555,15.891816074621483,12.575140228783326,17.82866858239422,14.765742726506607,13.777567189917692,10.24418328665968,1.6228204139888696,1.6628465003845767,18.092008153408266,14.666796305440391,,,,,,,,,,,5.0,5.0,2.0,0.0,219.0,17.0,33.0,33.0,-186.0,16.0,-6.433333333333337,-7.674999999999997,1.8975000000000009,2.850833333333334,2.2958333333333343,-31.166666666666657,-7.334999999999999,25.574999999999996,17.45333333333315,-7.262290536475989,-3.316675845838157,,-202.0,202.0,5,2,avg,home_minus_away
MLS-MAT-00097T,Philadelphia Union II,Huntsville,Subaru Park,218,525,64.22018348623853,83.80952380952381,25,17,2,4,0,0,13,2,3,0,,,1.4892,0.053,1,0,140,440,0,0,17,24,0,4,363,675,ASA,-19.589340323285285,11,3,,1.4362000000000001,-307,8,-2,0,2025-10-25,MLS-STA-000002,39.733333333333334,46.86666666666666,52.25,52.79166666666666,28.33333333333333,35.916666666666664,10.410231345492122,6.938307010119015,46.2,53.6,28.53333333333333,32.24166666666666,33.0,35.916666666666664,24.166666666666668,28.125,3.5120576036151667,3.786787153306144,39.6,43.2,5.2283333333333335,9.000833333333333,11.0875,11.120833333333332,1.6208333333333331,4.770833333333333,4.221526761071692,2.630382048718821,9.7,16.880000000000003,5.286666666666666,9.101666666666667,11.158333333333331,11.233333333333334,1.6791666666666665,4.983333333333333,4.223540387255433,2.583302419169867,9.74,16.98,8.444166666666666,14.285,16.079166666666666,17.349999999999998,3.545833333333333,8.85,5.668068607216317,3.489043614978497,16.22,30.54,58.425,53.11666666666666,80.625,67.20833333333333,36.083333333333336,36.083333333333336,17.666873033385894,12.345904347866403,82.2,78.2,13.555833333333334,12.992500000000001,15.991666666666667,14.716666666666669,10.333333333333334,10.333333333333334,2.3669079982589567,1.8556043115683671,18.12,17.0,57.83333333333333,63.275,64.20833333333333,68.70833333333333,49.41666666666666,56.833333333333336,5.907783824939961,4.961711034400216,80.2,84.0,753.1633333333333,797.8916666666667,1019.175,1004.6833333333334,631.7416666666667,631.7416666666667,158.19473976474725,154.98547974662554,939.86,1090.3600000000001,12.477064814814815,11.99948611111111,15.283773148148148,14.037939814814814,9.09877314814815,9.09877314814815,2.556833084956688,2.0858243127213565,17.143555555555558,16.07677777777778,8.856065585264062,8.966278969104367,11.767340233990211,11.193702743757507,6.625965241541191,6.625965241541191,2.041117892058951,1.9158306283192565,11.585947990128323,11.872652680677893,,,,,,,,,,,5.0,5.0,2.0,0.0,190.0,10.0,8.0,8.0,-182.0,-2.0,7.133333333333326,3.7083333333333286,3.772499999999999,3.8150000000000004,5.840833333333334,-5.308333333333337,-0.5633333333333326,5.44166666666667,44.72833333333335,-0.4775787037037045,0.11021338384030521,,-180.0,180.0,5,2,avg,home_minus_away
MLS-MAT-00097Q,St Louis CITY2,MNUFC2,Energizer Park,443,352,71.10609480812641,66.76136363636364,14,16,1,2,0,0,17,12,5,7,,,1.4238,0.8592,0,2,315,235,0,0,15,14,7,5,602,508,ASA,4.344731171762774,5,-2,,0.5646,91,-2,-1,0,2025-10-26,MLS-STA-00000U,30.725,31.633333333333333,43.25,43.25,26.08333333333333,25.45833333333333,7.241949553354632,6.962660829979682,37.8,39.0,26.816666666666663,28.55,37.16666666666666,37.16666666666666,20.45833333333333,21.541666666666668,7.707466167439348,6.864347808301476,42.6,47.0,5.266666666666667,4.279166666666667,8.6625,7.083333333333333,2.6833333333333336,1.9958333333333331,2.499814229208954,2.2350797742412287,12.08,10.879999999999999,5.4225,4.431666666666667,8.941666666666666,7.304166666666667,2.7375000000000003,2.129166666666667,2.591071408060123,2.284995213342908,12.440000000000001,11.260000000000002,13.9625,14.109166666666667,26.625,26.625,5.404166666666666,4.991666666666666,9.354783758412948,9.246280408298729,34.2,37.88,47.6,52.23333333333333,56.79166666666666,65.0,35.208333333333336,37.875,10.200660381672463,11.767886799346018,69.0,79.0,9.190833333333334,12.670833333333333,13.408333333333331,14.608333333333334,5.716666666666666,11.079166666666666,3.3257027244044393,1.3648616128466005,12.1,16.759999999999998,61.09166666666666,52.533333333333324,69.83333333333333,59.375,50.458333333333336,47.41666666666666,8.05252936453302,5.679703141694799,75.2,70.2,521.2116666666667,628.6658333333332,676.7666666666667,676.7666666666667,362.3416666666667,559.3000000000001,136.09442428395278,50.333616548596105,616.3399999999999,752.8399999999999,7.760643518518519,11.365175925925927,12.12224537037037,13.36826388888889,4.131412037037037,9.79298611111111,3.487449850135208,1.3931096341265934,10.649111111111113,15.593444444444444,5.271330307726311,7.509234322960333,8.081012793033368,8.696440634645265,2.7855585976362227,6.673349452866531,2.371896072370155,0.8747307531056812,6.939685630137831,9.957371620306585,,,,,,,,,,,5.0,5.0,2.0,0.0,257.0,152.0,142.0,142.0,-115.0,-10.0,0.9083333333333314,1.7333333333333378,-0.9874999999999998,-0.9908333333333337,0.1466666666666665,4.633333333333326,3.4799999999999986,-8.558333333333337,107.45416666666654,3.604532407407408,2.2379040152340224,,-105.0,105.0,5,2,avg,home_minus_away
MLS-MAT-00097S,RBNY II,Chicago Fire FC II,MSU Soccer Park,627,389,81.81818181818181,70.4370179948586,18,17,2,2,0,0,24,12,8,9,,,3.3285,1.8762,5,3,513,274,0,0,16,17,9,8,816,584,ASA,11.381163823323206,12,-1,,1.4523,238,1,0,0,2025-10-26,MLS-STA-000014,35.95833333333333,47.5,49.66666666666666,54.5,25.95833333333333,38.125,12.359312447165765,6.748135030427957,39.8,52.6,26.791666666666664,36.71666666666667,35.333333333333336,39.208333333333336,19.45833333333333,33.833333333333336,6.571785758494842,2.2788276713160114,37.0,54.2,6.460833333333333,9.746666666666666,9.991666666666667,13.2625,3.658333333333333,8.233333333333333,2.998505993731619,2.0674507081320113,11.74,19.96,6.555833333333334,9.905,10.058333333333334,13.470833333333331,3.704166666666667,8.366666666666667,3.0124057730768388,2.0787687494978577,11.9,20.4,12.992500000000001,24.292499999999997,23.354166666666668,27.575,5.9750000000000005,20.841666666666665,7.0488587531757405,2.5552886334032796,25.3,49.9,46.625,42.18333333333333,55.41666666666666,57.04166666666666,34.333333333333336,32.625,11.184609341014596,10.738834640893042,67.2,69.2,9.629999999999999,11.966666666666665,10.666666666666666,14.095833333333331,7.829166666666667,10.1625,1.2434390314768147,1.8602381866608133,12.78,16.32,64.7,64.86666666666666,69.54166666666667,69.08333333333333,60.79166666666666,59.66666666666666,3.2154142639617858,4.548294094126576,80.6,85.8,599.7233333333334,733.5916666666667,708.9250000000001,918.8875,457.1166666666666,625.5166666666667,96.1047062904859,126.7209533819947,725.42,902.7,8.337944444444444,10.91262962962963,9.47087962962963,13.133078703703704,6.254976851851851,9.012037037037038,1.4305664750721934,2.0136048750481432,11.492222222222221,15.09377777777778,6.0596591682534795,8.144466360446696,7.182215994073648,10.245979729389529,4.092004058376917,6.746993326629073,1.331460101345212,1.6423752271641432,7.8149551524273475,10.046689618458846,,,,,,,,,,,5.0,5.0,2.0,0.0,265.0,4.0,5.0,5.0,-260.0,1.0,11.541666666666671,9.925000000000004,3.2858333333333327,3.3491666666666653,11.299999999999995,-4.44166666666667,2.336666666666666,0.1666666666666572,133.86833333333334,2.574685185185185,2.0848071921932165,,-261.0,261.0,5,2,avg,home_minus_away
MLS-MAT-00097R,Town FC,Colorado Rapids 2,PayPal Park,544,497,83.08823529411765,79.27565392354124,16,19,3,6,0,0,19,13,5,5,,,,,2,4,452,394,1,0,19,16,8,5,773,730,,3.8125813705764102,6,0,,,47,-3,-3,0,2025-10-26,MLS-STA-00000Q,44.33333333333333,54.64999999999999,60.04166666666666,63.54166666666666,31.875,44.41666666666666,12.94697385277519,7.903311102878902,51.0,58.4,40.95833333333333,35.516666666666666,47.458333333333336,45.29166666666666,37.41666666666666,31.416666666666668,3.9093459953182874,5.652141310060184,53.6,44.8,8.785833333333333,11.5925,13.283333333333331,16.8,5.183333333333334,7.837499999999999,4.003730465314678,3.3354399593190442,14.9,16.6,10.014166666666666,13.921666666666667,15.729166666666666,18.354166666666668,5.445833333333333,9.0125,4.726455353468743,3.555921557768114,16.3,19.72,24.639999999999997,17.43583333333333,29.079166666666666,34.229166666666664,22.679166666666664,9.9625,2.7054786237065955,9.620790295125332,48.52,33.22,50.4,49.80833333333333,60.66666666666666,58.75,39.25,38.66666666666666,8.86348039554566,7.777594243866305,95.6,84.2,12.453333333333333,15.75,15.229166666666666,18.120833333333334,10.179166666666667,14.658333333333331,2.3193524599192186,1.380846157655194,20.2,20.44,59.61666666666666,81.89166666666667,89.0,87.70833333333333,40.375,68.375,23.25833184043946,7.837465665350984,81.2,97.0,687.8891666666666,1251.9775000000002,1290.625,1355.3291666666669,275.9208333333333,1194.3458333333333,500.451164598075,61.804623880306224,814.26,1378.8,11.31087962962963,15.518837962962966,14.910671296296297,17.773819444444445,8.346041666666666,14.414398148148146,3.142103239112171,1.3327130728190815,19.184222222222225,20.137555555555558,7.850500913269481,13.558711002221736,13.378315946042852,14.188296686516845,3.682968887788574,12.932252021471028,4.843359731300732,0.5797784255739031,11.252872127928642,15.559150241020603,,,,,,,,,,,5.0,5.0,2.0,0.0,1597.0,17.0,33.0,33.0,-1564.0,16.0,10.316666666666663,-5.441666666666663,2.8066666666666666,3.9075000000000006,-7.204166666666666,-0.5916666666666686,3.296666666666667,22.275000000000006,564.0883333333336,4.207958333333336,5.708210088952256,,-1580.0,1580.0,5,2,avg,home_minus_away
MLS-MAT-00097V,RBNY II,Philadelphia Union II,Sports Illustrated Stadium,520,219,83.46153846153847,60.730593607305934,15,19,1,2,0,0,12,14,4,3,,,1.9675,1.8036,2,1,434,133,0,0,19,15,5,4,726,400,ASA,22.730944854232533,-2,1,,0.16389999999999993,301,-4,-1,0,2025-11-01,MLS-STA-00000B,40.224999999999994,36.65,62.66666666666666,54.04166666666666,30.25,28.916666666666668,13.856957738904224,10.556256372934063,45.8,41.4,32.99166666666666,33.108333333333334,42.083333333333336,41.25,28.0,28.0,5.41758005119547,4.967743171926485,47.8,48.8,6.850833333333334,5.963333333333333,11.2125,7.433333333333334,4.595833333333333,4.595833333333333,2.5796267091060545,1.0523675358711686,12.76,10.62,7.230833333333334,6.354166666666666,11.375,7.554166666666667,5.495833333333334,5.495833333333334,2.3908636863415413,0.7792613578825069,13.419999999999998,11.18,20.705833333333334,20.820833333333333,32.59166666666667,31.308333333333334,13.079166666666666,13.079166666666666,7.2435499325261805,6.640941904203047,38.660000000000004,40.72,43.58333333333333,43.59166666666666,56.41666666666666,56.41666666666666,33.125,35.416666666666664,10.151029641261898,9.88727261292123,64.6,65.6,11.073333333333334,10.595833333333335,13.183333333333332,13.716666666666669,9.4875,8.733333333333333,1.3818095271941213,2.046838687124883,14.319999999999999,13.62,70.06666666666666,74.29166666666666,96.08333333333331,94.08333333333331,55.375,67.375,15.471035886096594,11.281860748318262,85.4,90.4,780.1483333333333,784.8166666666667,1272.1125,1295.9,554.1458333333334,541.0291666666667,291.00268641968273,299.41048753075233,1053.6799999999998,1014.8,10.065740740740742,9.650810185185186,13.066064814814816,13.60050925925926,8.12375,7.421458333333334,1.8868049562623728,2.502001319196781,13.604,12.881,8.00186017860221,7.949703517124206,12.728518900928902,13.041095640479456,5.727049588018709,5.420751186250855,2.837377880392048,3.0329674164928426,10.967461002903239,10.518208814984444,,,,,,,,,,,5.0,5.0,2.0,0.0,10.0,4.0,12.0,12.0,2.0,8.0,-3.5749999999999957,0.11666666666667425,-0.8875000000000011,-0.8766666666666678,0.11499999999999844,0.00833333333333286,-0.47749999999999915,4.224999999999994,4.668333333333408,-0.41493055555555536,-0.05215666147800313,,-6.0,6.0,5,2,avg,home_minus_away
MLS-MAT-00097U,Colorado Rapids 2,MNUFC2,DICK'S Sporting Goods Park,360,409,78.05555555555556,80.68459657701712,18,15,2,2,0,0,10,15,4,5,,,,,2,1,281,330,0,0,14,16,6,4,501,549,,-2.6290410214615605,-5,-1,,,-49,3,0,0,2025-11-02,MLS-STA-00000J,42.0,34.69166666666666,56.75,39.958333333333336,32.791666666666664,31.83333333333333,9.693031574853716,3.3364048348817406,47.4,40.2,38.641666666666666,39.13333333333333,49.66666666666666,44.375,29.0,28.416666666666668,8.073264777440823,6.28389420573651,53.4,51.6,9.280833333333334,6.135833333333333,14.529166666666669,7.691666666666666,6.091666666666666,4.0875,3.322756135098292,1.4658336886488106,15.76,10.9,9.450833333333332,6.654166666666667,14.558333333333332,8.258333333333333,6.295833333333333,4.8375,3.335095107339518,1.3674096049749602,15.959999999999999,11.28,26.376666666666665,24.695,42.50416666666667,30.916666666666668,15.625,10.95,10.082963836205222,8.191155036582652,48.44,45.4,37.541666666666664,49.791666666666664,46.54166666666666,68.83333333333333,24.95833333333333,38.583333333333336,8.441639930855983,11.441199310678343,74.8,91.0,6.864166666666667,5.199166666666666,8.762500000000001,6.508333333333333,3.725,3.4625,1.993236393267102,1.3110024525360566,11.74,12.32,67.08333333333334,45.95833333333333,79.41666666666667,56.708333333333336,46.625,37.79166666666666,14.809965207401552,7.285592708291563,90.4,72.2,414.62666666666667,162.82083333333333,653.2708333333334,268.2291666666667,128.10416666666666,119.21666666666664,249.5064792912868,61.32892618903418,544.24,338.21999999999997,5.357759259259259,2.9746620370370374,7.621087962962963,4.445208333333333,1.625069444444445,1.3450231481481485,2.4359079227804865,1.4074001874510227,10.165444444444447,10.229,3.6731270132932217,0.3752708319447966,6.320546044774908,1.584189923795023,0.0327551419667406,-0.7635781924083037,2.8870602307661253,0.9682455407459575,6.0083758531408415,4.321748874062276,,,,,,,,,,,5.0,5.0,2.0,0.0,257.0,1597.0,1572.0,1572.0,1315.0,-25.0,-7.308333333333337,0.49166666666666714,-3.1450000000000005,-2.796666666666665,-1.6816666666666649,12.25,-1.665000000000001,-21.125000000000014,-251.80583333333334,-2.3830972222222218,-3.297856181348425,,1340.0,-1340.0,5,2,avg,home_minus_away
MLS-MAT-00097W,RBNY II,Colorado Rapids 2,Sports Illustrated Stadium,835,308,88.1437125748503,67.20779220779221,22,13,3,1,0,0,32,13,10,7,,,,,3,3,736,207,0,0,13,22,7,10,1071,563,,20.93592036705809,19,3,,,527,9,2,0,2025-11-08,MLS-STA-00000B,37.13333333333333,45.825,50.125,62.04166666666666,30.416666666666668,35.208333333333336,7.535759657201862,10.601993064723459,45.6,57.0,39.166666666666664,38.70833333333333,43.708333333333336,48.5,27.041666666666668,27.041666666666668,6.941409058845487,8.858013870062644,54.2,55.6,6.790000000000001,8.781666666666666,13.279166666666669,14.254166666666668,3.4125,3.4125,3.7839798456416536,5.007547775330979,15.180000000000001,19.1,6.995,9.138333333333332,13.675,15.354166666666666,3.483333333333334,3.483333333333334,3.9008094334523844,5.361461794086053,15.459999999999999,19.48,25.734166666666663,27.306666666666665,33.704166666666666,41.645833333333336,12.6375,12.6375,8.100568717174534,11.79453425084876,50.06,52.36,46.90833333333334,47.04166666666667,58.25,58.25,34.625,33.5,8.97098912235063,10.687357861303026,87.4,76.8,9.303333333333335,10.384166666666667,10.404166666666669,11.325,7.783333333333334,9.225,1.1228428392551957,1.0427053155134482,16.919999999999998,15.38,49.28333333333334,60.5,62.5,77.625,38.208333333333336,47.958333333333336,9.849888958764968,10.979146900677968,74.4,79.6,377.47249999999997,593.3358333333333,491.6166666666666,834.3583333333332,274.55833333333334,503.05,105.2835837568258,140.03615628105555,634.1800000000001,900.0600000000001,7.576064814814815,9.057861111111112,8.577222222222224,10.407013888888889,5.926041666666667,7.7275,1.0764980712995142,1.2331705932003723,15.586666666666668,14.231,4.025463966393017,6.308807553864133,4.965524070210575,8.766236170664389,2.9293453462246912,4.969324229916426,0.830870477840806,1.5388194885173658,8.650759628701113,9.8124771435144,,,,,,,,,,,5.0,5.0,2.0,0.0,1597.0,4.0,12.0,12.0,-1585.0,8.0,8.69166666666667,-0.4583333333333357,1.9916666666666654,2.1433333333333318,1.5725000000000016,0.13333333333333286,1.0808333333333326,11.216666666666661,215.86333333333334,1.481796296296297,2.2833435874711157,,-1593.0,1593.0,5,2,avg,home_minus_away
